panel,profile,structure,q,epoch,n,empirical_mean,empirical_sd,theory_mean,theory_sd,observable_mean,observable_sd,structure_count
a,hypergraph,1-hop hyperedges,1,1,10,0.5463320463320464,0.0,0.5463320463320464,0.0,,,
a,hypergraph,1-hop hyperedges,1,2,10,0.5463320463320464,0.0,0.5463320463320464,0.0,,,
a,hypergraph,1-hop hyperedges,1,3,10,0.5463320463320464,0.0,0.5463320463320464,0.0,,,
a,hypergraph,1-hop hyperedges,1,4,10,0.5463320463320464,0.0,0.5463320463320464,0.0,,,
a,hypergraph,1-hop hyperedges,1,5,10,0.5463320463320464,0.0,0.5463320463320464,0.0,,,
a,hypergraph,1-hop hyperedges,1,6,10,0.5463320463320464,0.0,0.5463320463320464,0.0,,,
a,hypergraph,1-hop hyperedges,1,7,10,0.5463320463320464,0.0,0.5463320463320464,0.0,,,
a,hypergraph,1-hop hyperedges,1,8,10,0.5463320463320464,0.0,0.5463320463320464,0.0,,,
a,hypergraph,1-hop hyperedges,1,9,10,0.5463320463320464,0.0,0.5463320463320464,0.0,,,
a,hypergraph,1-hop hyperedges,1,10,10,0.5463320463320464,0.0,0.5463320463320464,0.0,,,
a,hypergraph,1-hop hyperedges,1,11,10,0.5463320463320464,0.0,0.5463320463320464,0.0,,,
a,hypergraph,1-hop hyperedges,1,12,10,0.5463320463320464,0.0,0.5463320463320464,0.0,,,
a,hypergraph,1-hop hyperedges,1,13,10,0.5463320463320464,0.0,0.5463320463320464,0.0,,,
a,hypergraph,1-hop hyperedges,1,14,10,0.5463320463320464,0.0,0.5463320463320464,0.0,,,
a,hypergraph,1-hop hyperedges,1,15,10,0.5463320463320464,0.0,0.5463320463320464,0.0,,,
a,hypergraph,1-hop hyperedges,1,16,10,0.5463320463320464,0.0,0.5463320463320464,0.0,,,
a,hypergraph,1-hop hyperedges,1,17,10,0.5463320463320464,0.0,0.5463320463320464,0.0,,,
a,hypergraph,1-hop hyperedges,1,18,10,0.5463320463320464,0.0,0.5463320463320464,0.0,,,
a,hypergraph,1-hop hyperedges,1,19,10,0.5463320463320464,0.0,0.5463320463320464,0.0,,,
a,hypergraph,1-hop hyperedges,1,20,10,0.5463320463320464,0.0,0.5463320463320464,0.0,,,
a,hypergraph,1-hop hyperedges,1,21,10,0.5463320463320464,0.0,0.5463320463320464,0.0,,,
a,hypergraph,1-hop hyperedges,1,22,10,0.5463320463320464,0.0,0.5463320463320464,0.0,,,
a,hypergraph,1-hop hyperedges,1,23,10,0.5463320463320464,0.0,0.5463320463320464,0.0,,,
a,hypergraph,1-hop hyperedges,1,24,10,0.5463320463320464,0.0,0.5463320463320464,0.0,,,
a,hypergraph,1-hop hyperedges,1,25,10,0.5463320463320464,0.0,0.5463320463320464,0.0,,,
a,hypergraph,1-hop hyperedges,1,26,10,0.5463320463320464,0.0,0.5463320463320464,0.0,,,
a,hypergraph,1-hop hyperedges,1,27,10,0.5463320463320464,0.0,0.5463320463320464,0.0,,,
a,hypergraph,1-hop hyperedges,1,28,10,0.5463320463320464,0.0,0.5463320463320464,0.0,,,
a,hypergraph,1-hop hyperedges,1,29,10,0.5463320463320464,0.0,0.5463320463320464,0.0,,,
a,hypergraph,1-hop hyperedges,1,30,10,0.5463320463320464,0.0,0.5463320463320464,0.0,,,
a,hypergraph,1-hop hyperedges,1,31,10,0.5463320463320464,0.0,0.5463320463320464,0.0,,,
a,hypergraph,1-hop hyperedges,1,32,10,0.5463320463320464,0.0,0.5463320463320464,0.0,,,
a,hypergraph,1-hop hyperedges,1,33,10,0.5463320463320464,0.0,0.5463320463320464,0.0,,,
a,hypergraph,1-hop hyperedges,1,34,10,0.5463320463320464,0.0,0.5463320463320464,0.0,,,
a,hypergraph,1-hop hyperedges,1,35,10,0.5463320463320464,0.0,0.5463320463320464,0.0,,,
a,hypergraph,1-hop hyperedges,1,36,10,0.5463320463320464,0.0,0.5463320463320464,0.0,,,
a,hypergraph,1-hop hyperedges,1,37,10,0.5463320463320464,0.0,0.5463320463320464,0.0,,,
a,hypergraph,1-hop hyperedges,1,38,10,0.5463320463320464,0.0,0.5463320463320464,0.0,,,
a,hypergraph,1-hop hyperedges,1,39,10,0.5463320463320464,0.0,0.5463320463320464,0.0,,,
a,hypergraph,1-hop hyperedges,1,40,10,0.5463320463320464,0.0,0.5463320463320464,0.0,,,
a,hypergraph,1-hop hyperedges,1,41,10,0.5463320463320464,0.0,0.5463320463320464,0.0,,,
a,hypergraph,1-hop hyperedges,1,42,10,0.5463320463320464,0.0,0.5463320463320464,0.0,,,
a,hypergraph,1-hop hyperedges,1,43,10,0.5463320463320464,0.0,0.5463320463320464,0.0,,,
a,hypergraph,1-hop hyperedges,1,44,10,0.5463320463320464,0.0,0.5463320463320464,0.0,,,
a,hypergraph,1-hop hyperedges,1,45,10,0.5463320463320464,0.0,0.5463320463320464,0.0,,,
a,hypergraph,1-hop hyperedges,1,46,10,0.5463320463320464,0.0,0.5463320463320464,0.0,,,
a,hypergraph,1-hop hyperedges,1,47,10,0.5463320463320464,0.0,0.5463320463320464,0.0,,,
a,hypergraph,1-hop hyperedges,1,48,10,0.5463320463320464,0.0,0.5463320463320464,0.0,,,
a,hypergraph,1-hop hyperedges,1,49,10,0.5463320463320464,0.0,0.5463320463320464,0.0,,,
a,hypergraph,1-hop hyperedges,1,50,10,0.5463320463320464,0.0,0.5463320463320464,0.0,,,
a,hypergraph,1-hop hyperedges,1,51,10,0.5463320463320464,0.0,0.5463320463320464,0.0,,,
a,hypergraph,1-hop hyperedges,1,52,10,0.5463320463320464,0.0,0.5463320463320464,0.0,,,
a,hypergraph,1-hop hyperedges,1,53,10,0.5463320463320464,0.0,0.5463320463320464,0.0,,,
a,hypergraph,1-hop hyperedges,1,54,10,0.5463320463320464,0.0,0.5463320463320464,0.0,,,
a,hypergraph,1-hop hyperedges,1,55,10,0.5463320463320464,0.0,0.5463320463320464,0.0,,,
a,hypergraph,1-hop hyperedges,1,56,10,0.5463320463320464,0.0,0.5463320463320464,0.0,,,
a,hypergraph,1-hop hyperedges,1,57,10,0.5463320463320464,0.0,0.5463320463320464,0.0,,,
a,hypergraph,1-hop hyperedges,1,58,10,0.5463320463320464,0.0,0.5463320463320464,0.0,,,
a,hypergraph,1-hop hyperedges,1,59,10,0.5463320463320464,0.0,0.5463320463320464,0.0,,,
a,hypergraph,1-hop hyperedges,1,60,10,0.5463320463320464,0.0,0.5463320463320464,0.0,,,
a,hypergraph,1-hop hyperedges,1,61,10,0.5463320463320464,0.0,0.5463320463320464,0.0,,,
a,hypergraph,1-hop hyperedges,1,62,10,0.5463320463320464,0.0,0.5463320463320464,0.0,,,
a,hypergraph,1-hop hyperedges,1,63,10,0.5463320463320464,0.0,0.5463320463320464,0.0,,,
a,hypergraph,1-hop hyperedges,1,64,10,0.5463320463320464,0.0,0.5463320463320464,0.0,,,
a,hypergraph,1-hop hyperedges,1,65,10,0.5463320463320464,0.0,0.5463320463320464,0.0,,,
a,hypergraph,1-hop hyperedges,1,66,10,0.5463320463320464,0.0,0.5463320463320464,0.0,,,
a,hypergraph,1-hop hyperedges,1,67,10,0.5463320463320464,0.0,0.5463320463320464,0.0,,,
a,hypergraph,1-hop hyperedges,1,68,10,0.5463320463320464,0.0,0.5463320463320464,0.0,,,
a,hypergraph,1-hop hyperedges,1,69,10,0.5463320463320464,0.0,0.5463320463320464,0.0,,,
a,hypergraph,1-hop hyperedges,1,70,10,0.5463320463320464,0.0,0.5463320463320464,0.0,,,
a,hypergraph,1-hop hyperedges,1,71,10,0.5463320463320464,0.0,0.5463320463320464,0.0,,,
a,hypergraph,1-hop hyperedges,1,72,10,0.5463320463320464,0.0,0.5463320463320464,0.0,,,
a,hypergraph,1-hop hyperedges,1,73,10,0.5463320463320464,0.0,0.5463320463320464,0.0,,,
a,hypergraph,1-hop hyperedges,1,74,10,0.5463320463320464,0.0,0.5463320463320464,0.0,,,
a,hypergraph,1-hop hyperedges,1,75,10,0.5463320463320464,0.0,0.5463320463320464,0.0,,,
a,hypergraph,1-hop hyperedges,1,76,10,0.5463320463320464,0.0,0.5463320463320464,0.0,,,
a,hypergraph,1-hop hyperedges,1,77,10,0.5463320463320464,0.0,0.5463320463320464,0.0,,,
a,hypergraph,1-hop hyperedges,1,78,10,0.5463320463320464,0.0,0.5463320463320464,0.0,,,
a,hypergraph,1-hop hyperedges,1,79,10,0.5463320463320464,0.0,0.5463320463320464,0.0,,,
a,hypergraph,1-hop hyperedges,1,80,10,0.5463320463320464,0.0,0.5463320463320464,0.0,,,
a,hypergraph,1-hop hyperedges,1,81,10,0.5463320463320464,0.0,0.5463320463320464,0.0,,,
a,hypergraph,1-hop hyperedges,1,82,10,0.5463320463320464,0.0,0.5463320463320464,0.0,,,
a,hypergraph,1-hop hyperedges,1,83,10,0.5463320463320464,0.0,0.5463320463320464,0.0,,,
a,hypergraph,1-hop hyperedges,1,84,10,0.5463320463320464,0.0,0.5463320463320464,0.0,,,
a,hypergraph,1-hop hyperedges,1,85,10,0.5463320463320464,0.0,0.5463320463320464,0.0,,,
a,hypergraph,1-hop hyperedges,1,86,10,0.5463320463320464,0.0,0.5463320463320464,0.0,,,
a,hypergraph,1-hop hyperedges,1,87,10,0.5463320463320464,0.0,0.5463320463320464,0.0,,,
a,hypergraph,1-hop hyperedges,1,88,10,0.5463320463320464,0.0,0.5463320463320464,0.0,,,
a,hypergraph,1-hop hyperedges,1,89,10,0.5463320463320464,0.0,0.5463320463320464,0.0,,,
a,hypergraph,1-hop hyperedges,1,90,10,0.5463320463320464,0.0,0.5463320463320464,0.0,,,
a,hypergraph,1-hop hyperedges,1,91,10,0.5463320463320464,0.0,0.5463320463320464,0.0,,,
a,hypergraph,1-hop hyperedges,1,92,10,0.5463320463320464,0.0,0.5463320463320464,0.0,,,
a,hypergraph,1-hop hyperedges,1,93,10,0.5463320463320464,0.0,0.5463320463320464,0.0,,,
a,hypergraph,1-hop hyperedges,1,94,10,0.5463320463320464,0.0,0.5463320463320464,0.0,,,
a,hypergraph,1-hop hyperedges,1,95,10,0.5463320463320464,0.0,0.5463320463320464,0.0,,,
a,hypergraph,1-hop hyperedges,1,96,10,0.5463320463320464,0.0,0.5463320463320464,0.0,,,
a,hypergraph,1-hop hyperedges,1,97,10,0.5463320463320464,0.0,0.5463320463320464,0.0,,,
a,hypergraph,1-hop hyperedges,1,98,10,0.5463320463320464,0.0,0.5463320463320464,0.0,,,
a,hypergraph,1-hop hyperedges,1,99,10,0.5463320463320464,0.0,0.5463320463320464,0.0,,,
a,hypergraph,1-hop hyperedges,1,100,10,0.5463320463320464,0.0,0.5463320463320464,0.0,,,
a,hypergraph,1-hop hyperedges,1,101,10,0.5463320463320464,0.0,0.5463320463320464,0.0,,,
a,hypergraph,1-hop hyperedges,1,102,10,0.5463320463320464,0.0,0.5463320463320464,0.0,,,
a,hypergraph,1-hop hyperedges,1,103,10,0.5463320463320464,0.0,0.5463320463320464,0.0,,,
a,hypergraph,1-hop hyperedges,1,104,10,0.5463320463320464,0.0,0.5463320463320464,0.0,,,
a,hypergraph,1-hop hyperedges,1,105,10,0.5463320463320464,0.0,0.5463320463320464,0.0,,,
a,hypergraph,1-hop hyperedges,1,106,10,0.5463320463320464,0.0,0.5463320463320464,0.0,,,
a,hypergraph,1-hop hyperedges,1,107,10,0.5463320463320464,0.0,0.5463320463320464,0.0,,,
a,hypergraph,1-hop hyperedges,1,108,10,0.5463320463320464,0.0,0.5463320463320464,0.0,,,
a,hypergraph,1-hop hyperedges,1,109,10,0.5463320463320464,0.0,0.5463320463320464,0.0,,,
a,hypergraph,1-hop hyperedges,1,110,10,0.5463320463320464,0.0,0.5463320463320464,0.0,,,
a,hypergraph,1-hop hyperedges,1,111,10,0.5463320463320464,0.0,0.5463320463320464,0.0,,,
a,hypergraph,1-hop hyperedges,1,112,10,0.5463320463320464,0.0,0.5463320463320464,0.0,,,
a,hypergraph,1-hop hyperedges,1,113,10,0.5463320463320464,0.0,0.5463320463320464,0.0,,,
a,hypergraph,1-hop hyperedges,1,114,10,0.5463320463320464,0.0,0.5463320463320464,0.0,,,
a,hypergraph,1-hop hyperedges,1,115,10,0.5463320463320464,0.0,0.5463320463320464,0.0,,,
a,hypergraph,1-hop hyperedges,1,116,10,0.5463320463320464,0.0,0.5463320463320464,0.0,,,
a,hypergraph,1-hop hyperedges,1,117,10,0.5463320463320464,0.0,0.5463320463320464,0.0,,,
a,hypergraph,1-hop hyperedges,1,118,10,0.5463320463320464,0.0,0.5463320463320464,0.0,,,
a,hypergraph,1-hop hyperedges,1,119,10,0.5463320463320464,0.0,0.5463320463320464,0.0,,,
a,hypergraph,1-hop hyperedges,1,120,10,0.5463320463320464,0.0,0.5463320463320464,0.0,,,
a,hypergraph,1-hop hyperedges,1,121,10,0.5463320463320464,0.0,0.5463320463320464,0.0,,,
a,hypergraph,1-hop hyperedges,1,122,10,0.5463320463320464,0.0,0.5463320463320464,0.0,,,
a,hypergraph,1-hop hyperedges,1,123,10,0.5463320463320464,0.0,0.5463320463320464,0.0,,,
a,hypergraph,1-hop hyperedges,1,124,10,0.5463320463320464,0.0,0.5463320463320464,0.0,,,
a,hypergraph,1-hop hyperedges,1,125,10,0.5463320463320464,0.0,0.5463320463320464,0.0,,,
a,hypergraph,1-hop hyperedges,1,126,10,0.5463320463320464,0.0,0.5463320463320464,0.0,,,
a,hypergraph,1-hop hyperedges,1,127,10,0.5463320463320464,0.0,0.5463320463320464,0.0,,,
a,hypergraph,1-hop hyperedges,1,128,10,0.5463320463320464,0.0,0.5463320463320464,0.0,,,
a,hypergraph,1-hop hyperedges,1,129,10,0.5463320463320464,0.0,0.5463320463320464,0.0,,,
a,hypergraph,1-hop hyperedges,1,130,10,0.5463320463320464,0.0,0.5463320463320464,0.0,,,
a,hypergraph,1-hop hyperedges,1,131,10,0.5463320463320464,0.0,0.5463320463320464,0.0,,,
a,hypergraph,1-hop hyperedges,1,132,10,0.5463320463320464,0.0,0.5463320463320464,0.0,,,
a,hypergraph,1-hop hyperedges,1,133,10,0.5463320463320464,0.0,0.5463320463320464,0.0,,,
a,hypergraph,1-hop hyperedges,1,134,10,0.5463320463320464,0.0,0.5463320463320464,0.0,,,
a,hypergraph,1-hop hyperedges,1,135,10,0.5463320463320464,0.0,0.5463320463320464,0.0,,,
a,hypergraph,1-hop hyperedges,1,136,10,0.5463320463320464,0.0,0.5463320463320464,0.0,,,
a,hypergraph,1-hop hyperedges,1,137,10,0.5463320463320464,0.0,0.5463320463320464,0.0,,,
a,hypergraph,1-hop hyperedges,1,138,10,0.5463320463320464,0.0,0.5463320463320464,0.0,,,
a,hypergraph,1-hop hyperedges,1,139,10,0.5463320463320464,0.0,0.5463320463320464,0.0,,,
a,hypergraph,1-hop hyperedges,1,140,10,0.5463320463320464,0.0,0.5463320463320464,0.0,,,
a,hypergraph,1-hop hyperedges,1,141,10,0.5463320463320464,0.0,0.5463320463320464,0.0,,,
a,hypergraph,1-hop hyperedges,1,142,10,0.5463320463320464,0.0,0.5463320463320464,0.0,,,
a,hypergraph,1-hop hyperedges,1,143,10,0.5463320463320464,0.0,0.5463320463320464,0.0,,,
a,hypergraph,1-hop hyperedges,1,144,10,0.5463320463320464,0.0,0.5463320463320464,0.0,,,
a,hypergraph,1-hop hyperedges,1,145,10,0.5463320463320464,0.0,0.5463320463320464,0.0,,,
a,hypergraph,1-hop hyperedges,1,146,10,0.5463320463320464,0.0,0.5463320463320464,0.0,,,
a,hypergraph,1-hop hyperedges,1,147,10,0.5463320463320464,0.0,0.5463320463320464,0.0,,,
a,hypergraph,1-hop hyperedges,1,148,10,0.5463320463320464,0.0,0.5463320463320464,0.0,,,
a,hypergraph,1-hop hyperedges,1,149,10,0.5463320463320464,0.0,0.5463320463320464,0.0,,,
a,hypergraph,1-hop hyperedges,1,150,10,0.5463320463320464,0.0,0.5463320463320464,0.0,,,
a,hypergraph,1-hop hyperedges,1,151,10,0.5463320463320464,0.0,0.5463320463320464,0.0,,,
a,hypergraph,1-hop hyperedges,1,152,10,0.5463320463320464,0.0,0.5463320463320464,0.0,,,
a,hypergraph,1-hop hyperedges,1,153,10,0.5463320463320464,0.0,0.5463320463320464,0.0,,,
a,hypergraph,1-hop hyperedges,1,154,10,0.5463320463320464,0.0,0.5463320463320464,0.0,,,
a,hypergraph,1-hop hyperedges,1,155,10,0.5463320463320464,0.0,0.5463320463320464,0.0,,,
a,hypergraph,1-hop hyperedges,1,156,10,0.5463320463320464,0.0,0.5463320463320464,0.0,,,
a,hypergraph,1-hop hyperedges,1,157,10,0.5463320463320464,0.0,0.5463320463320464,0.0,,,
a,hypergraph,1-hop hyperedges,1,158,10,0.5463320463320464,0.0,0.5463320463320464,0.0,,,
a,hypergraph,1-hop hyperedges,1,159,10,0.5463320463320464,0.0,0.5463320463320464,0.0,,,
a,hypergraph,1-hop hyperedges,1,160,10,0.5463320463320464,0.0,0.5463320463320464,0.0,,,
a,hypergraph,1-hop hyperedges,1,161,10,0.5463320463320464,0.0,0.5463320463320464,0.0,,,
a,hypergraph,1-hop hyperedges,1,162,10,0.5463320463320464,0.0,0.5463320463320464,0.0,,,
a,hypergraph,1-hop hyperedges,1,163,10,0.5463320463320464,0.0,0.5463320463320464,0.0,,,
a,hypergraph,1-hop hyperedges,1,164,10,0.5463320463320464,0.0,0.5463320463320464,0.0,,,
a,hypergraph,1-hop hyperedges,1,165,10,0.5463320463320464,0.0,0.5463320463320464,0.0,,,
a,hypergraph,1-hop hyperedges,1,166,10,0.5463320463320464,0.0,0.5463320463320464,0.0,,,
a,hypergraph,1-hop hyperedges,1,167,10,0.5463320463320464,0.0,0.5463320463320464,0.0,,,
a,hypergraph,1-hop hyperedges,1,168,10,0.5463320463320464,0.0,0.5463320463320464,0.0,,,
a,hypergraph,1-hop hyperedges,1,169,10,0.5463320463320464,0.0,0.5463320463320464,0.0,,,
a,hypergraph,1-hop hyperedges,1,170,10,0.5463320463320464,0.0,0.5463320463320464,0.0,,,
a,hypergraph,1-hop hyperedges,1,171,10,0.5463320463320464,0.0,0.5463320463320464,0.0,,,
a,hypergraph,1-hop hyperedges,1,172,10,0.5463320463320464,0.0,0.5463320463320464,0.0,,,
a,hypergraph,1-hop hyperedges,1,173,10,0.5463320463320464,0.0,0.5463320463320464,0.0,,,
a,hypergraph,1-hop hyperedges,1,174,10,0.5463320463320464,0.0,0.5463320463320464,0.0,,,
a,hypergraph,1-hop hyperedges,1,175,10,0.5463320463320464,0.0,0.5463320463320464,0.0,,,
a,hypergraph,1-hop hyperedges,1,176,10,0.5463320463320464,0.0,0.5463320463320464,0.0,,,
a,hypergraph,1-hop hyperedges,1,177,10,0.5463320463320464,0.0,0.5463320463320464,0.0,,,
a,hypergraph,1-hop hyperedges,1,178,10,0.5463320463320464,0.0,0.5463320463320464,0.0,,,
a,hypergraph,1-hop hyperedges,1,179,10,0.5463320463320464,0.0,0.5463320463320464,0.0,,,
a,hypergraph,1-hop hyperedges,1,180,10,0.5463320463320464,0.0,0.5463320463320464,0.0,,,
a,hypergraph,1-hop hyperedges,1,181,10,0.5463320463320464,0.0,0.5463320463320464,0.0,,,
a,hypergraph,1-hop hyperedges,1,182,10,0.5463320463320464,0.0,0.5463320463320464,0.0,,,
a,hypergraph,1-hop hyperedges,1,183,10,0.5463320463320464,0.0,0.5463320463320464,0.0,,,
a,hypergraph,1-hop hyperedges,1,184,10,0.5463320463320464,0.0,0.5463320463320464,0.0,,,
a,hypergraph,1-hop hyperedges,1,185,10,0.5463320463320464,0.0,0.5463320463320464,0.0,,,
a,hypergraph,1-hop hyperedges,1,186,10,0.5463320463320464,0.0,0.5463320463320464,0.0,,,
a,hypergraph,1-hop hyperedges,1,187,10,0.5463320463320464,0.0,0.5463320463320464,0.0,,,
a,hypergraph,1-hop hyperedges,1,188,10,0.5463320463320464,0.0,0.5463320463320464,0.0,,,
a,hypergraph,1-hop hyperedges,1,189,10,0.5463320463320464,0.0,0.5463320463320464,0.0,,,
a,hypergraph,1-hop hyperedges,1,190,10,0.5463320463320464,0.0,0.5463320463320464,0.0,,,
a,hypergraph,1-hop hyperedges,1,191,10,0.5463320463320464,0.0,0.5463320463320464,0.0,,,
a,hypergraph,1-hop hyperedges,1,192,10,0.5463320463320464,0.0,0.5463320463320464,0.0,,,
a,hypergraph,1-hop hyperedges,1,193,10,0.5463320463320464,0.0,0.5463320463320464,0.0,,,
a,hypergraph,1-hop hyperedges,1,194,10,0.5463320463320464,0.0,0.5463320463320464,0.0,,,
a,hypergraph,1-hop hyperedges,1,195,10,0.5463320463320464,0.0,0.5463320463320464,0.0,,,
a,hypergraph,1-hop hyperedges,1,196,10,0.5463320463320464,0.0,0.5463320463320464,0.0,,,
a,hypergraph,1-hop hyperedges,1,197,10,0.5463320463320464,0.0,0.5463320463320464,0.0,,,
a,hypergraph,1-hop hyperedges,1,198,10,0.5463320463320464,0.0,0.5463320463320464,0.0,,,
a,hypergraph,1-hop hyperedges,1,199,10,0.5463320463320464,0.0,0.5463320463320464,0.0,,,
a,hypergraph,1-hop hyperedges,1,200,10,0.5463320463320464,0.0,0.5463320463320464,0.0,,,
b,hypergraph,1-hop hyperedges,1,,10,,,,,0.5463320463320464,0.0,
a,hypergraph,1-hop hyperedges,2,1,10,0.5512355212355212,0.0038006871667412346,0.5507936507936497,3.510833468576701e-17,,,
a,hypergraph,1-hop hyperedges,2,2,10,0.5566795366795366,0.0035980836561146077,0.5551844361368211,1.3084103822364793e-16,,,
a,hypergraph,1-hop hyperedges,2,3,10,0.5603088803088803,0.004220893340972183,0.5595055264745336,7.021666937153402e-17,,,
a,hypergraph,1-hop hyperedges,2,4,10,0.5645173745173745,0.004289596720236249,0.5637580280767294,3.36950604901947e-16,,,
a,hypergraph,1-hop hyperedges,2,5,10,0.5696525096525097,0.005628184796974632,0.5679430296535004,1.0202245531417481e-16,,,
a,hypergraph,1-hop hyperedges,2,6,10,0.5728571428571428,0.00557451351773147,0.5720616026338259,4.0892796102084093e-16,,,
a,hypergraph,1-hop hyperedges,2,7,10,0.5773359073359073,0.005017819798080225,0.5761148014398296,8.348437506285201e-16,,,
a,hypergraph,1-hop hyperedges,2,8,10,0.5805791505791505,0.005466499144260053,0.5801036637568653,8.628368787333616e-16,,,
a,hypergraph,1-hop hyperedges,2,9,10,0.5848648648648649,0.006485771446360131,0.5840292107990346,5.3628867073790325e-17,,,
a,hypergraph,1-hop hyperedges,2,10,10,0.5884169884169884,0.006582605844295717,0.5878924475706837,2.9045531713639305e-16,,,
a,hypergraph,1-hop hyperedges,2,11,10,0.5919305019305019,0.007085406722759587,0.591694363123735,7.569807107392987e-16,,,
a,hypergraph,1-hop hyperedges,2,12,10,0.5958301158301158,0.008813469009328504,0.5954359308108731,7.516245408138223e-16,,,
a,hypergraph,1-hop hyperedges,2,13,10,0.5987258687258687,0.008798891877385414,0.5991181085347289,3.992688834149398e-16,,,
a,hypergraph,1-hop hyperedges,2,14,10,0.6020849420849421,0.009429776839209581,0.6027418389931039,1.0202245531417481e-16,,,
a,hypergraph,1-hop hyperedges,2,15,10,0.6046718146718147,0.009657570530844909,0.6063080499204148,7.323358871007715e-16,,,
a,hypergraph,1-hop hyperedges,2,16,10,0.6073359073359074,0.010932695280100544,0.6098176543250636,7.141571871992237e-16,,,
a,hypergraph,1-hop hyperedges,2,17,10,0.6110038610038611,0.011726905442847437,0.6132715507232704,3.8119453613851355e-16,,,
a,hypergraph,1-hop hyperedges,2,18,10,0.6135135135135135,0.011819409496956356,0.6166706233691402,3.4399002279594067e-16,,,
a,hypergraph,1-hop hyperedges,2,19,10,0.6153667953667954,0.01203851950514508,0.6200157424809631,1.3084103822364793e-16,,,
a,hypergraph,1-hop hyperedges,2,20,10,0.6202702702702703,0.012897332650870598,0.6233077644640007,3.730231876972494e-16,,,
a,hypergraph,1-hop hyperedges,2,21,10,0.6238996138996139,0.013170809236385528,0.6265475321298581,3.557336600312149e-16,,,
a,hypergraph,1-hop hyperedges,2,22,10,0.6267567567567568,0.01254552324652701,0.62973587491215,6.376671931629513e-16,,,
a,hypergraph,1-hop hyperedges,2,23,10,0.6296911196911197,0.011684738480902792,0.6328736090788308,3.0718399630568783e-16,,,
a,hypergraph,1-hop hyperedges,2,24,10,0.6326254826254826,0.011245254297540908,0.6359615379412862,5.832634613762132e-16,,,
a,hypergraph,1-hop hyperedges,2,25,10,0.6345173745173744,0.01090569381305913,0.6390004520598802,3.142364844681375e-16,,,
a,hypergraph,1-hop hyperedges,2,26,10,0.6364864864864865,0.010704957657885534,0.641991129446438,7.49343429207797e-17,,,
a,hypergraph,1-hop hyperedges,2,27,10,0.6403088803088803,0.01051283911203163,0.6449343357633618,9.721057689603553e-17,,,
a,hypergraph,1-hop hyperedges,2,28,10,0.6431660231660231,0.011789662378377887,0.6478308245197073,1.0532500405730103e-16,,,
a,hypergraph,1-hop hyperedges,2,29,10,0.6454054054054054,0.012645663626771733,0.6506813372640591,3.7007434154171886e-16,,,
a,hypergraph,1-hop hyperedges,2,30,10,0.6476061776061777,0.01236064069940243,0.6534866037743597,1.0789428415231562e-16,,,
a,hypergraph,1-hop hyperedges,2,31,10,0.6516216216216216,0.013659261827773881,0.656247342244817,3.1488955718743137e-16,,,
a,hypergraph,1-hop hyperedges,2,32,10,0.6545173745173745,0.013317571916804733,0.6589642594696995,4.234077454560859e-16,,,
a,hypergraph,1-hop hyperedges,2,33,10,0.6567567567567567,0.013833916907887024,0.6616380510243516,4.0268441940155016e-16,,,
a,hypergraph,1-hop hyperedges,2,34,10,0.6605405405405406,0.013048695270437043,0.6642694014432269,3.1942368197945953e-16,,,
a,hypergraph,1-hop hyperedges,2,35,10,0.6623552123552123,0.012399708058271605,0.6668589843951301,2.997373716831188e-16,,,
a,hypergraph,1-hop hyperedges,2,36,10,0.6644015444015444,0.01241245854140511,0.6694074628557429,4.094300213216723e-16,,,
a,hypergraph,1-hop hyperedges,2,37,10,0.667953667953668,0.011812400417589445,0.6719154892772766,4.944337241810607e-16,,,
a,hypergraph,1-hop hyperedges,2,38,10,0.6692277992277992,0.011521429317386544,0.6743837057556196,4.704458624755238e-16,,,
a,hypergraph,1-hop hyperedges,2,39,10,0.6708108108108108,0.011028031587316028,0.6768127441946352,5.233641528945917e-17,,,
a,hypergraph,1-hop hyperedges,2,40,10,0.6742084942084942,0.010334227655534578,0.6792032264679344,5.048497687390636e-16,,,
a,hypergraph,1-hop hyperedges,2,41,10,0.6764478764478764,0.011350446620514442,0.6815557645781786,4.745040042316086e-16,,,
a,hypergraph,1-hop hyperedges,2,42,10,0.6799999999999999,0.01233616077252453,0.6838709608136522,4.790997919185434e-16,,,
a,hypergraph,1-hop hyperedges,2,43,10,0.6826254826254826,0.012882876454303426,0.6861494079025551,3.861916815434371e-16,,,
a,hypergraph,1-hop hyperedges,2,44,10,0.6849034749034748,0.012613203568746904,0.6883916891646301,5.154539120416309e-16,,,
a,hypergraph,1-hop hyperedges,2,45,10,0.6872200772200772,0.01157364128350329,0.6905983786606338,4.77381556406593e-16,,,
a,hypergraph,1-hop hyperedges,2,46,10,0.6889189189189189,0.011193286296177338,0.6927700413392273,3.6259732146947156e-16,,,
a,hypergraph,1-hop hyperedges,2,47,10,0.6907722007722008,0.01077774252431146,0.6949072331816823,7.021666937153402e-17,,,
a,hypergraph,1-hop hyperedges,2,48,10,0.6928571428571428,0.01042590202446566,0.6970105013440848,0.0,,,
a,hypergraph,1-hop hyperedges,2,49,10,0.694015444015444,0.010592966644277337,0.699080384297564,1.0532500405730103e-16,,,
a,hypergraph,1-hop hyperedges,2,50,10,0.6967181467181467,0.011420640864984118,0.7011174119660657,3.008774951285686e-16,,,
a,hypergraph,1-hop hyperedges,2,51,10,0.7,0.012093703949378115,0.7031221058620384,2.8761229291112057e-16,,,
a,hypergraph,1-hop hyperedges,2,52,10,0.7032432432432433,0.01169288656333649,0.7050949792200106,5.583096108584498e-16,,,
a,hypergraph,1-hop hyperedges,2,53,10,0.7051351351351351,0.011491199116897345,0.707036537127824,0.0,,,
a,hypergraph,1-hop hyperedges,2,54,10,0.706988416988417,0.012075131399634986,0.708947276656157,4.5984622234511915e-16,,,
a,hypergraph,1-hop hyperedges,2,55,10,0.7096525096525097,0.010591011897781721,0.7108276869856427,3.510833468576701e-17,,,
a,hypergraph,1-hop hyperedges,2,56,10,0.7113513513513514,0.010703332875256872,0.7126782495321164,2.732041085997931e-16,,,
a,hypergraph,1-hop hyperedges,2,57,10,0.712934362934363,0.010631986102471364,0.7144994380699135,3.393805686290811e-16,,,
a,hypergraph,1-hop hyperedges,2,58,10,0.7152123552123552,0.010071884923966833,0.7162917188531193,5.425092941664101e-16,,,
a,hypergraph,1-hop hyperedges,2,59,10,0.717104247104247,0.009518677527858208,0.7180555507350392,1.0532500405730103e-16,,,
a,hypergraph,1-hop hyperedges,2,60,10,0.7186100386100386,0.009091003955373878,0.7197913852854791,0.0,,,
a,hypergraph,1-hop hyperedges,2,61,10,0.7205019305019305,0.008122293570429465,0.7214996669065487,7.850462293418876e-17,,,
a,hypergraph,1-hop hyperedges,2,62,10,0.7215057915057915,0.008482598047642446,0.723180832946329,3.060673659425244e-16,,,
a,hypergraph,1-hop hyperedges,2,63,10,0.7242084942084942,0.008847700937110474,0.7248353138108853,4.135901568172935e-16,,,
a,hypergraph,1-hop hyperedges,2,64,10,0.7260231660231661,0.008492648349371336,0.7264635330744182,5.733167046599012e-17,,,
a,hypergraph,1-hop hyperedges,2,65,10,0.7277992277992278,0.008051733497872353,0.7280659075877363,3.7812833677378426e-16,,,
a,hypergraph,1-hop hyperedges,2,66,10,0.7303474903474904,0.009311345355973952,0.7296428475849537,4.2598755757003773e-16,,,
a,hypergraph,1-hop hyperedges,2,67,10,0.7318146718146719,0.009375166153375254,0.7311947567885967,5.543708695380309e-16,,,
a,hypergraph,1-hop hyperedges,2,68,10,0.7328185328185328,0.009530763748557842,0.7327220325127758,1.0725773414758065e-16,,,
a,hypergraph,1-hop hyperedges,2,69,10,0.7340926640926642,0.009036637172673312,0.7342250657651769,5.323156326800234e-16,,,
a,hypergraph,1-hop hyperedges,2,70,10,0.7350965250965251,0.009139431019451662,0.7357042413468944,5.261046397045856e-16,,,
a,hypergraph,1-hop hyperedges,2,71,10,0.7365637065637066,0.009902469251994504,0.7371599379511133,2.5666196404353564e-16,,,
a,hypergraph,1-hop hyperedges,2,72,10,0.7379536679536679,0.010005638358170749,0.7385925282600272,4.681111291435601e-17,,,
a,hypergraph,1-hop hyperedges,2,73,10,0.7388803088803089,0.009965828628086128,0.7400023790402439,2.4797742478323306e-16,,,
a,hypergraph,1-hop hyperedges,2,74,10,0.7395752895752896,0.010040672328838386,0.7413898512366385,3.916498697301471e-16,,,
a,hypergraph,1-hop hyperedges,2,75,10,0.7401544401544402,0.010194155134266605,0.7427553000648154,5.464082171995862e-16,,,
a,hypergraph,1-hop hyperedges,2,76,10,0.7416602316602317,0.009943199031263289,0.744099075102117,5.394714207615781e-16,,,
a,hypergraph,1-hop hyperedges,2,77,10,0.7425096525096525,0.009908154752725811,0.7454215203768847,3.510833468576701e-17,,,
a,hypergraph,1-hop hyperedges,2,78,10,0.7434749034749035,0.009705047923210705,0.7467229744568333,2.779255841100109e-16,,,
a,hypergraph,1-hop hyperedges,2,79,10,0.7442471042471043,0.009473588411666648,0.7480037705354866,2.5666196404353564e-16,,,
a,hypergraph,1-hop hyperedges,2,80,10,0.7456756756756757,0.010096276962252734,0.7492642365176746,3.618411218528999e-16,,,
a,hypergraph,1-hop hyperedges,2,81,10,0.7474131274131274,0.011117188335529299,0.7505046951033314,5.443993566591989e-16,,,
a,hypergraph,1-hop hyperedges,2,82,10,0.7493050193050192,0.0115257414448832,0.7517254638701504,2.4797742478323306e-16,,,
a,hypergraph,1-hop hyperedges,2,83,10,0.7509652509652509,0.011293390459964116,0.7529268553549536,4.681111291435601e-17,,,
a,hypergraph,1-hop hyperedges,2,84,10,0.7518146718146718,0.01131361245754537,0.7541091771336472,3.359329323725947e-16,,,
a,hypergraph,1-hop hyperedges,2,85,10,0.7535135135135136,0.011936824193704152,0.7552727318999819,5.4149856335063e-16,,,
a,hypergraph,1-hop hyperedges,2,86,10,0.7547104247104247,0.012410123045770095,0.7564178175430573,0.0,,,
a,hypergraph,1-hop hyperedges,2,87,10,0.7562162162162162,0.012952374814058552,0.757544727223541,0.0,,,
a,hypergraph,1-hop hyperedges,2,88,10,0.7577606177606178,0.012770788675799298,0.7586537494487806,5.433921414455764e-16,,,
a,hypergraph,1-hop hyperedges,2,89,10,0.7593822393822394,0.011661112356329772,0.7597451681466203,3.5127833901202993e-16,,,
a,hypergraph,1-hop hyperedges,2,90,10,0.7604633204633204,0.011371149819695758,0.7608192627381523,5.233641528945917e-17,,,
a,hypergraph,1-hop hyperedges,2,91,10,0.7614285714285715,0.011696073398244765,0.7618763082091884,5.20740757162067e-16,,,
a,hypergraph,1-hop hyperedges,2,92,10,0.7622007722007722,0.011004350204002302,0.7629165751806745,5.233641528945917e-17,,,
a,hypergraph,1-hop hyperedges,2,93,10,0.7629729729729731,0.010677380292646003,0.7639403299780227,5.266250202865052e-16,,,
a,hypergraph,1-hop hyperedges,2,94,10,0.7637837837837838,0.010472743148792877,0.7649478346992116,2.709389041673412e-16,,,
a,hypergraph,1-hop hyperedges,2,95,10,0.7652123552123553,0.00886714933412063,0.765939347281955,3.774032578002451e-16,,,
a,hypergraph,1-hop hyperedges,2,96,10,0.7660617760617761,0.009159345023969718,0.7669151215697732,5.564667971253097e-16,,,
a,hypergraph,1-hop hyperedges,2,97,10,0.7669111969111969,0.008713768598514101,0.7678754073767886,5.465335258165757e-16,,,
a,hypergraph,1-hop hyperedges,2,98,10,0.7679150579150579,0.009372073803190361,0.768820450551973,9.721057689603553e-17,,,
a,hypergraph,1-hop hyperedges,2,99,10,0.7687644787644787,0.00960253041016212,0.7697504930418348,4.681111291435601e-17,,,
a,hypergraph,1-hop hyperedges,2,100,10,0.7701930501930502,0.009049001141162593,0.7706657729524964,7.49343429207797e-17,,,
a,hypergraph,1-hop hyperedges,2,101,10,0.7715444015444015,0.008119438060573109,0.7715665246106085,5.515225249907742e-16,,,
a,hypergraph,1-hop hyperedges,2,102,10,0.772934362934363,0.008003140693593843,0.7724529786233425,3.3121136700345437e-16,,,
a,hypergraph,1-hop hyperedges,2,103,10,0.7738996138996139,0.008378763876807723,0.773325361937473,5.525149190006904e-16,,,
a,hypergraph,1-hop hyperedges,2,104,10,0.7745945945945947,0.008567601497007051,0.7741838978973856,2.5344013803554234e-16,,,
a,hypergraph,1-hop hyperedges,2,105,10,0.7752509652509653,0.008524282784359108,0.7750288063024086,2.4687037718011827e-16,,,
a,hypergraph,1-hop hyperedges,2,106,10,0.775907335907336,0.00835302503898946,0.7758603034628873,6.302138946229738e-17,,,
a,hypergraph,1-hop hyperedges,2,107,10,0.7765250965250965,0.008292523918315644,0.7766786022557394,5.791397411136604e-16,,,
a,hypergraph,1-hop hyperedges,2,108,10,0.7771042471042471,0.008306992652048331,0.7774839121788906,1.3291800990276768e-16,,,
a,hypergraph,1-hop hyperedges,2,109,10,0.777992277992278,0.007773317307872077,0.7782764394048328,3.541903396947236e-16,,,
a,hypergraph,1-hop hyperedges,2,110,10,0.7798455598455598,0.008391801072986675,0.7790563868335191,5.469092794022609e-16,,,
a,hypergraph,1-hop hyperedges,2,111,10,0.7805791505791506,0.008708064127559357,0.7798239541443276,5.4149856335063e-16,,,
a,hypergraph,1-hop hyperedges,2,112,10,0.781003861003861,0.008644587512525498,0.7805793378470005,2.4797742478323306e-16,,,
a,hypergraph,1-hop hyperedges,2,113,10,0.7816988416988417,0.008714053724036174,0.781322731332173,4.681111291435601e-17,,,
a,hypergraph,1-hop hyperedges,2,114,10,0.782007722007722,0.008836742403847396,0.7820543249207429,5.450279209566124e-16,,,
a,hypergraph,1-hop hyperedges,2,115,10,0.7828185328185329,0.00900762997351215,0.7827743059126909,2.779255841100109e-16,,,
a,hypergraph,1-hop hyperedges,2,116,10,0.7834749034749036,0.008938499587596904,0.7834828586349453,5.4149856335063e-16,,,
a,hypergraph,1-hop hyperedges,2,117,10,0.784015444015444,0.008909544697451938,0.78418016448856,3.4099092437943086e-16,,,
a,hypergraph,1-hop hyperedges,2,118,10,0.7841698841698841,0.008955531663894368,0.7848664019953018,5.032194638293272e-16,,,
a,hypergraph,1-hop hyperedges,2,119,10,0.784942084942085,0.009390700822113105,0.7855417468431983,1.1761146561888094e-16,,,
a,hypergraph,1-hop hyperedges,2,120,10,0.7853667953667953,0.009514152117718664,0.78620637193161,3.4099092437943086e-16,,,
a,hypergraph,1-hop hyperedges,2,121,10,0.7859459459459459,0.009166124000447213,0.7868604474154294,3.0984749120421047e-16,,,
a,hypergraph,1-hop hyperedges,2,122,10,0.7865637065637066,0.009289261111878486,0.7875041407487404,3.053954279949072e-16,,,
a,hypergraph,1-hop hyperedges,2,123,10,0.7871814671814672,0.00942907419945308,0.7881376167275217,5.408658974454375e-16,,,
a,hypergraph,1-hop hyperedges,2,124,10,0.7874903474903474,0.00938752536759168,0.7887610375320737,3.3100455376630307e-16,,,
a,hypergraph,1-hop hyperedges,2,125,10,0.7884169884169884,0.010127318184250195,0.7893745627682682,2.2235278634319104e-16,,,
a,hypergraph,1-hop hyperedges,2,126,10,0.7890733590733591,0.009335950271335403,0.7899783495086666,1.0532500405730103e-16,,,
a,hypergraph,1-hop hyperedges,2,127,10,0.7896138996138996,0.009430215962471757,0.7905725523325585,3.4099092437943086e-16,,,
a,hypergraph,1-hop hyperedges,2,128,10,0.79007722007722,0.00938902502161397,0.7911573233655635,5.053920350272213e-16,,,
a,hypergraph,1-hop hyperedges,2,129,10,0.7905405405405406,0.009175245108178916,0.7917328123187009,2.2812914531392954e-16,,,
a,hypergraph,1-hop hyperedges,2,130,10,0.7912355212355212,0.008400185527425162,0.7922991665265514,3.449839284292668e-16,,,
a,hypergraph,1-hop hyperedges,2,131,10,0.7915830115830116,0.008258497826451503,0.792856530985066,5.059337201077096e-16,,,
a,hypergraph,1-hop hyperedges,2,132,10,0.791853281853282,0.008211532163941958,0.7934050483886828,5.095750333711903e-16,,,
a,hypergraph,1-hop hyperedges,2,133,10,0.7922007722007722,0.008198107279235764,0.7939448591668502,5.443993566591989e-16,,,
a,hypergraph,1-hop hyperedges,2,134,10,0.7932432432432432,0.008384791161047189,0.7944761015199862,3.918246744117944e-16,,,
a,hypergraph,1-hop hyperedges,2,135,10,0.7935521235521236,0.00835272758953902,0.7949989114547986,3.6654177513682335e-16,,,
a,hypergraph,1-hop hyperedges,2,136,10,0.7940926640926641,0.008012655440877883,0.795513422819212,3.9234862116835754e-16,,,
a,hypergraph,1-hop hyperedges,2,137,10,0.7945559845559845,0.008136556087683749,0.7960197673365614,3.053954279949072e-16,,,
a,hypergraph,1-hop hyperedges,2,138,10,0.7950193050193051,0.007972035453234945,0.796518074639384,3.6051395581293713e-16,,,
a,hypergraph,1-hop hyperedges,2,139,10,0.7952895752895752,0.007745139099996809,0.7970084723024569,2.8570122661173844e-16,,,
a,hypergraph,1-hop hyperedges,2,140,10,0.7953667953667953,0.007737008167407535,0.7974910858756278,2.4990295782562634e-16,,,
a,hypergraph,1-hop hyperedges,2,141,10,0.7957915057915057,0.007955396262763786,0.7979660389159157,1.199177923332954e-16,,,
a,hypergraph,1-hop hyperedges,2,142,10,0.7961776061776062,0.007863251367111591,0.7984334530190325,5.208722407539016e-16,,,
a,hypergraph,1-hop hyperedges,2,143,10,0.7964478764478764,0.007836559185462607,0.7988934478507012,2.1578856830463123e-16,,,
a,hypergraph,1-hop hyperedges,2,144,10,0.7968339768339768,0.007643964266290158,0.7993461411770816,2.3434795139979835e-16,,,
a,hypergraph,1-hop hyperedges,2,145,10,0.7980694980694981,0.0072826534624427985,0.7997916488951224,2.729533475477815e-16,,,
a,hypergraph,1-hop hyperedges,2,146,10,0.7986872586872586,0.0072374800875846,0.8002300850620779,3.342982125383114e-16,,,
a,hypergraph,1-hop hyperedges,2,147,10,0.7991891891891891,0.007111075188445824,0.8006615619247764,1.0789428415231562e-16,,,
a,hypergraph,1-hop hyperedges,2,148,10,0.7995752895752896,0.007403222504852317,0.8010861899484084,2.2480302876233914e-16,,,
a,hypergraph,1-hop hyperedges,2,149,10,0.80007722007722,0.007526041961519904,0.8015040778446627,5.389634437932182e-16,,,
a,hypergraph,1-hop hyperedges,2,150,10,0.8005019305019305,0.007544177161106512,0.8019153325997429,4.830852420928243e-16,,,
a,hypergraph,1-hop hyperedges,2,151,10,0.801003861003861,0.007616612362560528,0.8023200595015221,1.3291800990276768e-16,,,
a,hypergraph,1-hop hyperedges,2,152,10,0.8014285714285714,0.0076184606194969915,0.8027183621667838,1.8906416838689213e-16,,,
a,hypergraph,1-hop hyperedges,2,153,10,0.8021621621621622,0.00796111990707317,0.8031103425675212,3.359329323725947e-16,,,
a,hypergraph,1-hop hyperedges,2,154,10,0.8026640926640927,0.007217427025156088,0.8034961010571285,3.017864926531868e-16,,,
a,hypergraph,1-hop hyperedges,2,155,10,0.8028571428571428,0.007154615989206456,0.8038757363961228,3.2028004727485766e-16,,,
a,hypergraph,1-hop hyperedges,2,156,10,0.8036293436293436,0.006873599046255209,0.8042493457773532,2.4797742478323306e-16,,,
a,hypergraph,1-hop hyperedges,2,157,10,0.804092664092664,0.006401974422513115,0.8046170248509197,2.9350418479176855e-16,,,
a,hypergraph,1-hop hyperedges,2,158,10,0.8047876447876448,0.006220890829690453,0.8049788677487356,1.3291800990276768e-16,,,
a,hypergraph,1-hop hyperedges,2,159,10,0.8052123552123552,0.006075545818235348,0.8053349671085035,2.969832179842721e-16,,,
a,hypergraph,1-hop hyperedges,2,160,10,0.8055598455598456,0.006383837747211943,0.8056854140974468,2.4547954708634316e-16,,,
a,hypergraph,1-hop hyperedges,2,161,10,0.805984555984556,0.006650821198303344,0.8060302984358133,4.762326219937489e-16,,,
a,hypergraph,1-hop hyperedges,2,162,10,0.8064864864864865,0.006746145986037198,0.8063697084195731,3.006498163255289e-16,,,
a,hypergraph,1-hop hyperedges,2,163,10,0.806988416988417,0.006633864332142164,0.8067037309432843,4.931856774513482e-16,,,
a,hypergraph,1-hop hyperedges,2,164,10,0.8073359073359073,0.006419543842131233,0.8070324515221676,1.4043333874306804e-16,,,
a,hypergraph,1-hop hyperedges,2,165,10,0.8074131274131273,0.00654171499471104,0.8073559543140855,4.195082817701991e-16,,,
a,hypergraph,1-hop hyperedges,2,166,10,0.8076833976833976,0.0066313670182710565,0.8076743221410465,1.1702778228589004e-16,,,
a,hypergraph,1-hop hyperedges,2,167,10,0.8079150579150578,0.006810778708662245,0.8079876365104482,3.2600167817912923e-16,,,
a,hypergraph,1-hop hyperedges,2,168,10,0.8084555984555986,0.007270019541054579,0.8082959776358953,3.1314500328051913e-16,,,
a,hypergraph,1-hop hyperedges,2,169,10,0.8088030888030888,0.007065156475041592,0.8085994244577421,2.5666196404353564e-16,,,
a,hypergraph,1-hop hyperedges,2,170,10,0.8096138996138997,0.006779577811803971,0.8088980546633785,3.0427223394331407e-16,,,
a,hypergraph,1-hop hyperedges,2,171,10,0.80992277992278,0.006849096310404281,0.809191944707044,3.0984749120421047e-16,,,
a,hypergraph,1-hop hyperedges,2,172,10,0.8106949806949807,0.006378256844411349,0.8094811698293546,3.744889033148481e-16,,,
a,hypergraph,1-hop hyperedges,2,173,10,0.8107722007722007,0.006353277649310907,0.8097658040767118,2.878502840920254e-16,,,
a,hypergraph,1-hop hyperedges,2,174,10,0.8110038610038611,0.006334478611235382,0.8100459203201587,4.361542392016941e-16,,,
a,hypergraph,1-hop hyperedges,2,175,10,0.8111583011583011,0.006146559694768655,0.8103215902740161,3.116105068056653e-16,,,
a,hypergraph,1-hop hyperedges,2,176,10,0.8114285714285714,0.005850408316563976,0.8105928845143204,6.574420412875541e-16,,,
a,hypergraph,1-hop hyperedges,2,177,10,0.8116988416988417,0.005657099031704061,0.8108598724968388,4.3157713660926247e-16,,,
a,hypergraph,1-hop hyperedges,2,178,10,0.8121235521235521,0.00534128792658521,0.8111226225748632,5.574503892267373e-16,,,
a,hypergraph,1-hop hyperedges,2,179,10,0.8127027027027027,0.005035613541146921,0.8113812020167606,6.912568688522638e-16,,,
a,hypergraph,1-hop hyperedges,2,180,10,0.8128185328185328,0.004900078881561215,0.8116356770230381,0.0,,,
a,hypergraph,1-hop hyperedges,2,181,10,0.8128571428571428,0.004860198098023121,0.8118861127435029,6.85986474186814e-16,,,
a,hypergraph,1-hop hyperedges,2,182,10,0.8137837837837838,0.003580778975717899,0.812132573293837,2.4990295782562634e-16,,,
a,hypergraph,1-hop hyperedges,2,183,10,0.8140926640926642,0.0031851656810204824,0.8123751217719175,1.0202245531417481e-16,,,
a,hypergraph,1-hop hyperedges,2,184,10,0.8142084942084942,0.0033796957656977667,0.8126138202741411,7.03043854199395e-16,,,
a,hypergraph,1-hop hyperedges,2,185,10,0.8142084942084942,0.0033796957656977667,0.812848729911288,2.691638992575471e-16,,,
a,hypergraph,1-hop hyperedges,2,186,10,0.8143629343629344,0.0033845931683040265,0.8130799108240001,1.0532500405730103e-16,,,
a,hypergraph,1-hop hyperedges,2,187,10,0.8146332046332047,0.003149605337342679,0.8133074221984498,4.686959027995967e-16,,,
a,hypergraph,1-hop hyperedges,2,188,10,0.8146718146718147,0.0030995095440906656,0.813531322281204,4.1540741810552243e-16,,,
a,hypergraph,1-hop hyperedges,2,189,10,0.8147104247104247,0.0031496053373426935,0.813751668394423,2.8570122661173844e-16,,,
a,hypergraph,1-hop hyperedges,2,190,10,0.8148648648648649,0.0032975876384347303,0.813968516950259,4.32369749098139e-16,,,
a,hypergraph,1-hop hyperedges,2,191,10,0.8148648648648649,0.0032975876384347303,0.814181923465547,3.3100455376630307e-16,,,
a,hypergraph,1-hop hyperedges,2,192,10,0.815019305019305,0.003227526215980376,0.8143919425758195,3.3017600539857414e-16,,,
a,hypergraph,1-hop hyperedges,2,193,10,0.8150579150579151,0.003209771921065632,0.8145986280494524,6.662366052725463e-16,,,
a,hypergraph,1-hop hyperedges,2,194,10,0.8162548262548264,0.0026653669258386707,0.8148020328012435,3.7903273494864014e-16,,,
a,hypergraph,1-hop hyperedges,2,195,10,0.8162548262548264,0.0026653669258386707,0.8150022089061867,5.175751305185576e-16,,,
a,hypergraph,1-hop hyperedges,2,196,10,0.8162934362934363,0.0026300210603747466,0.8151992076126575,4.1885484168231196e-16,,,
a,hypergraph,1-hop hyperedges,2,197,10,0.8164478764478764,0.0026262395759453837,0.8153930793555286,4.85489017835039e-16,,,
a,hypergraph,1-hop hyperedges,2,198,10,0.8171814671814671,0.0027195040680972242,0.8155838737691354,4.739263971955564e-16,,,
a,hypergraph,1-hop hyperedges,2,199,10,0.8172586872586873,0.002625293353765143,0.8157716396999962,5.264949733601399e-16,,,
a,hypergraph,1-hop hyperedges,2,200,10,0.8173359073359073,0.0026403922178977676,0.8159564252192345,5.494077358953467e-16,,,
b,hypergraph,1-hop hyperedges,2,,10,,,,,0.8274131274131274,0.0,
a,hypergraph,1-hop hyperedges,4,1,10,0.562857142857143,0.007390570572358526,0.5598832549727724,4.0132169326193074e-16,,,
a,hypergraph,1-hop hyperedges,4,2,10,0.5775675675675676,0.008058827582864586,0.5727968373436643,5.662258363624037e-16,,,
a,hypergraph,1-hop hyperedges,4,3,10,0.5897297297297297,0.0071615579514358,0.5851031448859174,6.086569841985607e-16,,,
a,hypergraph,1-hop hyperedges,4,4,10,0.60003861003861,0.006081540707027927,0.5968310837520336,3.5127833901202993e-16,,,
a,hypergraph,1-hop hyperedges,4,5,10,0.6105791505791506,0.007623133622092329,0.6080081836289588,3.0874049412768256e-16,,,
a,hypergraph,1-hop hyperedges,4,6,10,0.6212355212355212,0.007870725792237137,0.618660663284165,3.060673659425244e-16,,,
a,hypergraph,1-hop hyperedges,4,7,10,0.6316216216216216,0.006484877535330281,0.6288134929902884,7.989664199107425e-16,,,
a,hypergraph,1-hop hyperedges,4,8,10,0.6401930501930502,0.007643205812885842,0.6384904539772468,4.392830758622045e-16,,,
a,hypergraph,1-hop hyperedges,4,9,10,0.6508494208494209,0.0077648959140581356,0.647714195053243,3.433922985862513e-16,,,
a,hypergraph,1-hop hyperedges,4,10,10,0.6606949806949807,0.008756906565148936,0.6565062865296865,9.435807192589601e-16,,,
a,hypergraph,1-hop hyperedges,4,11,10,0.6685328185328185,0.009236420083984204,0.6648872715780991,6.452466625510835e-16,,,
a,hypergraph,1-hop hyperedges,4,12,10,0.6774517374517375,0.009926109542575228,0.6728767151414694,5.127900497022837e-16,,,
a,hypergraph,1-hop hyperedges,4,13,10,0.6844015444015443,0.009524157355643378,0.6804932505166461,7.798828348708098e-16,,,
a,hypergraph,1-hop hyperedges,4,14,10,0.690926640926641,0.01142064086498411,0.6877546237182802,7.730922970250903e-16,,,
a,hypergraph,1-hop hyperedges,4,15,10,0.698030888030888,0.012373230640965203,0.6946777357304351,5.30640667079009e-16,,,
a,hypergraph,1-hop hyperedges,4,16,10,0.7032432432432432,0.013140276837630858,0.7012786827460631,4.790997919185434e-16,,,
a,hypergraph,1-hop hyperedges,4,17,10,0.7094208494208494,0.01358649167450258,0.7075727944903941,4.047199054259303e-16,,,
a,hypergraph,1-hop hyperedges,4,18,10,0.7149420849420849,0.013675017019404174,0.7135746707192887,7.910420206691776e-16,,,
a,hypergraph,1-hop hyperedges,4,19,10,0.7201158301158301,0.014457384472051743,0.7192982159798463,8.124796539295783e-16,,,
a,hypergraph,1-hop hyperedges,4,20,10,0.7258687258687259,0.014430492963098866,0.7247566727152691,7.730922970250903e-16,,,
a,hypergraph,1-hop hyperedges,4,21,10,0.7313899613899614,0.013190413340863674,0.7299626527938491,7.97937265658008e-16,,,
a,hypergraph,1-hop hyperedges,4,22,10,0.7358687258687259,0.014145836232975597,0.7349281675362628,6.131407058289218e-16,,,
a,hypergraph,1-hop hyperedges,4,23,10,0.7396525096525097,0.014475246247794818,0.7396646563129393,2.0134220970077508e-16,,,
a,hypergraph,1-hop hyperedges,4,24,10,0.7429343629343629,0.01412867175790179,0.7441830137798178,4.465495567095924e-16,,,
a,hypergraph,1-hop hyperedges,4,25,10,0.7458687258687259,0.013373423527307252,0.7484936158171696,7.127174494526523e-16,,,
a,hypergraph,1-hop hyperedges,4,26,10,0.7507335907335907,0.013199388824622012,0.7526063442331388,6.723752786213506e-16,,,
a,hypergraph,1-hop hyperedges,4,27,10,0.7541312741312741,0.012805242421457814,0.7565306102908629,3.8477054818061015e-16,,,
a,hypergraph,1-hop hyperedges,4,28,10,0.7576447876447876,0.013258049864161636,0.7602753771154939,3.8884230758414213e-16,,,
a,hypergraph,1-hop hyperedges,4,29,10,0.7622779922779923,0.013437982211163676,0.7638491810340418,6.376671931629513e-16,,,
a,hypergraph,1-hop hyperedges,4,30,10,0.7651737451737451,0.014267499141295218,0.767260151898953,5.186324863305829e-16,,,
a,hypergraph,1-hop hyperedges,4,31,10,0.7683397683397684,0.014646956746931068,0.7705160324441755,4.3300279445779315e-16,,,
a,hypergraph,1-hop hyperedges,4,32,10,0.7711969111969113,0.013515597069258378,0.7736241967192414,6.219010946987663e-16,,,
a,hypergraph,1-hop hyperedges,4,33,10,0.7731660231660232,0.013908250808196103,0.7765916676457162,8.727008975506855e-16,,,
a,hypergraph,1-hop hyperedges,4,34,10,0.7757142857142857,0.013848815607126683,0.7794251337374816,5.829111427325427e-16,,,
a,hypergraph,1-hop hyperedges,4,35,10,0.7792664092664092,0.013246801092501651,0.7821309650249008,3.5496283862699463e-16,,,
a,hypergraph,1-hop hyperedges,4,36,10,0.7807722007722008,0.012376376125232244,0.7847152282207226,4.790997919185434e-16,,,
a,hypergraph,1-hop hyperedges,4,37,10,0.7843629343629344,0.011989506710511442,0.7871837011636702,7.476051294298466e-16,,,
a,hypergraph,1-hop hyperedges,4,38,10,0.7859073359073359,0.011684454967085084,0.7895418865743696,7.941522896283854e-16,,,
a,hypergraph,1-hop hyperedges,4,39,10,0.7876061776061777,0.010868038150898632,0.7917950251562704,3.2452797883654927e-16,,,
a,hypergraph,1-hop hyperedges,4,40,10,0.79007722007722,0.009452321350952293,0.7939481080724345,2.145154682951613e-16,,,
a,hypergraph,1-hop hyperedges,4,41,10,0.7926254826254826,0.008996958294414634,0.7960058888285053,5.757005681840508e-16,,,
a,hypergraph,1-hop hyperedges,4,42,10,0.7951351351351351,0.00790055278024303,0.7979728945897417,8.867123320863022e-16,,,
a,hypergraph,1-hop hyperedges,4,43,10,0.7974903474903475,0.0076752121340522925,0.7998534369590493,3.1073024937815986e-16,,,
a,hypergraph,1-hop hyperedges,4,44,10,0.7993436293436293,0.007807442441750946,0.8016516222417442,4.515816893988974e-16,,,
a,hypergraph,1-hop hyperedges,4,45,10,0.8007335907335907,0.008213549045674999,0.8033713612217241,6.986470390014553e-16,,,
a,hypergraph,1-hop hyperedges,4,46,10,0.8015830115830116,0.008347570114996579,0.8050163784720537,7.382959926105493e-16,,,
a,hypergraph,1-hop hyperedges,4,47,10,0.8026254826254826,0.00810872094270391,0.8065902212218312,5.465335258165757e-16,,,
a,hypergraph,1-hop hyperedges,4,48,10,0.8044401544401545,0.007724688509355271,0.8080962678014739,5.720013449644549e-16,,,
a,hypergraph,1-hop hyperedges,4,49,10,0.8072200772200772,0.007889748277682488,0.8095377356852411,6.763355387775899e-16,,,
a,hypergraph,1-hop hyperedges,4,50,10,0.8081081081081081,0.008298913227878268,0.8109176891510377,5.208722407539016e-16,,,
a,hypergraph,1-hop hyperedges,4,51,10,0.8096138996138997,0.0075735405734686815,0.8122390465755949,2.791548054292249e-16,,,
a,hypergraph,1-hop hyperedges,4,52,10,0.8105405405405405,0.007969126102834494,0.8135045873820379,2.1862593939276816e-16,,,
a,hypergraph,1-hop hyperedges,4,53,10,0.8117374517374518,0.007037908612667945,0.8147169586566285,5.290898386274728e-16,,,
a,hypergraph,1-hop hyperedges,4,54,10,0.8125482625482625,0.007030962357587599,0.8158786814506284,6.764367790354397e-16,,,
a,hypergraph,1-hop hyperedges,4,55,10,0.8143243243243242,0.006141167738211083,0.8169921567818438,7.7768461516828425e-16,,,
a,hypergraph,1-hop hyperedges,4,56,10,0.8155212355212356,0.006437065307698717,0.8180596713505155,5.032194638293272e-16,,,
a,hypergraph,1-hop hyperedges,4,57,10,0.8166795366795366,0.005989190162681584,0.8190834029829949,4.1869132231567334e-16,,,
a,hypergraph,1-hop hyperedges,4,58,10,0.8177992277992278,0.005669967391266753,0.8200654258161743,6.474714749832073e-16,,,
a,hypergraph,1-hop hyperedges,4,59,10,0.8188030888030887,0.005995409540543095,0.8210077152350204,3.328612470361145e-16,,,
a,hypergraph,1-hop hyperedges,4,60,10,0.8191119691119692,0.006218360848405669,0.8219121525750979,6.333571255663073e-16,,,
a,hypergraph,1-hop hyperedges,4,61,10,0.8208494208494208,0.005909004006820617,0.8227805296010432,3.3203733179473523e-16,,,
a,hypergraph,1-hop hyperedges,4,62,10,0.8215444015444016,0.0055290150482689305,0.823614552771776,6.867845971725026e-16,,,
a,hypergraph,1-hop hyperedges,4,63,10,0.822934362934363,0.005381450874624613,0.8244158473027978,3.853040874452409e-16,,,
a,hypergraph,1-hop hyperedges,4,64,10,0.8238223938223939,0.005393287882551725,0.8251859610347279,4.434719903581091e-16,,,
a,hypergraph,1-hop hyperedges,4,65,10,0.8256756756756756,0.003874921291460637,0.8259263681178938,5.785482388235745e-16,,,
a,hypergraph,1-hop hyperedges,4,66,10,0.8266409266409266,0.004004208284711457,0.8266384725213014,6.135872759579183e-16,,,
a,hypergraph,1-hop hyperedges,4,67,10,0.8273359073359072,0.0037113868233815883,0.8273236113747217,5.27144887165599e-16,,,
a,hypergraph,1-hop hyperedges,4,68,10,0.827953667953668,0.003827395554930129,0.827983058151292,6.076435873514005e-16,,,
a,hypergraph,1-hop hyperedges,4,69,10,0.8283783783783785,0.003984511088909317,0.8286180256988883,3.4735769905631844e-16,,,
a,hypergraph,1-hop hyperedges,4,70,10,0.8295366795366796,0.0037444881662744302,0.8292296691269898,3.953045355713231e-16,,,
a,hypergraph,1-hop hyperedges,4,71,10,0.8300000000000001,0.0036175955610021023,0.8298190885561167,4.392830758622045e-16,,,
a,hypergraph,1-hop hyperedges,4,72,10,0.8303474903474903,0.003482997389968798,0.830387331736231,1.5744477859371569e-16,,,
a,hypergraph,1-hop hyperedges,4,73,10,0.8307722007722008,0.0036358640552146115,0.8309353965406787,6.82784652861131e-16,,,
a,hypergraph,1-hop hyperedges,4,74,10,0.831003861003861,0.003667614967766599,0.8314642333411708,2.8761229291112057e-16,,,
a,hypergraph,1-hop hyperedges,4,75,10,0.8313127413127412,0.0035640874381004913,0.8319747472698079,7.548972320860771e-16,,,
a,hypergraph,1-hop hyperedges,4,76,10,0.8315830115830115,0.0035283557505693774,0.8324678003731197,6.031190002964404e-16,,,
a,hypergraph,1-hop hyperedges,4,77,10,0.8317760617760618,0.00353890252149584,0.8329442136640879,5.032194638293272e-16,,,
a,hypergraph,1-hop hyperedges,4,78,10,0.8323166023166022,0.0036585713959516966,0.8334047690757103,4.82517907496512e-16,,,
a,hypergraph,1-hop hyperedges,4,79,10,0.8325482625482625,0.00357615025225289,0.8338502113222337,4.881615836846587e-16,,,
a,hypergraph,1-hop hyperedges,4,80,10,0.8332432432432432,0.003740947696822998,0.8342812496713096,7.652579030052465e-16,,,
a,hypergraph,1-hop hyperedges,4,81,10,0.8342857142857143,0.0019754526490965165,0.8346985596318401,2.0571606802743646e-16,,,
a,hypergraph,1-hop hyperedges,4,82,10,0.8345559845559846,0.0020851804048931367,0.8351027845617217,5.420041643602625e-16,,,
a,hypergraph,1-hop hyperedges,4,83,10,0.8349034749034748,0.0022454392265188693,0.8354945371986272,8.121424554697637e-16,,,
a,hypergraph,1-hop hyperedges,4,84,10,0.8353667953667954,0.002282024222321907,0.8358744011181409,4.440892098500626e-16,,,
a,hypergraph,1-hop hyperedges,4,85,10,0.8356756756756758,0.0022007345688338834,0.8362429321224439,4.2582677720666966e-16,,,
a,hypergraph,1-hop hyperedges,4,86,10,0.8361389961389962,0.0016299758248635775,0.8366006595628293,5.264949733601399e-16,,,
a,hypergraph,1-hop hyperedges,4,87,10,0.8362934362934362,0.0015228004589703003,0.8369480875992197,6.784584116931495e-16,,,
a,hypergraph,1-hop hyperedges,4,88,10,0.8364864864864865,0.001610038095649526,0.837285696399673,2.5772695602081545e-16,,,
a,hypergraph,1-hop hyperedges,4,89,10,0.8366795366795368,0.0015762482257292037,0.8376139432829623,2.4687037718011827e-16,,,
a,hypergraph,1-hop hyperedges,4,90,10,0.8371814671814672,0.0017837856409275324,0.8379332638064907,5.234949775817731e-16,,,
a,hypergraph,1-hop hyperedges,4,91,10,0.8372200772200772,0.0017944324383972604,0.8382440728026269,5.133239280870713e-16,,,
a,hypergraph,1-hop hyperedges,4,92,10,0.8375289575289575,0.0019501361055213255,0.8385467653655011,4.0691352531643863e-16,,,
a,hypergraph,1-hop hyperedges,4,93,10,0.8376447876447877,0.0020206330074784696,0.8388417177909344,4.035337863427314e-16,,,
a,hypergraph,1-hop hyperedges,4,94,10,0.8382239382239381,0.002280572090948456,0.8391292884715427,5.538765574740299e-16,,,
a,hypergraph,1-hop hyperedges,4,95,10,0.8386872586872587,0.002378690358228684,0.8394098187492928,3.2283551369326685e-16,,,
a,hypergraph,1-hop hyperedges,4,96,10,0.8389961389961389,0.0026375677647257566,0.8396836337274187,4.809542866571309e-16,,,
a,hypergraph,1-hop hyperedges,4,97,10,0.8391119691119691,0.0025614235750408155,0.8399510430435949,7.846972423367151e-16,,,
a,hypergraph,1-hop hyperedges,4,98,10,0.8393822393822393,0.0026687826709559503,0.840212341606452,4.922127866230951e-16,,,
a,hypergraph,1-hop hyperedges,4,99,10,0.8393822393822393,0.0026687826709559503,0.840467810296887,5.287014207320068e-16,,,
a,hypergraph,1-hop hyperedges,4,100,10,0.8394594594594593,0.002698409288232249,0.8407177166360313,4.616297308712766e-16,,,
a,hypergraph,1-hop hyperedges,4,101,10,0.83996138996139,0.002374857411485964,0.8409623154214463,8.308972542298193e-16,,,
a,hypergraph,1-hop hyperedges,4,102,10,0.84003861003861,0.002394306700154229,0.8412018493329031,7.196019205571623e-16,,,
a,hypergraph,1-hop hyperedges,4,103,10,0.8404247104247105,0.002331213752127798,0.8414365495095284,3.9944035384733017e-16,,,
a,hypergraph,1-hop hyperedges,4,104,10,0.8404633204633205,0.0023008185307682558,0.8416666360991385,7.153068909548666e-16,,,
a,hypergraph,1-hop hyperedges,4,105,10,0.8408108108108108,0.002184492763323446,0.8418923187818136,8.934824013272291e-16,,,
a,hypergraph,1-hop hyperedges,4,106,10,0.841119691119691,0.002282387110806712,0.8421137972682162,3.2028004727485766e-16,,,
a,hypergraph,1-hop hyperedges,4,107,10,0.8415057915057915,0.0023887659193398197,0.8423312617743459,7.903491875862436e-16,,,
a,hypergraph,1-hop hyperedges,4,108,10,0.8417760617760617,0.0021597093398613,0.8425448934736044,7.832997394602942e-16,,,
a,hypergraph,1-hop hyperedges,4,109,10,0.8420849420849421,0.002161242680018871,0.8427548649274824,5.60757275425174e-16,,,
a,hypergraph,1-hop hyperedges,4,110,10,0.8422779922779922,0.0020612120177666573,0.8429613404954536,7.938073059936755e-16,,,
a,hypergraph,1-hop hyperedges,4,111,10,0.8428571428571429,0.002184113609842614,0.8431644767256147,4.739263971955564e-16,,,
a,hypergraph,1-hop hyperedges,4,112,10,0.8430115830115831,0.0022082481945459257,0.8433644227267052,4.77381556406593e-16,,,
a,hypergraph,1-hop hyperedges,4,113,10,0.8433204633204634,0.002293608176056154,0.8435613205222031,7.885276044214413e-16,,,
a,hypergraph,1-hop hyperedges,4,114,10,0.8435135135135136,0.0022517006127161414,0.843755305387765,9.095852161035763e-16,,,
a,hypergraph,1-hop hyperedges,4,115,10,0.8438223938223939,0.0022458080265913847,0.8439465061725528,5.767700923000835e-16,,,
a,hypergraph,1-hop hyperedges,4,116,10,0.8439768339768341,0.0020708326628898614,0.8441350456051868,5.175751305185576e-16,,,
a,hypergraph,1-hop hyperedges,4,117,10,0.8442084942084943,0.0019708356281999263,0.8443210405851549,1.0056221233084978e-15,,,
a,hypergraph,1-hop hyperedges,4,118,10,0.8442857142857143,0.001985905958659914,0.8445046024604738,7.088638529531552e-16,,,
a,hypergraph,1-hop hyperedges,4,119,10,0.8445173745173745,0.0016284508198596286,0.8446858372918357,6.824837119872477e-16,,,
a,hypergraph,1-hop hyperedges,4,120,10,0.8445559845559846,0.0015783484907856723,0.8448648461046439,5.846706129059094e-16,,,
a,hypergraph,1-hop hyperedges,4,121,10,0.8447104247104248,0.0017151435005361773,0.8450417251284467,3.21773202442742e-16,,,
a,hypergraph,1-hop hyperedges,4,122,10,0.8447490347490347,0.0017117600945349464,0.8452165660255314,2.1610567144161218e-16,,,
a,hypergraph,1-hop hyperedges,4,123,10,0.845057915057915,0.0016486682398867292,0.8453894561082533,4.3803422308401776e-16,,,
a,hypergraph,1-hop hyperedges,4,124,10,0.8452123552123553,0.0017967386113555994,0.8455604785461993,8.308972542298193e-16,,,
a,hypergraph,1-hop hyperedges,4,125,10,0.8452895752895753,0.0017271729893817995,0.8457297125634817,8.63867984439641e-16,,,
a,hypergraph,1-hop hyperedges,4,126,10,0.8453667953667953,0.0017575933441116582,0.8458972336265236,4.796711693331816e-16,,,
a,hypergraph,1-hop hyperedges,4,127,10,0.8455598455598455,0.0017740088484028348,0.8460631136229836,9.604837338810729e-16,,,
a,hypergraph,1-hop hyperedges,4,128,10,0.8455984555984555,0.001692296584152008,0.8462274210322226,5.90265674482782e-16,,,
a,hypergraph,1-hop hyperedges,4,129,10,0.8457915057915057,0.0018127996768760937,0.8463902210874357,4.0623982696478914e-16,,,
a,hypergraph,1-hop hyperedges,4,130,10,0.8459073359073359,0.00168248039586729,0.8465515759304052,7.439322743496992e-16,,,
a,hypergraph,1-hop hyperedges,4,131,10,0.846061776061776,0.0018205496416738188,0.846711544758492,7.342036174665886e-16,,,
a,hypergraph,1-hop hyperedges,4,132,10,0.846100386100386,0.0018579235451859563,0.8468701839650224,4.2855183991760767e-16,,,
a,hypergraph,1-hop hyperedges,4,133,10,0.8462548262548262,0.0019244865526402669,0.8470275472725539,5.45906695095563e-16,,,
a,hypergraph,1-hop hyperedges,4,134,10,0.8464478764478764,0.0019006704117474783,0.8471836858602264,4.526419195437328e-16,,,
a,hypergraph,1-hop hyperedges,4,135,10,0.8469498069498069,0.002003758090710776,0.8473386484848255,3.471605047747113e-16,,,
a,hypergraph,1-hop hyperedges,4,136,10,0.8471814671814671,0.0021365771911914704,0.8474924815959783,5.985602123327913e-16,,,
a,hypergraph,1-hop hyperedges,4,137,10,0.8473359073359074,0.0020927131659385203,0.8476452294462142,8.548637186567086e-16,,,
a,hypergraph,1-hop hyperedges,4,138,10,0.8473745173745174,0.0020189928830138125,0.8477969341953141,6.39811339069313e-16,,,
a,hypergraph,1-hop hyperedges,4,139,10,0.8474903474903475,0.002083193572231479,0.8479476360101577,9.110896584417696e-16,,,
a,hypergraph,1-hop hyperedges,4,140,10,0.8476061776061776,0.0021462458856659895,0.8480973731594768,4.317357755179869e-16,,,
a,hypergraph,1-hop hyperedges,4,141,10,0.8477220077220077,0.002036555000757018,0.848246182104285,7.906090711426462e-16,,,
a,hypergraph,1-hop hyperedges,4,142,10,0.8478378378378378,0.001912832046691312,0.8483940975838671,4.454748269764081e-16,,,
a,hypergraph,1-hop hyperedges,4,143,10,0.848069498069498,0.002036961620507657,0.8485411526978617,5.85606835463788e-16,,,
a,hypergraph,1-hop hyperedges,4,144,10,0.8481467181467182,0.0021073049543110694,0.848687378984145,6.040266291023252e-16,,,
a,hypergraph,1-hop hyperedges,4,145,10,0.8483783783783784,0.0020353346540974925,0.8488328064933761,5.967269455082413e-16,,,
a,hypergraph,1-hop hyperedges,4,146,10,0.8486486486486486,0.0023166023166023113,0.8489774638596016,5.33857090441575e-16,,,
a,hypergraph,1-hop hyperedges,4,147,10,0.8487258687258687,0.002371716756713392,0.8491213783678676,6.907613796703591e-16,,,
a,hypergraph,1-hop hyperedges,4,148,10,0.8491891891891893,0.0019279262096343797,0.849264576018285,9.81987924376734e-16,,,
a,hypergraph,1-hop hyperedges,4,149,10,0.8493050193050193,0.0018114285941057218,0.8494070815873155,6.625261002764007e-16,,,
a,hypergraph,1-hop hyperedges,4,150,10,0.8493436293436293,0.001889745672378663,0.8495489186859171,9.667373193674023e-16,,,
a,hypergraph,1-hop hyperedges,4,151,10,0.8494594594594596,0.0018059338536587977,0.8496901098151272,7.968208485527349e-16,,,
a,hypergraph,1-hop hyperedges,4,152,10,0.8496525096525097,0.0019619911454475674,0.8498306764187596,7.763626957778363e-16,,,
a,hypergraph,1-hop hyperedges,4,153,10,0.8498069498069498,0.002106911910391891,0.8499706389338693,5.369267300602242e-16,,,
a,hypergraph,1-hop hyperedges,4,154,10,0.85007722007722,0.002273661801603488,0.8501100168386012,6.457770750225263e-16,,,
a,hypergraph,1-hop hyperedges,4,155,10,0.8503474903474902,0.0021163248176158996,0.850248828697781,7.816369595224381e-16,,,
a,hypergraph,1-hop hyperedges,4,156,10,0.8504247104247105,0.0022892710624822714,0.8503870922065027,8.857851317643112e-16,,,
a,hypergraph,1-hop hyperedges,4,157,10,0.8504247104247105,0.0022892710624822714,0.8505248242314007,9.373918055991934e-16,,,
a,hypergraph,1-hop hyperedges,4,158,10,0.8505405405405405,0.002348204298846532,0.850662040850216,6.372374982400569e-16,,,
a,hypergraph,1-hop hyperedges,4,159,10,0.8506563706563707,0.002322315277969614,0.8507987573891578,8.00935269272831e-16,,,
a,hypergraph,1-hop hyperedges,4,160,10,0.8507335907335907,0.0022157363414833644,0.8509349884588706,7.049891923234646e-16,,,
a,hypergraph,1-hop hyperedges,4,161,10,0.8507722007722007,0.0022384204801706533,0.8510707479883246,3.9582387610913778e-16,,,
a,hypergraph,1-hop hyperedges,4,162,10,0.8507722007722007,0.0022384204801706533,0.8512060492573262,8.745037575710726e-16,,,
a,hypergraph,1-hop hyperedges,4,163,10,0.8509266409266409,0.002202615378141204,0.8513409049274404,1.9193983409904102e-16,,,
a,hypergraph,1-hop hyperedges,4,164,10,0.8510810810810812,0.0021539495927233323,0.8514753270713088,5.925813588343497e-16,,,
a,hypergraph,1-hop hyperedges,4,165,10,0.8511969111969112,0.0019704153625744692,0.8516093272007981,3.1510694731148686e-16,,,
a,hypergraph,1-hop hyperedges,4,166,10,0.8511969111969112,0.0019704153625744692,0.85174291629358,6.349768293249984e-16,,,
a,hypergraph,1-hop hyperedges,4,167,10,0.8513127413127414,0.001869034298126959,0.8518761048185599,5.671925051606764e-16,,,
a,hypergraph,1-hop hyperedges,4,168,10,0.8513127413127414,0.001869034298126959,0.8520089027601866,1.1466334093198023e-16,,,
a,hypergraph,1-hop hyperedges,4,169,10,0.8513127413127414,0.001869034298126959,0.8521413196413541,4.35368516641099e-16,,,
a,hypergraph,1-hop hyperedges,4,170,10,0.8513899613899614,0.0018241852911096014,0.8522733645454152,7.728265230080603e-16,,,
a,hypergraph,1-hop hyperedges,4,171,10,0.8514285714285714,0.0018454000853472203,0.8524050461371665,6.405600945497153e-16,,,
a,hypergraph,1-hop hyperedges,4,172,10,0.8516988416988417,0.0018059338536587724,0.8525363726826815,7.083806793894472e-16,,,
a,hypergraph,1-hop hyperedges,4,173,10,0.8517374517374516,0.0018914978708750281,0.8526673520681884,1.040758011969136e-15,,,
a,hypergraph,1-hop hyperedges,4,174,10,0.8518918918918919,0.0018400067954349004,0.8527979918183753,5.4149856335063e-16,,,
a,hypergraph,1-hop hyperedges,4,175,10,0.8520849420849421,0.0018059338536587977,0.8529282991133182,8.723084784033882e-16,,,
a,hypergraph,1-hop hyperedges,4,176,10,0.8523938223938223,0.0019437554489612752,0.8530582808051292,6.153703157528312e-16,,,
a,hypergraph,1-hop hyperedges,4,177,10,0.8525868725868726,0.0017343506335055774,0.8531879434332804,7.788284637241505e-16,,,
a,hypergraph,1-hop hyperedges,4,178,10,0.8527027027027027,0.0016805102776319815,0.8533172932397408,4.809542866571309e-16,,,
a,hypergraph,1-hop hyperedges,4,179,10,0.8528185328185328,0.0016561861459094252,0.8534463361828996,2.3434795139979835e-16,,,
a,hypergraph,1-hop hyperedges,4,180,10,0.8528185328185328,0.0016561861459094252,0.8535750779511933,4.966447300634869e-16,,,
a,hypergraph,1-hop hyperedges,4,181,10,0.8531274131274131,0.0021163248176158875,0.8537035239758479,6.355158132343884e-16,,,
a,hypergraph,1-hop hyperedges,4,182,10,0.8531660231660231,0.002130754915335975,0.853831679443149,1.8466672561297192e-16,,,
a,hypergraph,1-hop hyperedges,4,183,10,0.8532432432432433,0.0021260856148037585,0.8539595493061272,9.905280161957225e-16,,,
a,hypergraph,1-hop hyperedges,4,184,10,0.8532432432432433,0.0021260856148037585,0.8540871382955635,5.032194638293272e-16,,,
a,hypergraph,1-hop hyperedges,4,185,10,0.8533976833976833,0.0020915255862537533,0.8542144509305668,6.131407058289218e-16,,,
a,hypergraph,1-hop hyperedges,4,186,10,0.8534362934362936,0.002092713165938499,0.8543414915286951,6.045932051851523e-16,,,
a,hypergraph,1-hop hyperedges,4,187,10,0.8536293436293436,0.0020547732296245713,0.8544682642154424,7.049891923234646e-16,,,
a,hypergraph,1-hop hyperedges,4,188,10,0.8537451737451738,0.0020495268198089437,0.8545947729334784,6.792653800565221e-16,,,
a,hypergraph,1-hop hyperedges,4,189,10,0.8538610038610038,0.00214006295345121,0.8547210214512131,7.184590898933259e-16,,,
a,hypergraph,1-hop hyperedges,4,190,10,0.8538610038610038,0.00214006295345121,0.8548470133710868,3.627861250862591e-16,,,
a,hypergraph,1-hop hyperedges,4,191,10,0.8541312741312741,0.0019330742193584098,0.8549727521376068,6.219010946987663e-16,,,
a,hypergraph,1-hop hyperedges,4,192,10,0.8542471042471043,0.0018314349383214607,0.8550982410446604,4.931856774513482e-16,,,
a,hypergraph,1-hop hyperedges,4,193,10,0.8542857142857143,0.0018219138604052961,0.8552234832426933,6.076435873514005e-16,,,
a,hypergraph,1-hop hyperedges,4,194,10,0.8544015444015445,0.0018866754093072517,0.8553484817456912,1.0192172553284538e-15,,,
a,hypergraph,1-hop hyperedges,4,195,10,0.8544787644787645,0.0018422559183811503,0.8554732394374271,7.875717603708719e-16,,,
a,hypergraph,1-hop hyperedges,4,196,10,0.8546718146718147,0.0017758752443408406,0.8555977590777861,4.711730941083936e-16,,,
a,hypergraph,1-hop hyperedges,4,197,10,0.855019305019305,0.0018494347314285686,0.8557220433085844,6.567125341612366e-16,,,
a,hypergraph,1-hop hyperedges,4,198,10,0.8551737451737452,0.0017874960674869294,0.8558460946592292,7.682051638168127e-16,,,
a,hypergraph,1-hop hyperedges,4,199,10,0.8552123552123552,0.001873902159402963,0.8559699155519581,8.259376162826104e-16,,,
a,hypergraph,1-hop hyperedges,4,200,10,0.8553281853281852,0.0018386560010802341,0.8560935083070369,5.261046397045856e-16,,,
b,hypergraph,1-hop hyperedges,4,,10,,,,,0.9718146718146718,0.0,
a,hypergraph,1-hop hyperedges,8,1,10,0.5811583011583011,0.009585870352854185,0.5787546935806624,2.401209334702682e-16,,,
a,hypergraph,1-hop hyperedges,8,2,10,0.607915057915058,0.010244805102926972,0.60769472063629,2.2080757800230292e-16,,,
a,hypergraph,1-hop hyperedges,8,3,10,0.6334362934362934,0.008337146258279627,0.6335378322030818,2.401209334702682e-16,,,
a,hypergraph,1-hop hyperedges,8,4,10,0.6545173745173745,0.005588609516604423,0.6566268903500787,3.1401849173675503e-16,,,
a,hypergraph,1-hop hyperedges,8,5,10,0.6777992277992279,0.006247592620344905,0.6772666746594208,2.732041085997931e-16,,,
a,hypergraph,1-hop hyperedges,8,6,10,0.6972586872586872,0.009894771904087746,0.6957281134708154,5.7760057522454e-16,,,
a,hypergraph,1-hop hyperedges,8,7,10,0.7135907335907337,0.01182613430495209,0.7122520449893108,1.5213611697165703e-16,,,
a,hypergraph,1-hop hyperedges,8,8,10,0.728030888030888,0.012054194488354006,0.7270525604936089,2.220446049250313e-16,,,
a,hypergraph,1-hop hyperedges,8,9,10,0.7425096525096525,0.012948857588476977,0.740319976078413,1.1040378900115146e-16,,,
a,hypergraph,1-hop hyperedges,8,10,10,0.7567567567567568,0.01550395917258749,0.7522234742046179,5.393444713726544e-16,,,
a,hypergraph,1-hop hyperedges,8,11,10,0.7671428571428571,0.01721837460056991,0.7629134517453802,1.7199501139797033e-16,,,
a,hypergraph,1-hop hyperedges,8,12,10,0.775907335907336,0.01798231432221484,0.7725236071396817,3.7375676399616836e-16,,,
a,hypergraph,1-hop hyperedges,8,13,10,0.783976833976834,0.015484984270390316,0.7811727956413038,5.10112276570874e-16,,,
a,hypergraph,1-hop hyperedges,8,14,10,0.7913127413127413,0.014765500521986828,0.7889666784306205,2.2692528917816504e-16,,,
a,hypergraph,1-hop hyperedges,8,15,10,0.7988416988416989,0.014572128550546383,0.7959991884928972,2.2932668186396046e-16,,,
a,hypergraph,1-hop hyperedges,8,16,10,0.8040540540540541,0.015409925912099507,0.802353833622818,4.2534407146616735e-16,,,
a,hypergraph,1-hop hyperedges,8,17,10,0.8102316602316602,0.013614563660195,0.8081048546521602,6.017549902571372e-16,,,
a,hypergraph,1-hop hyperedges,8,18,10,0.8150579150579151,0.013699159938980876,0.8133182549865724,6.121347318850488e-16,,,
a,hypergraph,1-hop hyperedges,8,19,10,0.8186486486486487,0.01340342483891394,0.8180527157510709,5.931588673612677e-16,,,
a,hypergraph,1-hop hyperedges,8,20,10,0.822123552123552,0.013399716977371223,0.8223604092538462,2.668644028324481e-16,,,
a,hypergraph,1-hop hyperedges,8,21,10,0.8258687258687258,0.01176040339929026,0.8262877220665288,3.5127833901202993e-16,,,
a,hypergraph,1-hop hyperedges,8,22,10,0.8313127413127412,0.011272030151583193,0.8298758977635969,4.628149182669326e-16,,,
a,hypergraph,1-hop hyperedges,8,23,10,0.8340926640926641,0.010182856335528987,0.8331616082475277,4.55657555290797e-16,,,
a,hypergraph,1-hop hyperedges,8,24,10,0.8371814671814672,0.008344791693027882,0.8361774615946487,5.809106342727861e-16,,,
a,hypergraph,1-hop hyperedges,8,25,10,0.8386872586872587,0.00822634470523979,0.8389524534749709,6.268364598597971e-16,,,
a,hypergraph,1-hop hyperedges,8,26,10,0.8417374517374517,0.008307790193528425,0.8415123684154755,6.281460082088984e-16,,,
a,hypergraph,1-hop hyperedges,8,27,10,0.8442084942084943,0.007784496198322758,0.843880136479914,7.972504247597728e-16,,,
a,hypergraph,1-hop hyperedges,8,28,10,0.8462548262548262,0.007254852624948387,0.8460761503185928,5.647727308795045e-16,,,
a,hypergraph,1-hop hyperedges,8,29,10,0.8492664092664093,0.006620742925414774,0.8481185469917903,5.832634613762132e-16,,,
a,hypergraph,1-hop hyperedges,8,30,10,0.8512741312741312,0.00629658063378973,0.8500234584805328,6.014135043749555e-16,,,
a,hypergraph,1-hop hyperedges,8,31,10,0.853050193050193,0.006600698244458007,0.8518052343639887,4.3157713660926247e-16,,,
a,hypergraph,1-hop hyperedges,8,32,10,0.8546718146718147,0.006868777835697599,0.8534766397564336,6.677765640385261e-16,,,
a,hypergraph,1-hop hyperedges,8,33,10,0.856023166023166,0.006568625607738772,0.855049031251825,4.830852420928243e-16,,,
a,hypergraph,1-hop hyperedges,8,34,10,0.8574517374517374,0.006848491688512857,0.8565325133206004,6.51688201249364e-16,,,
a,hypergraph,1-hop hyperedges,8,35,10,0.8593050193050192,0.006844620843671499,0.8579360773300546,5.589225319024555e-16,,,
a,hypergraph,1-hop hyperedges,8,36,10,0.861003861003861,0.005810066069650303,0.8592677251189726,5.728387415049877e-16,,,
a,hypergraph,1-hop hyperedges,8,37,10,0.8627413127413128,0.006512404553449035,0.8605345788430778,4.686959027995967e-16,,,
a,hypergraph,1-hop hyperedges,8,38,10,0.8644401544401544,0.005713618985533705,0.861742978616368,6.12582035365918e-16,,,
a,hypergraph,1-hop hyperedges,8,39,10,0.8659459459459459,0.005293315977944262,0.862898569304632,9.031633787977948e-16,,,
a,hypergraph,1-hop hyperedges,8,40,10,0.8670656370656371,0.004728919812636146,0.8640063776762605,8.406473066991232e-16,,,
a,hypergraph,1-hop hyperedges,8,41,10,0.8677220077220078,0.0053195361255377275,0.8650708809817911,5.583096108584498e-16,,,
a,hypergraph,1-hop hyperedges,8,42,10,0.8687644787644787,0.00517191999923492,0.8660960679144489,5.921189464667501e-16,,,
a,hypergraph,1-hop hyperedges,8,43,10,0.8698455598455599,0.005200663755212391,0.8670854927987076,4.2855183991760767e-16,,,
a,hypergraph,1-hop hyperedges,8,44,10,0.8704247104247104,0.005253740402755808,0.8680423237584378,7.19125961830206e-16,,,
a,hypergraph,1-hop hyperedges,8,45,10,0.8710424710424711,0.004944497480643117,0.8689693855344961,3.6654177513682335e-16,,,
a,hypergraph,1-hop hyperedges,8,46,10,0.8718532818532818,0.004733820974551068,0.8698691975454217,3.966879327499133e-16,,,
a,hypergraph,1-hop hyperedges,8,47,10,0.8724710424710425,0.00498470069948612,0.8707440077205405,7.610405851552287e-16,,,
a,hypergraph,1-hop hyperedges,8,48,10,0.873127413127413,0.0048845047643287,0.8715958225745419,6.414147448224748e-16,,,
a,hypergraph,1-hop hyperedges,8,49,10,0.8738996138996139,0.005412142642110111,0.8724264339414939,6.473657049138938e-16,,,
a,hypergraph,1-hop hyperedges,8,50,10,0.8746718146718147,0.005241114235974013,0.8732374427394933,3.9443744846543383e-16,,,
a,hypergraph,1-hop hyperedges,8,51,10,0.8750193050193051,0.005384066478537816,0.8740302800955811,5.394714207615781e-16,,,
a,hypergraph,1-hop hyperedges,8,52,10,0.8757528957528958,0.005198593141871597,0.8748062261244263,5.367991788694329e-16,,,
a,hypergraph,1-hop hyperedges,8,53,10,0.8763706563706564,0.004960551086130411,0.875566426621606,6.165931646642558e-16,,,
a,hypergraph,1-hop hyperedges,8,54,10,0.876949806949807,0.005021119693082503,0.8763119079026961,2.145154682951613e-16,,,
a,hypergraph,1-hop hyperedges,8,55,10,0.8777992277992277,0.0059515982650048295,0.8770435899948094,6.319500243438062e-16,,,
a,hypergraph,1-hop hyperedges,8,56,10,0.8784169884169885,0.005929850573768316,0.8777622983629747,8.282558098209102e-16,,,
a,hypergraph,1-hop hyperedges,8,57,10,0.8793436293436294,0.005628331944831354,0.8784687743348544,9.041484966745933e-16,,,
a,hypergraph,1-hop hyperedges,8,58,10,0.8800386100386101,0.0056395039477757005,0.8791636843676848,8.064734228432653e-16,,,
a,hypergraph,1-hop hyperedges,8,59,10,0.8801930501930502,0.005607102894380857,0.8798476282867369,2.8761229291112057e-16,,,
a,hypergraph,1-hop hyperedges,8,60,10,0.8805019305019306,0.005325915494609649,0.8805211466090022,6.130290124668822e-16,,,
a,hypergraph,1-hop hyperedges,8,61,10,0.8812741312741312,0.005660611485521047,0.8811847270541892,3.5803616730494477e-16,,,
a,hypergraph,1-hop hyperedges,8,62,10,0.882007722007722,0.005322648968056765,0.8818388103330591,4.977465500091126e-16,,,
a,hypergraph,1-hop hyperedges,8,63,10,0.8825482625482625,0.00533694465869078,0.8824837952933489,6.091068416023228e-16,,,
a,hypergraph,1-hop hyperedges,8,64,10,0.8828185328185327,0.005316577236997383,0.8831200434949601,7.483375372757656e-16,,,
a,hypergraph,1-hop hyperedges,8,65,10,0.8835135135135135,0.00584998361994138,0.8837478832774656,6.952080691894602e-16,,,
a,hypergraph,1-hop hyperedges,8,66,10,0.8843629343629343,0.005451935541821134,0.8843676133764309,7.69985892130607e-16,,,
a,hypergraph,1-hop hyperedges,8,67,10,0.8847490347490348,0.005586979168892735,0.8849795061389447,4.837934747588276e-16,,,
a,hypergraph,1-hop hyperedges,8,68,10,0.8851737451737451,0.005645815156948166,0.8855838103824561,3.3183103333940837e-16,,,
a,hypergraph,1-hop hyperedges,8,69,10,0.8856756756756757,0.0056259771172841935,0.8861807539368695,8.474621618662174e-16,,,
a,hypergraph,1-hop hyperedges,8,70,10,0.886100386100386,0.0058157650078224064,0.8867705459048985,8.539019365573343e-16,,,
a,hypergraph,1-hop hyperedges,8,71,10,0.8865250965250965,0.005661196682616125,0.8873533786720227,8.758339210812022e-16,,,
a,hypergraph,1-hop hyperedges,8,72,10,0.8867953667953667,0.005653437905088246,0.8879294296939859,7.383887375380693e-16,,,
a,hypergraph,1-hop hyperedges,8,73,10,0.887027027027027,0.005767718919046774,0.8884988630863395,6.520033563582585e-16,,,
a,hypergraph,1-hop hyperedges,8,74,10,0.8873745173745174,0.005674639559658056,0.8890618310380554,4.675256240624557e-16,,,
a,hypergraph,1-hop hyperedges,8,75,10,0.8878378378378379,0.005378526047353115,0.8896184750691024,6.807758675344952e-16,,,
a,hypergraph,1-hop hyperedges,8,76,10,0.8886100386100386,0.005158451434705545,0.8901689271485648,9.894904878747548e-16,,,
a,hypergraph,1-hop hyperedges,8,77,10,0.8891119691119691,0.005265078064574756,0.8907133106896563,4.266300731049751e-16,,,
a,hypergraph,1-hop hyperedges,8,78,10,0.8896138996138996,0.005282822834186884,0.891251741434678,6.848875364366864e-16,,,
a,hypergraph,1-hop hyperedges,8,79,10,0.8899613899613901,0.005328247501797804,0.8917843282424064,5.737942696778685e-16,,,
a,hypergraph,1-hop hyperedges,8,80,10,0.8904633204633206,0.00525641955601581,0.8923111737886817,6.520033563582585e-16,,,
a,hypergraph,1-hop hyperedges,8,81,10,0.8908494208494208,0.005287837082533289,0.8928323751898398,2.6194362781338265e-16,,,
a,hypergraph,1-hop hyperedges,8,82,10,0.8913513513513515,0.005241114235974013,0.8933480245576376,2.409749525270948e-16,,,
a,hypergraph,1-hop hyperedges,8,83,10,0.8915830115830115,0.005069543648546666,0.8938582094930311,6.175918764646196e-16,,,
a,hypergraph,1-hop hyperedges,8,84,10,0.8923552123552124,0.004728044070519978,0.8943630135259081,7.805849577542928e-16,,,
a,hypergraph,1-hop hyperedges,8,85,10,0.8927413127413126,0.004845692304041222,0.8948625165065804,7.585169950251095e-16,,,
a,hypergraph,1-hop hyperedges,8,86,10,0.8934749034749034,0.004459974787342432,0.8953567949543823,3.0874049412768256e-16,,,
a,hypergraph,1-hop hyperedges,8,87,10,0.8938610038610039,0.004580893016666141,0.8958459223682237,4.965068306494546e-16,,,
a,hypergraph,1-hop hyperedges,8,88,10,0.8947490347490348,0.004694291985883757,0.8963299695032996,7.443003754481024e-16,,,
a,hypergraph,1-hop hyperedges,8,89,10,0.8956370656370657,0.004815689852006089,0.8968090046176955,7.682051638168127e-16,,,
a,hypergraph,1-hop hyperedges,8,90,10,0.896061776061776,0.004983869902183804,0.8972830936920854,8.311444592496875e-16,,,
a,hypergraph,1-hop hyperedges,8,91,10,0.8963320463320464,0.005177681516059559,0.8977523006258071,1.0482972224415722e-15,,,
a,hypergraph,1-hop hyperedges,8,92,10,0.8968339768339769,0.005195405971477041,0.8982166874117036,5.418778083346824e-16,,,
a,hypergraph,1-hop hyperedges,8,93,10,0.8972586872586874,0.005229249517002779,0.8986763142921076,6.149250405022299e-16,,,
a,hypergraph,1-hop hyperedges,8,94,10,0.8979922779922781,0.005600452313349418,0.8991312398981524,1.9894722988601306e-16,,,
a,hypergraph,1-hop hyperedges,8,95,10,0.8986872586872586,0.00523795293872277,0.899581521374141,6.165931646642558e-16,,,
a,hypergraph,1-hop hyperedges,8,96,10,0.8989961389961391,0.005247431116940858,0.9000272144887408,9.011139236013532e-16,,,
a,hypergraph,1-hop hyperedges,8,97,10,0.8995366795366795,0.005092363393190232,0.9004683737343575,8.795788186361215e-16,,,
a,hypergraph,1-hop hyperedges,8,98,10,0.8998841698841697,0.005189823713529553,0.9009050524160862,8.764591818576685e-16,,,
a,hypergraph,1-hop hyperedges,8,99,10,0.9003088803088802,0.005040052161260466,0.9013373027312588,2.587875652592788e-16,,,
a,hypergraph,1-hop hyperedges,8,100,10,0.9006949806949807,0.005239849945945726,0.9017651758408706,1.0368027480586152e-15,,,
a,hypergraph,1-hop hyperedges,8,101,10,0.9015830115830117,0.004673959181760898,0.9021887219334703,7.7353505079658035e-16,,,
a,hypergraph,1-hop hyperedges,8,102,10,0.9018918918918919,0.004712780107491811,0.9026079902825842,5.259744641143943e-16,,,
a,hypergraph,1-hop hyperedges,8,103,10,0.9022007722007721,0.004808805866138138,0.9030230292982676,8.944016221478371e-16,,,
a,hypergraph,1-hop hyperedges,8,104,10,0.9024324324324324,0.004815689852006088,0.9034338865735364,6.121347318850488e-16,,,
a,hypergraph,1-hop hyperedges,8,105,10,0.9024710424710424,0.004853889139283688,0.9038406089261073,5.696019998874606e-16,,,
a,hypergraph,1-hop hyperedges,8,106,10,0.9029343629343629,0.00500509489000204,0.9042432424359866,7.025566780240599e-16,,,
a,hypergraph,1-hop hyperedges,8,107,10,0.9035521235521236,0.004678740908108823,0.9046418324795052,4.966447300634869e-16,,,
a,hypergraph,1-hop hyperedges,8,108,10,0.903976833976834,0.004517539514526247,0.9050364237600752,9.001254846246425e-16,,,
a,hypergraph,1-hop hyperedges,8,109,10,0.9044015444015445,0.004711901365691623,0.9054270603359107,4.59995112173319e-16,,,
a,hypergraph,1-hop hyperedges,8,110,10,0.9048262548262548,0.004623362920639906,0.9058137856454065,5.799668308317901e-16,,,
a,hypergraph,1-hop hyperedges,8,111,10,0.905057915057915,0.004548234142372953,0.9061966425299138,5.739135988399525e-16,,,
a,hypergraph,1-hop hyperedges,8,112,10,0.9053667953667954,0.004366141196452401,0.9065756732546928,6.324915875800049e-16,,,
a,hypergraph,1-hop hyperedges,8,113,10,0.9059459459459459,0.003861861766549625,0.9069509195280159,7.798828348708098e-16,,,
a,hypergraph,1-hop hyperedges,8,114,10,0.9061003861003861,0.003829991279579093,0.9073224225184429,8.836178807285575e-16,,,
a,hypergraph,1-hop hyperedges,8,115,10,0.9066409266409267,0.0037557511386298223,0.9076902228708994,5.475349623427147e-16,,,
a,hypergraph,1-hop hyperedges,8,116,10,0.9069111969111969,0.003758616694394993,0.9080543607212872,6.085444678866281e-16,,,
a,hypergraph,1-hop hyperedges,8,117,10,0.9071428571428571,0.003805913277379969,0.9084148757099768,8.205308463447373e-16,,,
a,hypergraph,1-hop hyperedges,8,118,10,0.9076061776061776,0.0037744480738118795,0.9087718069942229,6.303225428255951e-16,,,
a,hypergraph,1-hop hyperedges,8,119,10,0.9078764478764478,0.0035582734519155968,0.9091251932598174,6.504260537743096e-16,,,
a,hypergraph,1-hop hyperedges,8,120,10,0.908108108108108,0.003571283635910333,0.9094750727316925,9.143907187429846e-16,,,
a,hypergraph,1-hop hyperedges,8,121,10,0.9087258687258688,0.0034543459787636233,0.9098214831838869,5.343699215785019e-16,,,
a,hypergraph,1-hop hyperedges,8,122,10,0.9087644787644787,0.0035012585575205403,0.9101644619489149,7.5262603964687015e-16,,,
a,hypergraph,1-hop hyperedges,8,123,10,0.909034749034749,0.0034543459787636237,0.9105040459264344,5.025386091489268e-16,,,
a,hypergraph,1-hop hyperedges,8,124,10,0.9093050193050193,0.0034121314432873653,0.9108402715913201,7.424580449606802e-16,,,
a,hypergraph,1-hop hyperedges,8,125,10,0.9097297297297298,0.0030499486730704906,0.9111731750015941,5.757005681840508e-16,,,
a,hypergraph,1-hop hyperedges,8,126,10,0.9102316602316602,0.00366400021762849,0.9115027918054099,3.2872102064377707e-16,,,
a,hypergraph,1-hop hyperedges,8,127,10,0.9110424710424712,0.003955095463012821,0.9118291572482047,8.701863570530227e-16,,,
a,hypergraph,1-hop hyperedges,8,128,10,0.9116216216216216,0.003624000009345874,0.912152306178957,3.183499858928491e-16,,,
a,hypergraph,1-hop hyperedges,8,129,10,0.9118918918918919,0.003602684199684158,0.912472273056579,2.6168207644729585e-16,,,
a,hypergraph,1-hop hyperedges,8,130,10,0.9122779922779923,0.003509527677274642,0.9127890919558419,3.351165692402871e-16,,,
a,hypergraph,1-hop hyperedges,8,131,10,0.9124324324324323,0.003481094632443597,0.9131027965729137,8.584608047532604e-16,,,
a,hypergraph,1-hop hyperedges,8,132,10,0.9126640926640925,0.003325348336621605,0.9134134202309564,6.578585392965695e-16,,,
a,hypergraph,1-hop hyperedges,8,133,10,0.9127799227799228,0.0032223901111730112,0.9137209958853145,2.691638992575471e-16,,,
a,hypergraph,1-hop hyperedges,8,134,10,0.912934362934363,0.0032007284724442264,0.9140255561284164,9.304260693193737e-16,,,
a,hypergraph,1-hop hyperedges,8,135,10,0.9131660231660232,0.00324288572318005,0.9143271331948764,5.280534226692455e-16,,,
a,hypergraph,1-hop hyperedges,8,136,10,0.9134362934362935,0.0031619397969785074,0.9146257589660303,7.045033613841408e-16,,,
a,hypergraph,1-hop hyperedges,8,137,10,0.9138223938223937,0.003188024546798681,0.9149214649744742,7.695410963612203e-16,,,
a,hypergraph,1-hop hyperedges,8,138,10,0.9142857142857143,0.003281222338219287,0.9152142824086708,6.2464777838731825e-16,,,
a,hypergraph,1-hop hyperedges,8,139,10,0.914864864864865,0.0030578132227842346,0.9155042421170141,9.916335165578633e-16,,,
a,hypergraph,1-hop hyperedges,8,140,10,0.9153281853281854,0.003002052923190135,0.9157913746122212,4.32369749098139e-16,,,
a,hypergraph,1-hop hyperedges,8,141,10,0.9154826254826254,0.0030371594310581855,0.9160757100753157,8.536613217204837e-16,,,
a,hypergraph,1-hop hyperedges,8,142,10,0.9156756756756756,0.0028616611808879883,0.9163572783596446,8.777083671441752e-16,,,
a,hypergraph,1-hop hyperedges,8,143,10,0.9159459459459459,0.00290103907609791,0.9166361089947378,4.949874015372748e-16,,,
a,hypergraph,1-hop hyperedges,8,144,10,0.9166023166023166,0.002889310723377561,0.9169122311901514,4.790997919185434e-16,,,
a,hypergraph,1-hop hyperedges,8,145,10,0.9168725868725869,0.00307832844271085,0.9171856738392741,6.904639154867512e-16,,,
a,hypergraph,1-hop hyperedges,8,146,10,0.917142857142857,0.0031005781562734786,0.9174564655228448,8.51090530799751e-16,,,
a,hypergraph,1-hop hyperedges,8,147,10,0.9172972972972973,0.0030984405633573625,0.9177246345126722,7.114673200624298e-16,,,
a,hypergraph,1-hop hyperedges,8,148,10,0.9176061776061776,0.0028558671656690213,0.9179902087750758,1.10211345015601e-15,,,
a,hypergraph,1-hop hyperedges,8,149,10,0.917953667953668,0.0027316583367813546,0.9182532159744632,8.205308463447373e-16,,,
a,hypergraph,1-hop hyperedges,8,150,10,0.9182239382239382,0.002836078974690211,0.9185136834766437,9.161862839847215e-16,,,
a,hypergraph,1-hop hyperedges,8,151,10,0.9184555984555984,0.0028996113290376178,0.9187716383521736,8.403214112394255e-16,,,
a,hypergraph,1-hop hyperedges,8,152,10,0.9189575289575289,0.0033926584268462413,0.9190271073797946,8.612481517756535e-16,,,
a,hypergraph,1-hop hyperedges,8,153,10,0.9193050193050194,0.0033953425890020155,0.9192801170495258,9.39799400301652e-16,,,
a,hypergraph,1-hop hyperedges,8,154,10,0.9194980694980694,0.003372090735282842,0.9195306935659774,7.003113025048569e-16,,,
a,hypergraph,1-hop hyperedges,8,155,10,0.9196138996138996,0.0033992430412806474,0.9197788628514946,6.062897566593623e-16,,,
a,hypergraph,1-hop hyperedges,8,156,10,0.9202702702702703,0.003159057325259604,0.9200246505491592,7.123330279309136e-16,,,
a,hypergraph,1-hop hyperedges,8,157,10,0.9205405405405406,0.0030281474738435535,0.9202680820260785,5.568358477663801e-16,,,
a,hypergraph,1-hop hyperedges,8,158,10,0.9206949806949807,0.0030248637416571745,0.9205091823762592,6.306483751258912e-16,,,
a,hypergraph,1-hop hyperedges,8,159,10,0.9208494208494209,0.003029241260216163,0.9207479764236147,4.686959027995967e-16,,,
a,hypergraph,1-hop hyperedges,8,160,10,0.9210424710424711,0.002919252566850379,0.9209844887249699,7.534444576204274e-16,,,
a,hypergraph,1-hop hyperedges,8,161,10,0.9212741312741313,0.0029876730733753125,0.9212187435729152,6.578585392965695e-16,,,
a,hypergraph,1-hop hyperedges,8,162,10,0.9213899613899613,0.003121873586194612,0.9214507649987647,8.85166458644123e-16,,,
a,hypergraph,1-hop hyperedges,8,163,10,0.9214285714285715,0.003100845251777801,0.9216805767753664,6.219010946987663e-16,,,
a,hypergraph,1-hop hyperedges,8,164,10,0.9217374517374518,0.0031051156552497137,0.9219082024198645,6.180352303454554e-16,,,
a,hypergraph,1-hop hyperedges,8,165,10,0.921969111969112,0.0030207540566721145,0.9221336651966308,2.1862593939276816e-16,,,
a,hypergraph,1-hop hyperedges,8,166,10,0.922123552123552,0.0030675480613501214,0.9223569881197072,6.306483751258912e-16,,,
a,hypergraph,1-hop hyperedges,8,167,10,0.9222779922779922,0.003121077629800569,0.9225781939559037,4.0217393820828435e-16,,,
a,hypergraph,1-hop hyperedges,8,168,10,0.9225482625482625,0.003111244091303339,0.9227973052271603,9.636866601090662e-16,,,
a,hypergraph,1-hop hyperedges,8,169,10,0.9225868725868726,0.0031851656810204763,0.9230143442133704,8.506881429323347e-16,,,
a,hypergraph,1-hop hyperedges,8,170,10,0.9228185328185328,0.0030643065513978667,0.9232293329549236,4.942952079368013e-16,,,
a,hypergraph,1-hop hyperedges,8,171,10,0.9232818532818532,0.0029631789736447776,0.9234422932553332,7.160723346098895e-16,,,
a,hypergraph,1-hop hyperedges,8,172,10,0.9235135135135135,0.0029203871384310626,0.9236532466838089,9.590567776126588e-16,,,
a,hypergraph,1-hop hyperedges,8,173,10,0.923822393822394,0.0031684811168026846,0.9238622145776854,9.241490647705918e-16,,,
a,hypergraph,1-hop hyperedges,8,174,10,0.9240926640926641,0.0034011915900455897,0.9240692180450647,6.4365280257239515e-16,,,
a,hypergraph,1-hop hyperedges,8,175,10,0.9244015444015444,0.0033992430412806644,0.9242742779671925,6.477886815711839e-16,,,
a,hypergraph,1-hop hyperedges,8,176,10,0.9245945945945946,0.0034679849138695394,0.9244774150009955,8.098626935988801e-16,,,
a,hypergraph,1-hop hyperedges,8,177,10,0.9247104247104246,0.0034725193212952477,0.9246786495813126,5.861912152474223e-16,,,
a,hypergraph,1-hop hyperedges,8,178,10,0.9248262548262549,0.0033711081913414677,0.924878001923563,7.184590898933259e-16,,,
a,hypergraph,1-hop hyperedges,8,179,10,0.9249806949806949,0.003548251111344772,0.9250754920258493,1.0212979090968316e-15,,,
a,hypergraph,1-hop hyperedges,8,180,10,0.9250965250965251,0.003519895580740638,0.9252711396714803,2.8570122661173844e-16,,,
a,hypergraph,1-hop hyperedges,8,181,10,0.9252895752895753,0.0034593771057183126,0.9254649644312238,1.0165262479781645e-15,,,
a,hypergraph,1-hop hyperedges,8,182,10,0.9254826254826256,0.0034244876951480168,0.9256569856655528,9.746383979218318e-16,,,
a,hypergraph,1-hop hyperedges,8,183,10,0.9257142857142856,0.0035302330349536574,0.9258472225269567,6.615952224608696e-16,,,
a,hypergraph,1-hop hyperedges,8,184,10,0.9258687258687258,0.0035386684903134023,0.9260356939622078,1.0842609818713092e-15,,,
a,hypergraph,1-hop hyperedges,8,185,10,0.9260617760617761,0.0034832351615764214,0.9262224187144644,5.234949775817731e-16,,,
a,hypergraph,1-hop hyperedges,8,186,10,0.9261776061776061,0.003542411133866421,0.9264074153256185,5.515225249907742e-16,,,
a,hypergraph,1-hop hyperedges,8,187,10,0.9264478764478765,0.003478476641374412,0.9265907021383738,3.3532084635114423e-16,,,
a,hypergraph,1-hop hyperedges,8,188,10,0.9265637065637066,0.00344762638872654,0.9267722972983137,9.125916206523546e-16,,,
a,hypergraph,1-hop hyperedges,8,189,10,0.9267567567567567,0.00360842663088395,0.9269522187561812,1.5006959453504813e-15,,,
a,hypergraph,1-hop hyperedges,8,190,10,0.9269111969111969,0.003496524565959144,0.9271304842699054,3.7758465807882843e-16,,,
a,hypergraph,1-hop hyperedges,8,191,10,0.9272586872586872,0.0035302330349536453,0.927307111406602,1.4645315090799151e-15,,,
a,hypergraph,1-hop hyperedges,8,192,10,0.9274131274131274,0.0034293211311387907,0.927482117544751,5.543708695380309e-16,,,
a,hypergraph,1-hop hyperedges,8,193,10,0.9274517374517375,0.0034218263951843043,0.927655519876178,3.0874049412768256e-16,,,
a,hypergraph,1-hop hyperedges,8,194,10,0.9277220077220077,0.003290296253544351,0.9278273354080152,5.810285019080201e-16,,,
a,hypergraph,1-hop hyperedges,8,195,10,0.9278378378378379,0.0034411343571269376,0.9279975809647063,4.723343357811471e-16,,,
a,hypergraph,1-hop hyperedges,8,196,10,0.927953667953668,0.003473473179113339,0.9281662731900511,4.847832622390062e-16,,,
a,hypergraph,1-hop hyperedges,8,197,10,0.927992277992278,0.0035210718198981695,0.9283334285490549,5.433921414455764e-16,,,
a,hypergraph,1-hop hyperedges,8,198,10,0.9281081081081082,0.0035330470912274714,0.9284990633298771,1.13848245172421e-15,,,
a,hypergraph,1-hop hyperedges,8,199,10,0.9282239382239382,0.003512594106585951,0.9286631936457523,9.125916206523546e-16,,,
a,hypergraph,1-hop hyperedges,8,200,10,0.9283783783783784,0.0036276546176204367,0.9288258354368859,9.954931000182252e-16,,,
b,hypergraph,1-hop hyperedges,8,,10,,,,,0.9938223938223938,0.0,
a,hypergraph,1-hop hyperedges,16,1,10,0.6187258687258688,0.0076384366670393155,0.6195003749158123,4.094300213216723e-16,,,
a,hypergraph,1-hop hyperedges,16,2,10,0.6764478764478764,0.011394141559274842,0.6764181453835512,4.623708290059234e-16,,,
a,hypergraph,1-hop hyperedges,16,3,10,0.7159073359073359,0.013394462416501354,0.7208960348027434,7.788284637241505e-16,,,
a,hypergraph,1-hop hyperedges,16,4,10,0.7527027027027027,0.013812648002584419,0.755840514505136,5.728387415049877e-16,,,
a,hypergraph,1-hop hyperedges,16,5,10,0.7817760617760617,0.013405587284537779,0.783468971120965,7.770679993035163e-16,,,
a,hypergraph,1-hop hyperedges,16,6,10,0.8048262548262548,0.012547107493946783,0.8054736172402134,4.2855183991760767e-16,,,
a,hypergraph,1-hop hyperedges,16,7,10,0.822046332046332,0.012895020748488709,0.8231463841675424,6.682890950557531e-16,,,
a,hypergraph,1-hop hyperedges,16,8,10,0.8365250965250965,0.012160902333747402,0.8374740862950493,3.717359458432082e-16,,,
a,hypergraph,1-hop hyperedges,16,9,10,0.8479922779922779,0.010835373823709752,0.8492109348490754,8.65056194598837e-16,,,
a,hypergraph,1-hop hyperedges,16,10,10,0.858918918918919,0.010482860521661995,0.8589337936116064,1.0975683763124982e-15,,,
a,hypergraph,1-hop hyperedges,16,11,10,0.8672586872586873,0.010300513815585305,0.8670842852850351,7.664202981063753e-16,,,
a,hypergraph,1-hop hyperedges,16,12,10,0.875945945945946,0.008951924310605944,0.8740008789358772,8.522965545460189e-16,,,
a,hypergraph,1-hop hyperedges,16,13,10,0.8818146718146718,0.009094009742844108,0.8799433436305562,5.374366321030183e-16,,,
a,hypergraph,1-hop hyperedges,16,14,10,0.8874517374517374,0.008685590192029465,0.88511138551093,4.987086455776025e-16,,,
a,hypergraph,1-hop hyperedges,16,15,10,0.8915830115830117,0.007838672547919926,0.889658852896526,1.0968818694282035e-15,,,
a,hypergraph,1-hop hyperedges,16,16,10,0.895019305019305,0.007083068613296898,0.8937045643535855,8.51090530799751e-16,,,
a,hypergraph,1-hop hyperedges,16,17,10,0.8993050193050193,0.006887080480704999,0.8973405635107368,4.55657555290797e-16,,,
a,hypergraph,1-hop hyperedges,16,18,10,0.9025868725868726,0.006220491427370377,0.9006384130390572,6.490559576730985e-16,,,
a,hypergraph,1-hop hyperedges,16,19,10,0.9047876447876447,0.006053559370083458,0.9036539944155846,7.996517868992285e-16,,,
a,hypergraph,1-hop hyperedges,16,20,10,0.9079150579150579,0.00612171737144158,0.9064311690019025,8.188600426433446e-16,,,
a,hypergraph,1-hop hyperedges,16,21,10,0.9107335907335907,0.005818043020055385,0.9090045713322041,8.321325449474176e-16,,,
a,hypergraph,1-hop hyperedges,16,22,10,0.9135521235521236,0.006160018937684269,0.9114017410184685,8.397507898534819e-16,,,
a,hypergraph,1-hop hyperedges,16,23,10,0.9159073359073359,0.006041508113344215,0.9136447505462211,4.4777466067618635e-16,,,
a,hypergraph,1-hop hyperedges,16,24,10,0.9173745173745174,0.005998033563825511,0.9157514488002594,3.4239377277779376e-16,,,
a,hypergraph,1-hop hyperedges,16,25,10,0.918841698841699,0.0057117343313380356,0.9177364116350546,7.196019205571623e-16,,,
a,hypergraph,1-hop hyperedges,16,26,10,0.9207722007722008,0.005883158662408922,0.9196116690739202,8.519751151400755e-16,,,
a,hypergraph,1-hop hyperedges,16,27,10,0.9222007722007722,0.005651826258055701,0.9213872621614645,4.769510303399906e-16,,,
a,hypergraph,1-hop hyperedges,16,28,10,0.9241312741312742,0.005403106700047184,0.9230716698776718,2.6272671962866383e-16,,,
a,hypergraph,1-hop hyperedges,16,29,10,0.9254440154440153,0.005808497881402855,0.9246721369095295,9.00505781859331e-16,,,
a,hypergraph,1-hop hyperedges,16,30,10,0.9267567567567567,0.0056979429360142705,0.9261949257505696,5.973004458285071e-16,,,
a,hypergraph,1-hop hyperedges,16,31,10,0.9283011583011582,0.005132053794040541,0.9276455110185449,8.426812978328035e-16,,,
a,hypergraph,1-hop hyperedges,16,32,10,0.9295366795366796,0.0050579314319507095,0.9290287296281399,8.950139115381518e-16,,,
a,hypergraph,1-hop hyperedges,16,33,10,0.9306177606177606,0.005193014309990707,0.9303488972153522,4.0623982696478914e-16,,,
a,hypergraph,1-hop hyperedges,16,34,10,0.9316602316602317,0.004866839228105273,0.9316098987413601,9.982408090809539e-16,,,
a,hypergraph,1-hop hyperedges,16,35,10,0.9323552123552122,0.004479799877359897,0.9328152593211664,8.2618630528798e-16,,,
a,hypergraph,1-hop hyperedges,16,36,10,0.9333590733590734,0.004167182180658421,0.9339681998890269,9.362953977941486e-16,,,
a,hypergraph,1-hop hyperedges,16,37,10,0.9346332046332047,0.004406170659162033,0.9350716812195025,6.076435873514005e-16,,,
a,hypergraph,1-hop hyperedges,16,38,10,0.9352895752895753,0.004492353532221205,0.9361284389901681,9.031633787977948e-16,,,
a,hypergraph,1-hop hyperedges,16,39,10,0.9365250965250965,0.004540032715716205,0.9371410119371208,1.1367970585695922e-15,,,
a,hypergraph,1-hop hyperedges,16,40,10,0.9375675675675674,0.004997974674653393,0.9381117646702597,1.2552559440879022e-15,,,
a,hypergraph,1-hop hyperedges,16,41,10,0.9384555984555984,0.004753897751852169,0.9390429063468181,9.706958976325453e-16,,,
a,hypergraph,1-hop hyperedges,16,42,10,0.9395752895752896,0.004448074558245949,0.939936506119763,7.706081748904818e-16,,,
a,hypergraph,1-hop hyperedges,16,43,10,0.9403088803088803,0.004473880086366412,0.9407945060633797,1.0697645220531186e-15,,,
a,hypergraph,1-hop hyperedges,16,44,10,0.941003861003861,0.0047420365369531545,0.9416187321146815,3.817330735430965e-16,,,
a,hypergraph,1-hop hyperedges,16,45,10,0.9417760617760618,0.0046037962719758995,0.9424109034443571,8.808235796603062e-16,,,
a,hypergraph,1-hop hyperedges,16,46,10,0.9423552123552124,0.004557692966195688,0.9431726405754945,8.992121150493565e-16,,,
a,hypergraph,1-hop hyperedges,16,47,10,0.9434362934362934,0.004747098620722775,0.9439054724957204,7.657051868724182e-16,,,
a,hypergraph,1-hop hyperedges,16,48,10,0.9439382239382239,0.004549508591049814,0.9446108429526616,9.721762088553037e-16,,,
a,hypergraph,1-hop hyperedges,16,49,10,0.9447876447876448,0.004142465106674666,0.9452901160799516,4.659116911540703e-16,,,
a,hypergraph,1-hop hyperedges,16,50,10,0.9452509652509653,0.004259954818822835,0.9459445814688623,9.59413715649362e-16,,,
a,hypergraph,1-hop hyperedges,16,51,10,0.9458301158301158,0.004110553972677037,0.946575458775151,1.3138420948668199e-15,,,
a,hypergraph,1-hop hyperedges,16,52,10,0.9464478764478764,0.004045567305361918,0.9471839019320619,8.458445574865468e-16,,,
a,hypergraph,1-hop hyperedges,16,53,10,0.9472200772200772,0.003937677135010809,0.9477710030253107,3.766767830981465e-16,,,
a,hypergraph,1-hop hyperedges,16,54,10,0.9478764478764479,0.004310974060345998,0.9483377958750593,2.401209334702682e-16,,,
a,hypergraph,1-hop hyperedges,16,55,10,0.9487258687258688,0.00358886487679453,0.9488852593607323,7.605905581599573e-16,,,
a,hypergraph,1-hop hyperedges,16,56,10,0.9495752895752896,0.0036592504391219486,0.9494143205176678,7.670454735394362e-16,,,
a,hypergraph,1-hop hyperedges,16,57,10,0.9501158301158302,0.0033845931683040473,0.9499258574301574,9.274774766744465e-16,,,
a,hypergraph,1-hop hyperedges,16,58,10,0.9506563706563707,0.0032190472485690556,0.9504207019403154,7.652579030052465e-16,,,
a,hypergraph,1-hop hyperedges,16,59,10,0.9511583011583011,0.003116829096090701,0.9508996421896845,4.723343357811471e-16,,,
a,hypergraph,1-hop hyperedges,16,60,10,0.9513899613899615,0.0029486095485139877,0.9513634250077365,1.0394412629449524e-15,,,
a,hypergraph,1-hop hyperedges,16,61,10,0.9518532818532819,0.00271218536256126,0.9518127581593949,9.25999659488624e-16,,,
a,hypergraph,1-hop hyperedges,16,62,10,0.9521621621621621,0.0026403922178977776,0.9522483124623514,1.0633440792221414e-15,,,
a,hypergraph,1-hop hyperedges,16,63,10,0.9526254826254826,0.002784506921512306,0.9526707237832547,1.0015281093366473e-15,,,
a,hypergraph,1-hop hyperedges,16,64,10,0.9528571428571428,0.0027085185938329113,0.9530805949211805,4.317357755179869e-16,,,
a,hypergraph,1-hop hyperedges,16,65,10,0.9532046332046331,0.002777061304352358,0.953478497385665,1.1303332983761253e-15,,,
a,hypergraph,1-hop hyperedges,16,66,10,0.9535907335907335,0.002961781181702456,0.9538649730761367,3.342982125383114e-16,,,
a,hypergraph,1-hop hyperedges,16,67,10,0.9541312741312741,0.003369879608556631,0.9542405358686938,4.0607122773488184e-16,,,
a,hypergraph,1-hop hyperedges,16,68,10,0.9545173745173745,0.00322418867853214,0.954605673115663,3.159750121719031e-16,,,
a,hypergraph,1-hop hyperedges,16,69,10,0.9547876447876448,0.0031496053373426887,0.9549608470637325,6.39811339069313e-16,,,
a,hypergraph,1-hop hyperedges,16,70,10,0.9552509652509652,0.0031390697489077756,0.9553064961941662,1.0529899467202798e-15,,,
a,hypergraph,1-hop hyperedges,16,71,10,0.9555984555984557,0.0029628994680106218,0.9556430364910092,5.264949733601399e-16,,,
a,hypergraph,1-hop hyperedges,16,72,10,0.9556756756756757,0.00296736839885807,0.955970862640048,8.44629321155499e-16,,,
a,hypergraph,1-hop hyperedges,16,73,10,0.956023166023166,0.0029542216768283724,0.9562903491633239,3.932203143583111e-16,,,
a,hypergraph,1-hop hyperedges,16,74,10,0.9564092664092664,0.002839872671572704,0.9566018514922885,9.49585088485209e-16,,,
a,hypergraph,1-hop hyperedges,16,75,10,0.9567953667953668,0.0026591452391886545,0.956905706983048,1.2209088495149302e-15,,,
a,hypergraph,1-hop hyperedges,16,76,10,0.9570656370656371,0.002546832145372268,0.9572022358770962,1.3238113210542507e-15,,,
a,hypergraph,1-hop hyperedges,16,77,10,0.9572200772200772,0.002480943271046916,0.9574917422102887,8.023020540029939e-16,,,
a,hypergraph,1-hop hyperedges,16,78,10,0.9575289575289576,0.002717980962927017,0.9577745146729224,1.0941315344493727e-15,,,
a,hypergraph,1-hop hyperedges,16,79,10,0.9576833976833976,0.002594512878940369,0.9580508274237134,6.014135043749555e-16,,,
a,hypergraph,1-hop hyperedges,16,80,10,0.9577992277992278,0.0025288838446042915,0.9583209408599872,4.803844354064768e-16,,,
a,hypergraph,1-hop hyperedges,16,81,10,0.957992277992278,0.00248761069309641,0.9585851023465495,9.379760323967005e-16,,,
a,hypergraph,1-hop hyperedges,16,82,10,0.9581853281853281,0.002421820463911976,0.9588435469054619,4.440892098500626e-16,,,
a,hypergraph,1-hop hyperedges,16,83,10,0.9584169884169883,0.0022295231128072203,0.9590964978688374,9.38049035162301e-16,,,
a,hypergraph,1-hop hyperedges,16,84,10,0.9586100386100386,0.002322315277969609,0.9593441674966783,5.944274111531574e-16,,,
a,hypergraph,1-hop hyperedges,16,85,10,0.9588416988416988,0.0024635235241195056,0.9595867575614466,6.731895390209797e-16,,,
a,hypergraph,1-hop hyperedges,16,86,10,0.958957528957529,0.002380430566492906,0.959824459901594,1.0625710190841708e-15,,,
a,hypergraph,1-hop hyperedges,16,87,10,0.959073359073359,0.002352080679858063,0.9600574569450803,7.498002067139209e-16,,,
a,hypergraph,1-hop hyperedges,16,88,10,0.9595752895752895,0.0021844927633234354,0.960285922205221,6.041399868267168e-16,,,
a,hypergraph,1-hop hyperedges,16,89,10,0.95992277992278,0.0021597093398613297,0.9605100207496335,7.664202981063753e-16,,,
a,hypergraph,1-hop hyperedges,16,90,10,0.96,0.00213967592696222,0.9607299096444981,8.410544984433693e-16,,,
a,hypergraph,1-hop hyperedges,16,91,10,0.96007722007722,0.0021474032035638992,0.9609457383745836,1.0404947954722687e-15,,,
a,hypergraph,1-hop hyperedges,16,92,10,0.9603088803088802,0.0019754526490965117,0.961157649241154,3.3613671336335435e-16,,,
a,hypergraph,1-hop hyperedges,16,93,10,0.9603088803088802,0.0019754526490965117,0.9613657777384516,7.854822450541153e-16,,,
a,hypergraph,1-hop hyperedges,16,94,10,0.9605019305019304,0.001891935666939429,0.9615702529100796,7.442083672426148e-16,,,
a,hypergraph,1-hop hyperedges,16,95,10,0.9608494208494209,0.0020608101828826922,0.961771197686238,1.1053396391900073e-15,,,
a,hypergraph,1-hop hyperedges,16,96,10,0.9609266409266409,0.00207363027656349,0.9619687292031738,4.798139073721491e-16,,,
a,hypergraph,1-hop hyperedges,16,97,10,0.9612741312741313,0.0019093651982654487,0.9621629591051803,9.651067709002552e-16,,,
a,hypergraph,1-hop hyperedges,16,98,10,0.9615444015444016,0.0019704153625744675,0.962353993830957,4.629628533572592e-16,,,
a,hypergraph,1-hop hyperedges,16,99,10,0.9616216216216216,0.0019954746402382714,0.9625419348842239,8.691627469949071e-16,,,
a,hypergraph,1-hop hyperedges,16,100,10,0.9618146718146718,0.002070832662889871,0.9627268790901093,1.013490324081353e-15,,,
a,hypergraph,1-hop hyperedges,16,101,10,0.9620077220077221,0.002068832051213406,0.9629089188378985,8.182744553693383e-16,,,
a,hypergraph,1-hop hyperedges,16,102,10,0.9621621621621621,0.0019175887291829471,0.9630881423107001,6.824837119872477e-16,,,
a,hypergraph,1-hop hyperedges,16,103,10,0.9624324324324324,0.0018386560010802528,0.9632646337029435,8.459255111697954e-16,,,
a,hypergraph,1-hop hyperedges,16,104,10,0.9625482625482625,0.0017833212947942281,0.9634384734262804,3.1942368197945953e-16,,,
a,hypergraph,1-hop hyperedges,16,105,10,0.9627027027027028,0.0015678190304083592,0.9636097383044133,7.428268766003998e-16,,,
a,hypergraph,1-hop hyperedges,16,106,10,0.9631660231660233,0.0013399655170986274,0.9637785017577926,9.875508518973236e-16,,,
a,hypergraph,1-hop hyperedges,16,107,10,0.9634362934362934,0.0012747161404802617,0.9639448339781358,8.748951920643198e-16,,,
a,hypergraph,1-hop hyperedges,16,108,10,0.9635135135135136,0.001328170362969781,0.9641088020940198,9.128167018299422e-16,,,
a,hypergraph,1-hop hyperedges,16,109,10,0.9637451737451738,0.0015276873334078666,0.9642704703272559,7.858308834401479e-16,,,
a,hypergraph,1-hop hyperedges,16,110,10,0.9638223938223938,0.001544937701871051,0.9644299001414636,4.160662724737088e-16,,,
a,hypergraph,1-hop hyperedges,16,111,10,0.964015444015444,0.0016156864686203514,0.9645871503821573,7.989664199107425e-16,,,
a,hypergraph,1-hop hyperedges,16,112,10,0.964054054054054,0.001662674168310802,0.9647422774099722,6.562953088750545e-16,,,
a,hypergraph,1-hop hyperedges,16,113,10,0.9641698841698843,0.0016360616300716195,0.964895335226369,3.2872102064377707e-16,,,
a,hypergraph,1-hop hyperedges,16,114,10,0.9644015444015445,0.0017247738036294486,0.9650463755928795,6.904639154867512e-16,,,
a,hypergraph,1-hop hyperedges,16,115,10,0.9645173745173745,0.0017688661053826256,0.9651954481440302,6.879800455918813e-16,,,
a,hypergraph,1-hop hyperedges,16,116,10,0.9646332046332047,0.0017571220762806772,0.9653426004941963,5.389634437932182e-16,,,
a,hypergraph,1-hop hyperedges,16,117,10,0.9646718146718147,0.001738642996924882,0.9654878783388579,5.791397411136604e-16,,,
a,hypergraph,1-hop hyperedges,16,118,10,0.9646718146718147,0.001738642996924882,0.9656313255504884,3.966879327499133e-16,,,
a,hypergraph,1-hop hyperedges,16,119,10,0.964826254826255,0.0017214093259585836,0.9657729842693508,4.2211192682281006e-16,,,
a,hypergraph,1-hop hyperedges,16,120,10,0.9648648648648649,0.0016279421673968692,0.9659128949894769,4.55657555290797e-16,,,
a,hypergraph,1-hop hyperedges,16,121,10,0.9649806949806949,0.00174624781395992,0.9660510966402306,7.248168389836642e-16,,,
a,hypergraph,1-hop hyperedges,16,122,10,0.9650965250965251,0.0016197820048959694,0.9661876266633387,4.1869132231567334e-16,,,
a,hypergraph,1-hop hyperedges,16,123,10,0.9652509652509652,0.0015971265953656113,0.9663225210860908,5.032194638293272e-16,,,
a,hypergraph,1-hop hyperedges,16,124,10,0.9654440154440154,0.0015363367292552462,0.9664558145905422,4.2518304777254294e-16,,,
a,hypergraph,1-hop hyperedges,16,125,10,0.9657528957528957,0.0016486682398867134,0.9665875405791544,4.894224422213613e-16,,,
a,hypergraph,1-hop hyperedges,16,126,10,0.9657915057915059,0.0016800173870867947,0.9667177312368592,4.2276033262255756e-16,,,
a,hypergraph,1-hop hyperedges,16,127,10,0.9659459459459458,0.0016461546414743141,0.9668464175900571,3.618411218528999e-16,,,
a,hypergraph,1-hop hyperedges,16,128,10,0.9662548262548263,0.0016701290293444687,0.9669736295623119,3.1073024937815986e-16,,,
a,hypergraph,1-hop hyperedges,16,129,10,0.9663706563706563,0.0018059338536587808,0.9670993960272956,1.4802973661668753e-16,,,
a,hypergraph,1-hop hyperedges,16,130,10,0.9664478764478763,0.0017688661053825985,0.9672237448588363,4.688419822492398e-16,,,
a,hypergraph,1-hop hyperedges,16,131,10,0.9666409266409266,0.0018036394379773145,0.9673467029784332,3.5803616730494477e-16,,,
a,hypergraph,1-hop hyperedges,16,132,10,0.9668725868725868,0.0017247738036294368,0.9674682964002065,3.3532084635114423e-16,,,
a,hypergraph,1-hop hyperedges,16,133,10,0.9668725868725868,0.0017247738036294368,0.9675885502736433,4.629628533572592e-16,,,
a,hypergraph,1-hop hyperedges,16,134,10,0.966949806949807,0.0016601817757114004,0.967707488923898,4.361542392016941e-16,,,
a,hypergraph,1-hop hyperedges,16,135,10,0.9669884169884171,0.0016903379068936373,0.9678251358902055,5.642875308493207e-16,,,
a,hypergraph,1-hop hyperedges,16,136,10,0.9671428571428571,0.0015914123495134529,0.9679415139621994,7.270807180173959e-16,,,
a,hypergraph,1-hop hyperedges,16,137,10,0.9674131274131273,0.0015249743365352401,0.9680566452143354,6.082067940598961e-16,,,
a,hypergraph,1-hop hyperedges,16,138,10,0.9675289575289575,0.0015384914802850475,0.9681705510385461,5.443993566591989e-16,,,
a,hypergraph,1-hop hyperedges,16,139,10,0.9676061776061775,0.001516806230999847,0.9682832521752365,3.7375676399616836e-16,,,
a,hypergraph,1-hop hyperedges,16,140,10,0.9677992277992278,0.001578348490785667,0.9683947687426573,6.532624563846024e-16,,,
a,hypergraph,1-hop hyperedges,16,141,10,0.967953667953668,0.0015118841859035508,0.968505120264747,5.879408695670533e-16,,,
a,hypergraph,1-hop hyperedges,16,142,10,0.968030888030888,0.0014651479506571647,0.9686143256975459,3.053954279949072e-16,,,
a,hypergraph,1-hop hyperedges,16,143,10,0.9681853281853282,0.0015465450590270249,0.968722403454267,6.711520357429667e-16,,,
a,hypergraph,1-hop hyperedges,16,144,10,0.9683011583011583,0.0016526820455590341,0.9688293714291174,4.998059156512527e-16,,,
a,hypergraph,1-hop hyperedges,16,145,10,0.9683397683397683,0.0016074640922518469,0.9689352470198085,6.558778181783044e-16,,,
a,hypergraph,1-hop hyperedges,16,146,10,0.9684169884169884,0.001584632583950726,0.9690400471489848,7.107932627627692e-16,,,
a,hypergraph,1-hop hyperedges,16,147,10,0.9684942084942085,0.0016501745611145148,0.9691437882845462,7.465051703307936e-16,,,
a,hypergraph,1-hop hyperedges,16,148,10,0.9685714285714285,0.0017381665911077714,0.9692464864589573,3.618411218528999e-16,,,
a,hypergraph,1-hop hyperedges,16,149,10,0.9686872586872587,0.0016626741683108143,0.9693481572875301,6.023237031619334e-16,,,
a,hypergraph,1-hop hyperedges,16,150,10,0.9687644787644787,0.0017405473162218053,0.9694488159857968,7.530808261042567e-16,,,
a,hypergraph,1-hop hyperedges,16,151,10,0.9687644787644787,0.0017405473162218053,0.969548477386067,6.059508263673432e-16,,,
a,hypergraph,1-hop hyperedges,16,152,10,0.9688416988416989,0.0016686407215817732,0.9696471559530562,4.1209734608675363e-16,,,
a,hypergraph,1-hop hyperedges,16,153,10,0.968880308880309,0.0016800173870868214,0.9697448657988132,5.879408695670533e-16,,,
a,hypergraph,1-hop hyperedges,16,154,10,0.9689189189189189,0.0017290899411254001,0.969841620696814,5.809106342727861e-16,,,
a,hypergraph,1-hop hyperedges,16,155,10,0.969073359073359,0.0018241852911095877,0.9699374340954534,3.0874049412768256e-16,,,
a,hypergraph,1-hop hyperedges,16,156,10,0.9692277992277992,0.0016486682398867251,0.9700323191308108,6.058378074674761e-16,,,
a,hypergraph,1-hop hyperedges,16,157,10,0.9692664092664092,0.0015783484907856632,0.9701262886387619,2.2480302876233914e-16,,,
a,hypergraph,1-hop hyperedges,16,158,10,0.9694980694980695,0.0015336390331805606,0.970219355166512,6.670583590295732e-16,,,
a,hypergraph,1-hop hyperedges,16,159,10,0.9696911196911197,0.001620293219049435,0.9703115309836321,7.210279116258743e-16,,,
a,hypergraph,1-hop hyperedges,16,160,10,0.9697683397683396,0.001698159061008555,0.9704028280924174,3.449839284292668e-16,,,
a,hypergraph,1-hop hyperedges,16,161,10,0.9699227799227799,0.001570458013980085,0.9704932582378353,7.368104860902264e-16,,,
a,hypergraph,1-hop hyperedges,16,162,10,0.97,0.0016686407215817786,0.9705828329170012,4.213000162292041e-16,,,
a,hypergraph,1-hop hyperedges,16,163,10,0.9700772200772201,0.001640611169109653,0.970671563388124,4.883018398529557e-16,,,
a,hypergraph,1-hop hyperedges,16,164,10,0.9700772200772201,0.001640611169109653,0.9707594606790669,5.533818038625884e-16,,,
a,hypergraph,1-hop hyperedges,16,165,10,0.9701544401544402,0.0017175561385280183,0.9708465355954881,3.0269276043701823e-16,,,
a,hypergraph,1-hop hyperedges,16,166,10,0.9703088803088804,0.0018512250849276087,0.9709327987285808,6.280369834735101e-16,,,
a,hypergraph,1-hop hyperedges,16,167,10,0.9704247104247103,0.0018127996768760952,0.9710182604624922,2.6272671962866383e-16,,,
a,hypergraph,1-hop hyperedges,16,168,10,0.9705019305019306,0.0018668174377831491,0.9711029309813087,7.180777421542016e-16,,,
a,hypergraph,1-hop hyperedges,16,169,10,0.9706177606177606,0.0020466962595673548,0.9711868202757905,8.030698481588203e-16,,,
a,hypergraph,1-hop hyperedges,16,170,10,0.9706949806949806,0.0019975487231599183,0.9712699381497417,1.5700924586837752e-16,,,
a,hypergraph,1-hop hyperedges,16,171,10,0.9707722007722008,0.0020596042078357547,0.9713522942261147,6.939263968380647e-16,,,
a,hypergraph,1-hop hyperedges,16,172,10,0.9708494208494208,0.001987573386290919,0.9714338979528045,5.977588499219426e-16,,,
a,hypergraph,1-hop hyperedges,16,173,10,0.971003861003861,0.002046696259567345,0.9715147586081938,6.474714749832073e-16,,,
a,hypergraph,1-hop hyperedges,16,174,10,0.971081081081081,0.0019641005871335673,0.9715948853064335,3.597533769998862e-16,,,
a,hypergraph,1-hop hyperedges,16,175,10,0.9711969111969113,0.0018579235451859548,0.9716742870025158,5.592899621154075e-16,,,
a,hypergraph,1-hop hyperedges,16,176,10,0.9713513513513513,0.0020414290922932585,0.9717529724970365,4.993947219036105e-16,,,
a,hypergraph,1-hop hyperedges,16,177,10,0.9714285714285713,0.0020021041423557307,0.9718309504408731,6.752208940877273e-16,,,
a,hypergraph,1-hop hyperedges,16,178,10,0.9714671814671816,0.0020628185745325996,0.9719082293395094,6.419483234396817e-16,,,
a,hypergraph,1-hop hyperedges,16,179,10,0.9715444015444016,0.002099430095099409,0.9719848175572752,6.076435873514005e-16,,,
a,hypergraph,1-hop hyperedges,16,180,10,0.9715830115830115,0.0020768229347690554,0.9720607233213638,6.017549902571372e-16,,,
a,hypergraph,1-hop hyperedges,16,181,10,0.9716216216216216,0.0020612120177666794,0.9721359547256576,1.7397430568082641e-16,,,
a,hypergraph,1-hop hyperedges,16,182,10,0.9717374517374517,0.0020895447868831464,0.9722105197344231,3.463706049917663e-16,,,
a,hypergraph,1-hop hyperedges,16,183,10,0.9718532818532818,0.0020140644959652,0.9722844261858086,5.465335258165757e-16,,,
a,hypergraph,1-hop hyperedges,16,184,10,0.9718532818532818,0.0020140644959652,0.9723576817952457,4.0217393820828435e-16,,,
a,hypergraph,1-hop hyperedges,16,185,10,0.971930501930502,0.0020025177575119647,0.9724302941586143,6.477886815711839e-16,,,
a,hypergraph,1-hop hyperedges,16,186,10,0.9720463320463321,0.0019704153625744996,0.9725022707553957,4.028544360523179e-16,,,
a,hypergraph,1-hop hyperedges,16,187,10,0.972084942084942,0.0019437554489613157,0.9725736189516356,6.0989329362982e-16,,,
a,hypergraph,1-hop hyperedges,16,188,10,0.9721235521235521,0.001924486552640304,0.9726443460027202,4.916559846500421e-16,,,
a,hypergraph,1-hop hyperedges,16,189,10,0.9722393822393822,0.0019214718017978017,0.9727144590561693,6.2977911437486275e-16,,,
a,hypergraph,1-hop hyperedges,16,190,10,0.9722779922779923,0.0019330742193584183,0.9727839651542249,3.3613671336335435e-16,,,
a,hypergraph,1-hop hyperedges,16,191,10,0.9723166023166023,0.0020025177575119725,0.9728528712363633,5.525149190006904e-16,,,
a,hypergraph,1-hop hyperedges,16,192,10,0.9723552123552123,0.001995474640238295,0.972921184141722,6.0989329362982e-16,,,
a,hypergraph,1-hop hyperedges,16,193,10,0.9725482625482625,0.0020058236083097185,0.9729889106113998,4.1803660522659606e-16,,,
a,hypergraph,1-hop hyperedges,16,194,10,0.9726254826254825,0.0019471610677775579,0.9730560572906976,2.5666196404353564e-16,,,
a,hypergraph,1-hop hyperedges,16,195,10,0.9726640926640927,0.0019501361055213157,0.9731226307312657,6.867845971725026e-16,,,
a,hypergraph,1-hop hyperedges,16,196,10,0.9727413127413127,0.0019279262096343877,0.9731886373931291,6.180352303454554e-16,,,
a,hypergraph,1-hop hyperedges,16,197,10,0.9728571428571428,0.0019522583567810837,0.9732540836467413,3.051711199014825e-16,,,
a,hypergraph,1-hop hyperedges,16,198,10,0.9728571428571428,0.0019522583567810837,0.9733189757748499,3.861916815434371e-16,,,
a,hypergraph,1-hop hyperedges,16,199,10,0.9728571428571428,0.0019522583567810837,0.973383319974354,8.053688388031003e-16,,,
a,hypergraph,1-hop hyperedges,16,200,10,0.9728957528957529,0.001958611313230044,0.9734471223580687,3.236828524569469e-16,,,
b,hypergraph,1-hop hyperedges,16,,10,,,,,0.9992277992277993,0.0,
a,hypergraph,1-hop hyperedges,32,1,10,0.7165637065637066,0.013001197565728604,0.7152997508229764,9.628335882451113e-16,,,
a,hypergraph,1-hop hyperedges,32,2,10,0.8088803088803089,0.015553025832711233,0.8095936461008593,3.383702044679182e-16,,,
a,hypergraph,1-hop hyperedges,32,3,10,0.8566409266409266,0.015615786507708554,0.8642113624886928,7.218821541692089e-16,,,
a,hypergraph,1-hop hyperedges,32,4,10,0.8906177606177605,0.011913002817431479,0.8973197769780956,6.553555808009842e-16,,,
a,hypergraph,1-hop hyperedges,32,5,10,0.9134362934362935,0.015241920977884574,0.9184465656234264,9.561964766480137e-16,,,
a,hypergraph,1-hop hyperedges,32,6,10,0.9305019305019305,0.011153186122673511,0.932662185968608,1.1696339929543877e-15,,,
a,hypergraph,1-hop hyperedges,32,7,10,0.9414285714285715,0.010385789396003323,0.9427202390349299,4.798139073721491e-16,,,
a,hypergraph,1-hop hyperedges,32,8,10,0.949111969111969,0.009642723481887227,0.9501569942905382,7.530808261042567e-16,,,
a,hypergraph,1-hop hyperedges,32,9,10,0.9544787644787645,0.00610329066498365,0.9558593191255138,8.226145788034025e-16,,,
a,hypergraph,1-hop hyperedges,32,10,10,0.9601158301158301,0.005287837082533285,0.9603603666773062,1.0140982359569184e-15,,,
a,hypergraph,1-hop hyperedges,32,11,10,0.963899613899614,0.004087115703526481,0.9639952844618854,7.107932627627692e-16,,,
a,hypergraph,1-hop hyperedges,32,12,10,0.9668339768339769,0.003947759755937366,0.9669845266834265,9.774447336981956e-16,,,
a,hypergraph,1-hop hyperedges,32,13,10,0.9696525096525097,0.003775106273847227,0.9694794045292925,4.2534407146616735e-16,,,
a,hypergraph,1-hop hyperedges,32,14,10,0.9724324324324325,0.00384466728325331,0.9715877002294748,9.551216554345643e-16,,,
a,hypergraph,1-hop hyperedges,32,15,10,0.9742084942084942,0.002655093324731553,0.9733885775417821,7.107932627627692e-16,,,
a,hypergraph,1-hop hyperedges,32,16,10,0.9754440154440154,0.0024500394407805885,0.9749416142932995,1.0194859653925288e-15,,,
a,hypergraph,1-hop hyperedges,32,17,10,0.9767567567567568,0.00244733370893277,0.9762925118887285,8.789557770713922e-16,,,
a,hypergraph,1-hop hyperedges,32,18,10,0.9774517374517375,0.0022157363414833796,0.9774768587418811,7.569807107392987e-16,,,
a,hypergraph,1-hop hyperedges,32,19,10,0.9783011583011583,0.0023647225900346844,0.9785227075236091,5.357776761761889e-16,,,
a,hypergraph,1-hop hyperedges,32,20,10,0.9790347490347491,0.0021073049543110386,0.9794523983984572,1.062055333045992e-15,,,
a,hypergraph,1-hop hyperedges,32,21,10,0.9799227799227799,0.0018018018018018099,0.9802838830621845,1.0368027480586152e-15,,,
a,hypergraph,1-hop hyperedges,32,22,10,0.9807335907335908,0.0014383355028003667,0.9810317059868116,7.989664199107425e-16,,,
a,hypergraph,1-hop hyperedges,32,23,10,0.9815444015444015,0.0016561861459094454,0.9817077429507801,7.21502615681265e-16,,,
a,hypergraph,1-hop hyperedges,32,24,10,0.9821235521235522,0.001668640721581777,0.9823217634761463,2.5639502485114184e-16,,,
a,hypergraph,1-hop hyperedges,32,25,10,0.9828957528957529,0.001261655179732577,0.9828818631031446,4.66499221893366e-16,,,
a,hypergraph,1-hop hyperedges,32,26,10,0.9832046332046331,0.0014244493964722551,0.9833947980980652,7.083806793894472e-16,,,
a,hypergraph,1-hop hyperedges,32,27,10,0.9836293436293436,0.0013399655170986324,0.9838662462585495,4.564083509149711e-16,,,
a,hypergraph,1-hop hyperedges,32,28,10,0.9839382239382239,0.0013023537339174817,0.9843010112944757,5.838501866642666e-16,,,
a,hypergraph,1-hop hyperedges,32,29,10,0.9844787644787646,0.0013099624864864414,0.9847031838587494,7.610405851552287e-16,,,
a,hypergraph,1-hop hyperedges,32,30,10,0.9846718146718146,0.0012351189821374667,0.9850762690993047,6.341135021693577e-16,,,
a,hypergraph,1-hop hyperedges,32,31,10,0.984942084942085,0.001107120368988764,0.9854232882382412,8.539019365573343e-16,,,
a,hypergraph,1-hop hyperedges,32,32,10,0.9851737451737452,0.0010798546699306688,0.9857468599143445,7.641833535826181e-16,,,
a,hypergraph,1-hop hyperedges,32,33,10,0.9852509652509653,0.0010737016017819438,0.986049265693493,9.011139236013532e-16,,,
a,hypergraph,1-hop hyperedges,32,34,10,0.9855598455598455,0.0010950860945267854,0.9863325031392147,9.808017375143553e-16,,,
a,hypergraph,1-hop hyperedges,32,35,10,0.9857142857142858,0.0011366487601451652,0.9865983290661084,4.448595299604029e-16,,,
a,hypergraph,1-hop hyperedges,32,36,10,0.985945945945946,0.001263622930103842,0.9868482950095816,1.1526493969171087e-15,,,
a,hypergraph,1-hop hyperedges,32,37,10,0.9862548262548263,0.001168268284984325,0.9870837764941467,8.393429656393203e-16,,,
a,hypergraph,1-hop hyperedges,32,38,10,0.9866023166023167,0.0011373771477624526,0.9873059973347293,1.0328323374516523e-15,,,
a,hypergraph,1-hop hyperedges,32,39,10,0.9869498069498069,0.0011625832474271367,0.9875160499386075,1.1772785502452136e-15,,,
a,hypergraph,1-hop hyperedges,32,40,10,0.986988416988417,0.0011227196132594195,0.9877149123682942,1.0703404728440128e-15,,,
a,hypergraph,1-hop hyperedges,32,41,10,0.9871814671814672,0.001026378483262636,0.9879034627664189,7.646312660257325e-16,,,
a,hypergraph,1-hop hyperedges,32,42,10,0.9873359073359074,0.000959657754558922,0.9880824916183133,8.745037575710726e-16,,,
a,hypergraph,1-hop hyperedges,32,43,10,0.9874903474903475,0.0008953681920682576,0.9882527122326215,9.21774882133267e-16,,,
a,hypergraph,1-hop hyperedges,32,44,10,0.9876061776061776,0.0010207145461466208,0.9884147697434331,9.619085733142618e-16,,,
a,hypergraph,1-hop hyperedges,32,45,10,0.9878764478764479,0.0009835250025504608,0.9885692488791541,7.910420206691776e-16,,,
a,hypergraph,1-hop hyperedges,32,46,10,0.987992277992278,0.001052669500472496,0.9887166806961781,1.0100385790032385e-15,,,
a,hypergraph,1-hop hyperedges,32,47,10,0.9880694980694982,0.0010682885955957196,0.988857548438772,4.704458624755238e-16,,,
a,hypergraph,1-hop hyperedges,32,48,10,0.9881467181467182,0.0009466242238575746,0.9889922926576663,7.21502615681265e-16,,,
a,hypergraph,1-hop hyperedges,32,49,10,0.9882625482625482,0.0010798546699306636,0.9891213156961072,2.969832179842721e-16,,,
a,hypergraph,1-hop hyperedges,32,50,10,0.9883397683397683,0.0011190252313659642,0.9892449856338998,7.802339752915153e-16,,,
a,hypergraph,1-hop hyperedges,32,51,10,0.9885328185328186,0.0011227196132594102,0.9893636397646619,9.461173285574154e-16,,,
a,hypergraph,1-hop hyperedges,32,52,10,0.9886486486486487,0.001139559517177766,0.9894775876695867,8.651353505851489e-16,,,
a,hypergraph,1-hop hyperedges,32,53,10,0.9887258687258687,0.0011041240972729245,0.9895871139408845,4.447055726863821e-16,,,
a,hypergraph,1-hop hyperedges,32,54,10,0.9889189189189189,0.0010463565829692406,0.9896924806001609,3.8101485451828383e-16,,,
a,hypergraph,1-hop hyperedges,32,55,10,0.9890733590733591,0.0009289617725929764,0.9897939292502345,7.003113025048569e-16,,,
a,hypergraph,1-hop hyperedges,32,56,10,0.9890733590733591,0.0009289617725929764,0.9898916829932002,5.290898386274728e-16,,,
a,hypergraph,1-hop hyperedges,32,57,10,0.9891891891891891,0.0009969069102206925,0.9899859481432693,7.745966273035783e-16,,,
a,hypergraph,1-hop hyperedges,32,58,10,0.9893050193050194,0.0009809955727237715,0.9900769157587064,3.21773202442742e-16,,,
a,hypergraph,1-hop hyperedges,32,59,10,0.9893822393822393,0.000896292681929467,0.9901647630140932,5.052565230164659e-16,,,
a,hypergraph,1-hop hyperedges,32,60,10,0.9894208494208494,0.0009316324875600359,0.9902496544313661,4.1026542317236863e-16,,,
a,hypergraph,1-hop hyperedges,32,61,10,0.9894980694980695,0.0009767653004381037,0.9903317429856455,6.844874852714572e-16,,,
a,hypergraph,1-hop hyperedges,32,62,10,0.9896525096525096,0.0009422396508480287,0.9904111711000343,4.769510303399906e-16,,,
a,hypergraph,1-hop hyperedges,32,63,10,0.9898841698841698,0.0009767653004381096,0.9904880715415377,8.807458336360884e-16,,,
a,hypergraph,1-hop hyperedges,32,64,10,0.9899227799227799,0.001004355882374599,0.9905625682290999,5.280534226692455e-16,,,
a,hypergraph,1-hop hyperedges,32,65,10,0.99003861003861,0.0009244934360910064,0.9906347769631989,5.509013709193884e-16,,,
a,hypergraph,1-hop hyperedges,32,66,10,0.9903088803088803,0.0009535976088979581,0.9907048060854475,4.24538342249647e-16,,,
a,hypergraph,1-hop hyperedges,32,67,10,0.9904247104247105,0.001026378483262661,0.9907727570756716,5.134573109470818e-16,,,
a,hypergraph,1-hop hyperedges,32,68,10,0.9905019305019305,0.001139559517177807,0.9908387250929465,3.897218434456789e-16,,,
a,hypergraph,1-hop hyperedges,32,69,10,0.9906563706563707,0.0011190252313659785,0.9909027994666287,2.972137055765787e-16,,,
a,hypergraph,1-hop hyperedges,32,70,10,0.9906949806949807,0.001036815138281755,0.9909650641422765,3.7758465807882843e-16,,,
a,hypergraph,1-hop hyperedges,32,71,10,0.9907722007722007,0.0009877263245482654,0.9910255980873794,2.1065000811460205e-16,,,
a,hypergraph,1-hop hyperedges,32,72,10,0.9907722007722007,0.0009877263245482654,0.9910844756606897,7.548972320860771e-16,,,
a,hypergraph,1-hop hyperedges,32,73,10,0.9908108108108108,0.0009767653004381194,0.9911417669490705,2.808666774861361e-16,,,
a,hypergraph,1-hop hyperedges,32,74,10,0.9908108108108108,0.0009767653004381194,0.9911975380749138,4.85489017835039e-16,,,
a,hypergraph,1-hop hyperedges,32,75,10,0.990926640926641,0.0007985632976828042,0.9912518514771091,9.28067944648741e-16,,,
a,hypergraph,1-hop hyperedges,32,76,10,0.9910810810810811,0.0006918754211436702,0.991304766168142,8.826874299116402e-16,,,
a,hypergraph,1-hop hyperedges,32,77,10,0.9911969111969112,0.0006761351627574623,0.991356337969669,8.337767523300327e-16,,,
a,hypergraph,1-hop hyperedges,32,78,10,0.9911969111969112,0.0006761351627574623,0.9914066197285534,7.138694719439292e-16,,,
a,hypergraph,1-hop hyperedges,32,79,10,0.9911969111969112,0.0006761351627574623,0.9914556615152957,4.1869132231567334e-16,,,
a,hypergraph,1-hop hyperedges,32,80,10,0.9913899613899615,0.0006318114650519282,0.9915035108065038,3.5127833901202993e-16,,,
a,hypergraph,1-hop hyperedges,32,81,10,0.9914285714285714,0.0006252230528438224,0.9915502126528078,4.3489640171823483e-16,,,
a,hypergraph,1-hop hyperedges,32,82,10,0.9914671814671815,0.0006422123526319031,0.9915958098336919,4.546043582783968e-16,,,
a,hypergraph,1-hop hyperedges,32,83,10,0.9914671814671815,0.0006422123526319031,0.9916403430003335,4.635541216101581e-16,,,
a,hypergraph,1-hop hyperedges,32,84,10,0.9916216216216217,0.0006318114650519191,0.9916838508075836,5.019932605247481e-16,,,
a,hypergraph,1-hop hyperedges,32,85,10,0.9916216216216217,0.0006318114650519191,0.9917263700360163,6.983529337310028e-16,,,
a,hypergraph,1-hop hyperedges,32,86,10,0.9916216216216217,0.0006318114650519191,0.9917679357049876,4.803844354064768e-16,,,
a,hypergraph,1-hop hyperedges,32,87,10,0.9916602316602317,0.0006091201835881154,0.9918085811773567,4.50822855575252e-16,,,
a,hypergraph,1-hop hyperedges,32,88,10,0.9916602316602317,0.0006091201835881154,0.9918483382568061,4.361542392016941e-16,,,
a,hypergraph,1-hop hyperedges,32,89,10,0.9917374517374518,0.0006357317392652828,0.9918872372780969,3.59562980915103e-16,,,
a,hypergraph,1-hop hyperedges,32,90,10,0.9917760617760617,0.0006822320865224228,0.9919253071911864,5.710428166915377e-16,,,
a,hypergraph,1-hop hyperedges,32,91,10,0.9918146718146718,0.0006761351627574369,0.9919625756393623,7.602303447567751e-16,,,
a,hypergraph,1-hop hyperedges,32,92,10,0.991969111969112,0.0006761351627574453,0.9919990690322171,3.766767830981465e-16,,,
a,hypergraph,1-hop hyperedges,32,93,10,0.991969111969112,0.0006761351627574453,0.9920348126136374,2.8880028761227e-16,,,
a,hypergraph,1-hop hyperedges,32,94,10,0.991969111969112,0.0006761351627574453,0.9920698305253287,5.704429186199679e-16,,,
a,hypergraph,1-hop hyperedges,32,95,10,0.9920077220077219,0.0006575052650936708,0.9921041458661353,7.670454735394362e-16,,,
a,hypergraph,1-hop hyperedges,32,96,10,0.9920077220077219,0.0006575052650936708,0.9921377807476542,4.752250257753353e-16,,,
a,hypergraph,1-hop hyperedges,32,97,10,0.9920849420849421,0.0004550236687172059,0.9921707563461444,7.511688726659615e-16,,,
a,hypergraph,1-hop hyperedges,32,98,10,0.9922007722007722,0.0004383368433957668,0.9922030929513539,4.645870303717463e-16,,,
a,hypergraph,1-hop hyperedges,32,99,10,0.9922393822393822,0.0004249053801600592,0.9922348100121822,7.274573462312152e-16,,,
a,hypergraph,1-hop hyperedges,32,100,10,0.9923166023166022,0.0004622467180454826,0.9922659261795854,6.376671931629513e-16,,,
a,hypergraph,1-hop hyperedges,32,101,10,0.9923166023166022,0.0004622467180454826,0.9922964593469216,7.196019205571623e-16,,,
a,hypergraph,1-hop hyperedges,32,102,10,0.9923938223938225,0.00048326855483958397,0.9923264266878478,4.526419195437328e-16,,,
a,hypergraph,1-hop hyperedges,32,103,10,0.9923938223938225,0.00048326855483958397,0.9923558446919476,6.368075133744705e-16,,,
a,hypergraph,1-hop hyperedges,32,104,10,0.9923938223938225,0.00048326855483958397,0.9923847291983556,4.999429050784246e-16,,,
a,hypergraph,1-hop hyperedges,32,105,10,0.9923938223938225,0.00048326855483958397,0.9924130954273236,4.739263971955564e-16,,,
a,hypergraph,1-hop hyperedges,32,106,10,0.9924324324324324,0.0005211957974598722,0.9924409580101242,8.970773028786572e-16,,,
a,hypergraph,1-hop hyperedges,32,107,10,0.9925096525096524,0.0005520620486364691,0.9924683310171034,5.899175378116936e-16,,,
a,hypergraph,1-hop hyperedges,32,108,10,0.9925096525096524,0.0005520620486364691,0.9924952279842987,5.89801446589904e-16,,,
a,hypergraph,1-hop hyperedges,32,109,10,0.9925482625482624,0.0006050275044295053,0.9925216619384727,8.324616462238583e-16,,,
a,hypergraph,1-hop hyperedges,32,110,10,0.9925482625482624,0.0006050275044295053,0.9925476454208532,5.186324863305829e-16,,,
a,hypergraph,1-hop hyperedges,32,111,10,0.9925482625482624,0.0006050275044295053,0.9925731905094995,5.383277985150942e-16,,,
a,hypergraph,1-hop hyperedges,32,112,10,0.9926254826254827,0.0005883721724922728,0.9925983088405564,4.473156398885146e-16,,,
a,hypergraph,1-hop hyperedges,32,113,10,0.9927027027027027,0.000667505919170641,0.9926230116282856,4.694258454670627e-16,,,
a,hypergraph,1-hop hyperedges,32,114,10,0.9927413127413127,0.0005981441461324203,0.9926473096840752,4.1885484168231196e-16,,,
a,hypergraph,1-hop hyperedges,32,115,10,0.9927413127413127,0.0005981441461324203,0.9926712134344442,3.0718399630568783e-16,,,
a,hypergraph,1-hop hyperedges,32,116,10,0.9928185328185328,0.0006858642262277689,0.9926947329381148,2.0571606802743646e-16,,,
a,hypergraph,1-hop hyperedges,32,117,10,0.9928571428571429,0.0006370331362041016,0.9927178779021851,2.3551386880256624e-16,,,
a,hypergraph,1-hop hyperedges,32,118,10,0.9928571428571429,0.0006370331362041016,0.9927406576974744,4.411497262360816e-16,,,
a,hypergraph,1-hop hyperedges,32,119,10,0.9928957528957529,0.0006357317392653038,0.9927630813731044,3.9789445977202613e-16,,,
a,hypergraph,1-hop hyperedges,32,120,10,0.9928957528957529,0.0006357317392653038,0.992785157670325,4.471625282496328e-16,,,
a,hypergraph,1-hop hyperedges,32,121,10,0.9929343629343629,0.0006575052650936897,0.9928068950356561,1.6591551666970419e-16,,,
a,hypergraph,1-hop hyperedges,32,122,10,0.9929343629343629,0.0006575052650936897,0.9928283016333553,2.296250901643844e-16,,,
a,hypergraph,1-hop hyperedges,32,123,10,0.9929729729729729,0.0006252230528438269,0.992849385357308,3.744889033148481e-16,,,
a,hypergraph,1-hop hyperedges,32,124,10,0.9929729729729729,0.0006252230528438269,0.992870153842284,2.7194799110210365e-16,,,
a,hypergraph,1-hop hyperedges,32,125,10,0.9929729729729729,0.0006252230528438269,0.9928906144746744,5.312855095420854e-16,,,
a,hypergraph,1-hop hyperedges,32,126,10,0.9930501930501932,0.000575564472972926,0.9929107744027226,2.8570122661173844e-16,,,
a,hypergraph,1-hop hyperedges,32,127,10,0.9930888030888031,0.0005290812044039907,0.9929306405462061,2.4687037718011827e-16,,,
a,hypergraph,1-hop hyperedges,32,128,10,0.9930888030888031,0.0005290812044039907,0.9929502196057237,3.015595001482202e-16,,,
a,hypergraph,1-hop hyperedges,32,129,10,0.9930888030888031,0.0005290812044039907,0.9929695180714806,3.449839284292668e-16,,,
a,hypergraph,1-hop hyperedges,32,130,10,0.9930888030888031,0.0005290812044039907,0.9929885422317011,2.791548054292249e-16,,,
a,hypergraph,1-hop hyperedges,32,131,10,0.9930888030888031,0.0005290812044039907,0.9930072981806305,3.4794861136165283e-16,,,
a,hypergraph,1-hop hyperedges,32,132,10,0.9930888030888031,0.0005290812044039907,0.9930257918261516,3.9443744846543383e-16,,,
a,hypergraph,1-hop hyperedges,32,133,10,0.9930888030888031,0.0005290812044039907,0.9930440288970562,3.557336600312149e-16,,,
a,hypergraph,1-hop hyperedges,32,134,10,0.9930888030888031,0.0005290812044039907,0.9930620149499998,3.557336600312149e-16,,,
a,hypergraph,1-hop hyperedges,32,135,10,0.9930888030888031,0.0005290812044039907,0.9930797553761103,3.008774951285686e-16,,,
a,hypergraph,1-hop hyperedges,32,136,10,0.9930888030888031,0.0005290812044039907,0.9930972554073015,3.6560647946817885e-16,,,
a,hypergraph,1-hop hyperedges,32,137,10,0.9930888030888031,0.0005290812044039907,0.9931145201223137,3.183499858928491e-16,,,
a,hypergraph,1-hop hyperedges,32,138,10,0.9930888030888031,0.0005290812044039907,0.9931315544524708,4.66499221893366e-16,,,
a,hypergraph,1-hop hyperedges,32,139,10,0.9931274131274132,0.0005083247788450942,0.9931483631871737,3.383702044679182e-16,,,
a,hypergraph,1-hop hyperedges,32,140,10,0.9931660231660231,0.0005164067605595716,0.9931649509791665,2.296250901643844e-16,,,
a,hypergraph,1-hop hyperedges,32,141,10,0.9931660231660231,0.0005164067605595716,0.9931813223495572,3.559261045462548e-16,,,
a,hypergraph,1-hop hyperedges,32,142,10,0.9931660231660231,0.0005164067605595716,0.99319748169262,4.3410840251730974e-16,,,
a,hypergraph,1-hop hyperedges,32,143,10,0.9932046332046331,0.0005211957974598997,0.9932134332803855,4.028544360523179e-16,,,
a,hypergraph,1-hop hyperedges,32,144,10,0.9932046332046331,0.0005211957974598997,0.9932291812670428,4.0200363375931493e-16,,,
a,hypergraph,1-hop hyperedges,32,145,10,0.9932046332046331,0.0005211957974598997,0.9932447296931215,3.9234862116835754e-16,,,
a,hypergraph,1-hop hyperedges,32,146,10,0.9932046332046331,0.0005211957974598997,0.9932600824895402,4.3094199699121907e-16,,,
a,hypergraph,1-hop hyperedges,32,147,10,0.9932432432432433,0.0005227823941207317,0.9932752434814394,2.7219967832959943e-16,,,
a,hypergraph,1-hop hyperedges,32,148,10,0.9932432432432433,0.0005227823941207317,0.9932902163918721,4.0217393820828435e-16,,,
a,hypergraph,1-hop hyperedges,32,149,10,0.9932432432432433,0.0005227823941207317,0.993305004845334,2.8665835232995054e-16,,,
a,hypergraph,1-hop hyperedges,32,150,10,0.9932432432432433,0.0005227823941207317,0.9933196123711481,5.264949733601399e-16,,,
a,hypergraph,1-hop hyperedges,32,151,10,0.9932818532818534,0.0005211957974598997,0.9933340424067076,3.21773202442742e-16,,,
a,hypergraph,1-hop hyperedges,32,152,10,0.9933204633204633,0.0005164067605595716,0.9933482983005826,5.662258363624037e-16,,,
a,hypergraph,1-hop hyperedges,32,153,10,0.9933204633204633,0.0005164067605595716,0.9933623833154893,3.7903273494864014e-16,,,
a,hypergraph,1-hop hyperedges,32,154,10,0.9933204633204633,0.0005164067605595716,0.9933763006311681,3.183499858928491e-16,,,
a,hypergraph,1-hop hyperedges,32,155,10,0.9933590733590734,0.0004383368433958146,0.9933900533470986,2.969832179842721e-16,,,
a,hypergraph,1-hop hyperedges,32,156,10,0.9934362934362934,0.00040698554184922316,0.9934036444851477,4.717540722503064e-16,,,
a,hypergraph,1-hop hyperedges,32,157,10,0.9934749034749035,0.00042490538016008836,0.9934170769920959,5.30640667079009e-16,,,
a,hypergraph,1-hop hyperedges,32,158,10,0.9934749034749035,0.00042490538016008836,0.9934303537420399,4.653234185821466e-16,,,
a,hypergraph,1-hop hyperedges,32,159,10,0.9934749034749035,0.00042490538016008836,0.9934434775387414,2.6272671962866383e-16,,,
a,hypergraph,1-hop hyperedges,32,160,10,0.9934749034749035,0.00042490538016008836,0.9934564511178579,3.433922985862513e-16,,,
a,hypergraph,1-hop hyperedges,32,161,10,0.9935135135135136,0.0004383368433957929,0.9934692771490761,4.881615836846587e-16,,,
a,hypergraph,1-hop hyperedges,32,162,10,0.9935135135135136,0.0004383368433957929,0.9934819582381929,4.053961296325412e-16,,,
a,hypergraph,1-hop hyperedges,32,163,10,0.9935521235521236,0.0004090154075179094,0.9934944969290876,4.195082817701991e-16,,,
a,hypergraph,1-hop hyperedges,32,164,10,0.9935907335907336,0.0004150454439278543,0.9935068957056388,3.627861250862591e-16,,,
a,hypergraph,1-hop hyperedges,32,165,10,0.9936293436293436,0.00045502366871721635,0.9935191569935616,4.798139073721491e-16,,,
a,hypergraph,1-hop hyperedges,32,166,10,0.9936293436293436,0.00045502366871721635,0.9935312831621534,2.9350418479176855e-16,,,
a,hypergraph,1-hop hyperedges,32,167,10,0.9936293436293436,0.00045502366871721635,0.9935432765260156,2.409749525270948e-16,,,
a,hypergraph,1-hop hyperedges,32,168,10,0.9936293436293436,0.00045502366871721635,0.9935551393466815,3.4794861136165283e-16,,,
a,hypergraph,1-hop hyperedges,32,169,10,0.9936293436293436,0.00045502366871721635,0.99356687383418,4.094300213216723e-16,,,
a,hypergraph,1-hop hyperedges,32,170,10,0.9936679536679536,0.0004883826502190612,0.9935784821485655,1.8466672561297192e-16,,,
a,hypergraph,1-hop hyperedges,32,171,10,0.9936679536679536,0.0004883826502190612,0.9935899664013783,3.9094986940344543e-16,,,
a,hypergraph,1-hop hyperedges,32,172,10,0.9936679536679536,0.0004883826502190612,0.9936013286570384,2.6272671962866383e-16,,,
a,hypergraph,1-hop hyperedges,32,173,10,0.9937451737451738,0.0005697797585889114,0.9936125709342203,5.059337201077096e-16,,,
a,hypergraph,1-hop hyperedges,32,174,10,0.9937451737451738,0.0005697797585889114,0.9936236952071461,2.4575834280036907e-16,,,
a,hypergraph,1-hop hyperedges,32,175,10,0.9937451737451738,0.0005697797585889114,0.9936347034068532,4.1276148406169847e-16,,,
a,hypergraph,1-hop hyperedges,32,176,10,0.9937837837837838,0.0004967891651381961,0.9936455974224145,2.6583601980553536e-16,,,
a,hypergraph,1-hop hyperedges,32,177,10,0.9937837837837838,0.0004967891651381961,0.9936563791020978,3.351165692402871e-16,,,
a,hypergraph,1-hop hyperedges,32,178,10,0.9937837837837838,0.0004967891651381961,0.9936670502545162,3.5186266712149677e-16,,,
a,hypergraph,1-hop hyperedges,32,179,10,0.9938223938223938,0.0005148005148005175,0.9936776126497076,4.4099447382014006e-16,,,
a,hypergraph,1-hop hyperedges,32,180,10,0.9938223938223938,0.0005148005148005175,0.9936880680201984,3.766767830981465e-16,,,
a,hypergraph,1-hop hyperedges,32,181,10,0.9938223938223938,0.0005148005148005175,0.9936984180620204,3.015595001482202e-16,,,
a,hypergraph,1-hop hyperedges,32,182,10,0.9938223938223938,0.0005148005148005175,0.9937086644356927,4.769510303399906e-16,,,
a,hypergraph,1-hop hyperedges,32,183,10,0.9938223938223938,0.0005148005148005175,0.9937188087671769,3.3917873657517345e-16,,,
a,hypergraph,1-hop hyperedges,32,184,10,0.9938223938223938,0.0005148005148005175,0.9937288526488004,2.1578856830463123e-16,,,
a,hypergraph,1-hop hyperedges,32,185,10,0.9938223938223938,0.0005148005148005175,0.9937387976401304,2.4990295782562634e-16,,,
a,hypergraph,1-hop hyperedges,32,186,10,0.9938223938223938,0.0005148005148005175,0.9937486452688485,1.4043333874306804e-16,,,
a,hypergraph,1-hop hyperedges,32,187,10,0.9938223938223938,0.0005148005148005175,0.9937583970315835,3.7903273494864014e-16,,,
a,hypergraph,1-hop hyperedges,32,188,10,0.9938223938223938,0.0005148005148005175,0.9937680543946993,2.5344013803554234e-16,,,
a,hypergraph,1-hop hyperedges,32,189,10,0.9938223938223938,0.0005148005148005175,0.9937776187950906,3.8477054818061015e-16,,,
a,hypergraph,1-hop hyperedges,32,190,10,0.9938223938223938,0.0005148005148005175,0.9937870916409262,1.8906416838689213e-16,,,
a,hypergraph,1-hop hyperedges,32,191,10,0.9938223938223938,0.0005148005148005175,0.9937964743123784,3.557336600312149e-16,,,
a,hypergraph,1-hop hyperedges,32,192,10,0.9938223938223938,0.0005148005148005175,0.9938057681623406,4.411497262360816e-16,,,
a,hypergraph,1-hop hyperedges,32,193,10,0.9938223938223938,0.0005148005148005175,0.9938149745170939,3.8101485451828383e-16,,,
a,hypergraph,1-hop hyperedges,32,194,10,0.9938223938223938,0.0005148005148005175,0.9938240946769789,4.532466518368395e-16,,,
a,hypergraph,1-hop hyperedges,32,195,10,0.9938610038610038,0.0004967891651381969,0.993833129917039,5.469092794022609e-16,,,
a,hypergraph,1-hop hyperedges,32,196,10,0.9938610038610038,0.0004967891651381969,0.9938420814876412,2.997373716831188e-16,,,
a,hypergraph,1-hop hyperedges,32,197,10,0.9938610038610038,0.0004967891651381969,0.993850950615079,2.366740426650598e-16,,,
a,hypergraph,1-hop hyperedges,32,198,10,0.9938610038610038,0.0004967891651381969,0.9938597385021515,2.6272671962866383e-16,,,
a,hypergraph,1-hop hyperedges,32,199,10,0.9938610038610038,0.0004967891651381969,0.9938684463287414,4.894224422213613e-16,,,
a,hypergraph,1-hop hyperedges,32,200,10,0.9938996138996139,0.0005399273349653388,0.9938770752523565,1.3896279205500545e-16,,,
b,hypergraph,1-hop hyperedges,32,,10,,,,,1.0,0.0,
c,hypergraph,1-hop hyperedges,,,,,,,,,,2590
a,simplicial,2-simplices,1,1,10,0.7699386503067485,0.0,0.7699386503067485,0.0,,,
a,simplicial,2-simplices,1,2,10,0.7699386503067485,0.0,0.7699386503067485,0.0,,,
a,simplicial,2-simplices,1,3,10,0.7699386503067485,0.0,0.7699386503067485,0.0,,,
a,simplicial,2-simplices,1,4,10,0.7699386503067485,0.0,0.7699386503067485,0.0,,,
a,simplicial,2-simplices,1,5,10,0.7699386503067485,0.0,0.7699386503067485,0.0,,,
a,simplicial,2-simplices,1,6,10,0.7699386503067485,0.0,0.7699386503067485,0.0,,,
a,simplicial,2-simplices,1,7,10,0.7699386503067485,0.0,0.7699386503067485,0.0,,,
a,simplicial,2-simplices,1,8,10,0.7699386503067485,0.0,0.7699386503067485,0.0,,,
a,simplicial,2-simplices,1,9,10,0.7699386503067485,0.0,0.7699386503067485,0.0,,,
a,simplicial,2-simplices,1,10,10,0.7699386503067485,0.0,0.7699386503067485,0.0,,,
a,simplicial,2-simplices,1,11,10,0.7699386503067485,0.0,0.7699386503067485,0.0,,,
a,simplicial,2-simplices,1,12,10,0.7699386503067485,0.0,0.7699386503067485,0.0,,,
a,simplicial,2-simplices,1,13,10,0.7699386503067485,0.0,0.7699386503067485,0.0,,,
a,simplicial,2-simplices,1,14,10,0.7699386503067485,0.0,0.7699386503067485,0.0,,,
a,simplicial,2-simplices,1,15,10,0.7699386503067485,0.0,0.7699386503067485,0.0,,,
a,simplicial,2-simplices,1,16,10,0.7699386503067485,0.0,0.7699386503067485,0.0,,,
a,simplicial,2-simplices,1,17,10,0.7699386503067485,0.0,0.7699386503067485,0.0,,,
a,simplicial,2-simplices,1,18,10,0.7699386503067485,0.0,0.7699386503067485,0.0,,,
a,simplicial,2-simplices,1,19,10,0.7699386503067485,0.0,0.7699386503067485,0.0,,,
a,simplicial,2-simplices,1,20,10,0.7699386503067485,0.0,0.7699386503067485,0.0,,,
a,simplicial,2-simplices,1,21,10,0.7699386503067485,0.0,0.7699386503067485,0.0,,,
a,simplicial,2-simplices,1,22,10,0.7699386503067485,0.0,0.7699386503067485,0.0,,,
a,simplicial,2-simplices,1,23,10,0.7699386503067485,0.0,0.7699386503067485,0.0,,,
a,simplicial,2-simplices,1,24,10,0.7699386503067485,0.0,0.7699386503067485,0.0,,,
a,simplicial,2-simplices,1,25,10,0.7699386503067485,0.0,0.7699386503067485,0.0,,,
a,simplicial,2-simplices,1,26,10,0.7699386503067485,0.0,0.7699386503067485,0.0,,,
a,simplicial,2-simplices,1,27,10,0.7699386503067485,0.0,0.7699386503067485,0.0,,,
a,simplicial,2-simplices,1,28,10,0.7699386503067485,0.0,0.7699386503067485,0.0,,,
a,simplicial,2-simplices,1,29,10,0.7699386503067485,0.0,0.7699386503067485,0.0,,,
a,simplicial,2-simplices,1,30,10,0.7699386503067485,0.0,0.7699386503067485,0.0,,,
a,simplicial,2-simplices,1,31,10,0.7699386503067485,0.0,0.7699386503067485,0.0,,,
a,simplicial,2-simplices,1,32,10,0.7699386503067485,0.0,0.7699386503067485,0.0,,,
a,simplicial,2-simplices,1,33,10,0.7699386503067485,0.0,0.7699386503067485,0.0,,,
a,simplicial,2-simplices,1,34,10,0.7699386503067485,0.0,0.7699386503067485,0.0,,,
a,simplicial,2-simplices,1,35,10,0.7699386503067485,0.0,0.7699386503067485,0.0,,,
a,simplicial,2-simplices,1,36,10,0.7699386503067485,0.0,0.7699386503067485,0.0,,,
a,simplicial,2-simplices,1,37,10,0.7699386503067485,0.0,0.7699386503067485,0.0,,,
a,simplicial,2-simplices,1,38,10,0.7699386503067485,0.0,0.7699386503067485,0.0,,,
a,simplicial,2-simplices,1,39,10,0.7699386503067485,0.0,0.7699386503067485,0.0,,,
a,simplicial,2-simplices,1,40,10,0.7699386503067485,0.0,0.7699386503067485,0.0,,,
a,simplicial,2-simplices,1,41,10,0.7699386503067485,0.0,0.7699386503067485,0.0,,,
a,simplicial,2-simplices,1,42,10,0.7699386503067485,0.0,0.7699386503067485,0.0,,,
a,simplicial,2-simplices,1,43,10,0.7699386503067485,0.0,0.7699386503067485,0.0,,,
a,simplicial,2-simplices,1,44,10,0.7699386503067485,0.0,0.7699386503067485,0.0,,,
a,simplicial,2-simplices,1,45,10,0.7699386503067485,0.0,0.7699386503067485,0.0,,,
a,simplicial,2-simplices,1,46,10,0.7699386503067485,0.0,0.7699386503067485,0.0,,,
a,simplicial,2-simplices,1,47,10,0.7699386503067485,0.0,0.7699386503067485,0.0,,,
a,simplicial,2-simplices,1,48,10,0.7699386503067485,0.0,0.7699386503067485,0.0,,,
a,simplicial,2-simplices,1,49,10,0.7699386503067485,0.0,0.7699386503067485,0.0,,,
a,simplicial,2-simplices,1,50,10,0.7699386503067485,0.0,0.7699386503067485,0.0,,,
a,simplicial,2-simplices,1,51,10,0.7699386503067485,0.0,0.7699386503067485,0.0,,,
a,simplicial,2-simplices,1,52,10,0.7699386503067485,0.0,0.7699386503067485,0.0,,,
a,simplicial,2-simplices,1,53,10,0.7699386503067485,0.0,0.7699386503067485,0.0,,,
a,simplicial,2-simplices,1,54,10,0.7699386503067485,0.0,0.7699386503067485,0.0,,,
a,simplicial,2-simplices,1,55,10,0.7699386503067485,0.0,0.7699386503067485,0.0,,,
a,simplicial,2-simplices,1,56,10,0.7699386503067485,0.0,0.7699386503067485,0.0,,,
a,simplicial,2-simplices,1,57,10,0.7699386503067485,0.0,0.7699386503067485,0.0,,,
a,simplicial,2-simplices,1,58,10,0.7699386503067485,0.0,0.7699386503067485,0.0,,,
a,simplicial,2-simplices,1,59,10,0.7699386503067485,0.0,0.7699386503067485,0.0,,,
a,simplicial,2-simplices,1,60,10,0.7699386503067485,0.0,0.7699386503067485,0.0,,,
a,simplicial,2-simplices,1,61,10,0.7699386503067485,0.0,0.7699386503067485,0.0,,,
a,simplicial,2-simplices,1,62,10,0.7699386503067485,0.0,0.7699386503067485,0.0,,,
a,simplicial,2-simplices,1,63,10,0.7699386503067485,0.0,0.7699386503067485,0.0,,,
a,simplicial,2-simplices,1,64,10,0.7699386503067485,0.0,0.7699386503067485,0.0,,,
a,simplicial,2-simplices,1,65,10,0.7699386503067485,0.0,0.7699386503067485,0.0,,,
a,simplicial,2-simplices,1,66,10,0.7699386503067485,0.0,0.7699386503067485,0.0,,,
a,simplicial,2-simplices,1,67,10,0.7699386503067485,0.0,0.7699386503067485,0.0,,,
a,simplicial,2-simplices,1,68,10,0.7699386503067485,0.0,0.7699386503067485,0.0,,,
a,simplicial,2-simplices,1,69,10,0.7699386503067485,0.0,0.7699386503067485,0.0,,,
a,simplicial,2-simplices,1,70,10,0.7699386503067485,0.0,0.7699386503067485,0.0,,,
a,simplicial,2-simplices,1,71,10,0.7699386503067485,0.0,0.7699386503067485,0.0,,,
a,simplicial,2-simplices,1,72,10,0.7699386503067485,0.0,0.7699386503067485,0.0,,,
a,simplicial,2-simplices,1,73,10,0.7699386503067485,0.0,0.7699386503067485,0.0,,,
a,simplicial,2-simplices,1,74,10,0.7699386503067485,0.0,0.7699386503067485,0.0,,,
a,simplicial,2-simplices,1,75,10,0.7699386503067485,0.0,0.7699386503067485,0.0,,,
a,simplicial,2-simplices,1,76,10,0.7699386503067485,0.0,0.7699386503067485,0.0,,,
a,simplicial,2-simplices,1,77,10,0.7699386503067485,0.0,0.7699386503067485,0.0,,,
a,simplicial,2-simplices,1,78,10,0.7699386503067485,0.0,0.7699386503067485,0.0,,,
a,simplicial,2-simplices,1,79,10,0.7699386503067485,0.0,0.7699386503067485,0.0,,,
a,simplicial,2-simplices,1,80,10,0.7699386503067485,0.0,0.7699386503067485,0.0,,,
a,simplicial,2-simplices,1,81,10,0.7699386503067485,0.0,0.7699386503067485,0.0,,,
a,simplicial,2-simplices,1,82,10,0.7699386503067485,0.0,0.7699386503067485,0.0,,,
a,simplicial,2-simplices,1,83,10,0.7699386503067485,0.0,0.7699386503067485,0.0,,,
a,simplicial,2-simplices,1,84,10,0.7699386503067485,0.0,0.7699386503067485,0.0,,,
a,simplicial,2-simplices,1,85,10,0.7699386503067485,0.0,0.7699386503067485,0.0,,,
a,simplicial,2-simplices,1,86,10,0.7699386503067485,0.0,0.7699386503067485,0.0,,,
a,simplicial,2-simplices,1,87,10,0.7699386503067485,0.0,0.7699386503067485,0.0,,,
a,simplicial,2-simplices,1,88,10,0.7699386503067485,0.0,0.7699386503067485,0.0,,,
a,simplicial,2-simplices,1,89,10,0.7699386503067485,0.0,0.7699386503067485,0.0,,,
a,simplicial,2-simplices,1,90,10,0.7699386503067485,0.0,0.7699386503067485,0.0,,,
a,simplicial,2-simplices,1,91,10,0.7699386503067485,0.0,0.7699386503067485,0.0,,,
a,simplicial,2-simplices,1,92,10,0.7699386503067485,0.0,0.7699386503067485,0.0,,,
a,simplicial,2-simplices,1,93,10,0.7699386503067485,0.0,0.7699386503067485,0.0,,,
a,simplicial,2-simplices,1,94,10,0.7699386503067485,0.0,0.7699386503067485,0.0,,,
a,simplicial,2-simplices,1,95,10,0.7699386503067485,0.0,0.7699386503067485,0.0,,,
a,simplicial,2-simplices,1,96,10,0.7699386503067485,0.0,0.7699386503067485,0.0,,,
a,simplicial,2-simplices,1,97,10,0.7699386503067485,0.0,0.7699386503067485,0.0,,,
a,simplicial,2-simplices,1,98,10,0.7699386503067485,0.0,0.7699386503067485,0.0,,,
a,simplicial,2-simplices,1,99,10,0.7699386503067485,0.0,0.7699386503067485,0.0,,,
a,simplicial,2-simplices,1,100,10,0.7699386503067485,0.0,0.7699386503067485,0.0,,,
a,simplicial,2-simplices,1,101,10,0.7699386503067485,0.0,0.7699386503067485,0.0,,,
a,simplicial,2-simplices,1,102,10,0.7699386503067485,0.0,0.7699386503067485,0.0,,,
a,simplicial,2-simplices,1,103,10,0.7699386503067485,0.0,0.7699386503067485,0.0,,,
a,simplicial,2-simplices,1,104,10,0.7699386503067485,0.0,0.7699386503067485,0.0,,,
a,simplicial,2-simplices,1,105,10,0.7699386503067485,0.0,0.7699386503067485,0.0,,,
a,simplicial,2-simplices,1,106,10,0.7699386503067485,0.0,0.7699386503067485,0.0,,,
a,simplicial,2-simplices,1,107,10,0.7699386503067485,0.0,0.7699386503067485,0.0,,,
a,simplicial,2-simplices,1,108,10,0.7699386503067485,0.0,0.7699386503067485,0.0,,,
a,simplicial,2-simplices,1,109,10,0.7699386503067485,0.0,0.7699386503067485,0.0,,,
a,simplicial,2-simplices,1,110,10,0.7699386503067485,0.0,0.7699386503067485,0.0,,,
a,simplicial,2-simplices,1,111,10,0.7699386503067485,0.0,0.7699386503067485,0.0,,,
a,simplicial,2-simplices,1,112,10,0.7699386503067485,0.0,0.7699386503067485,0.0,,,
a,simplicial,2-simplices,1,113,10,0.7699386503067485,0.0,0.7699386503067485,0.0,,,
a,simplicial,2-simplices,1,114,10,0.7699386503067485,0.0,0.7699386503067485,0.0,,,
a,simplicial,2-simplices,1,115,10,0.7699386503067485,0.0,0.7699386503067485,0.0,,,
a,simplicial,2-simplices,1,116,10,0.7699386503067485,0.0,0.7699386503067485,0.0,,,
a,simplicial,2-simplices,1,117,10,0.7699386503067485,0.0,0.7699386503067485,0.0,,,
a,simplicial,2-simplices,1,118,10,0.7699386503067485,0.0,0.7699386503067485,0.0,,,
a,simplicial,2-simplices,1,119,10,0.7699386503067485,0.0,0.7699386503067485,0.0,,,
a,simplicial,2-simplices,1,120,10,0.7699386503067485,0.0,0.7699386503067485,0.0,,,
a,simplicial,2-simplices,1,121,10,0.7699386503067485,0.0,0.7699386503067485,0.0,,,
a,simplicial,2-simplices,1,122,10,0.7699386503067485,0.0,0.7699386503067485,0.0,,,
a,simplicial,2-simplices,1,123,10,0.7699386503067485,0.0,0.7699386503067485,0.0,,,
a,simplicial,2-simplices,1,124,10,0.7699386503067485,0.0,0.7699386503067485,0.0,,,
a,simplicial,2-simplices,1,125,10,0.7699386503067485,0.0,0.7699386503067485,0.0,,,
a,simplicial,2-simplices,1,126,10,0.7699386503067485,0.0,0.7699386503067485,0.0,,,
a,simplicial,2-simplices,1,127,10,0.7699386503067485,0.0,0.7699386503067485,0.0,,,
a,simplicial,2-simplices,1,128,10,0.7699386503067485,0.0,0.7699386503067485,0.0,,,
a,simplicial,2-simplices,1,129,10,0.7699386503067485,0.0,0.7699386503067485,0.0,,,
a,simplicial,2-simplices,1,130,10,0.7699386503067485,0.0,0.7699386503067485,0.0,,,
a,simplicial,2-simplices,1,131,10,0.7699386503067485,0.0,0.7699386503067485,0.0,,,
a,simplicial,2-simplices,1,132,10,0.7699386503067485,0.0,0.7699386503067485,0.0,,,
a,simplicial,2-simplices,1,133,10,0.7699386503067485,0.0,0.7699386503067485,0.0,,,
a,simplicial,2-simplices,1,134,10,0.7699386503067485,0.0,0.7699386503067485,0.0,,,
a,simplicial,2-simplices,1,135,10,0.7699386503067485,0.0,0.7699386503067485,0.0,,,
a,simplicial,2-simplices,1,136,10,0.7699386503067485,0.0,0.7699386503067485,0.0,,,
a,simplicial,2-simplices,1,137,10,0.7699386503067485,0.0,0.7699386503067485,0.0,,,
a,simplicial,2-simplices,1,138,10,0.7699386503067485,0.0,0.7699386503067485,0.0,,,
a,simplicial,2-simplices,1,139,10,0.7699386503067485,0.0,0.7699386503067485,0.0,,,
a,simplicial,2-simplices,1,140,10,0.7699386503067485,0.0,0.7699386503067485,0.0,,,
a,simplicial,2-simplices,1,141,10,0.7699386503067485,0.0,0.7699386503067485,0.0,,,
a,simplicial,2-simplices,1,142,10,0.7699386503067485,0.0,0.7699386503067485,0.0,,,
a,simplicial,2-simplices,1,143,10,0.7699386503067485,0.0,0.7699386503067485,0.0,,,
a,simplicial,2-simplices,1,144,10,0.7699386503067485,0.0,0.7699386503067485,0.0,,,
a,simplicial,2-simplices,1,145,10,0.7699386503067485,0.0,0.7699386503067485,0.0,,,
a,simplicial,2-simplices,1,146,10,0.7699386503067485,0.0,0.7699386503067485,0.0,,,
a,simplicial,2-simplices,1,147,10,0.7699386503067485,0.0,0.7699386503067485,0.0,,,
a,simplicial,2-simplices,1,148,10,0.7699386503067485,0.0,0.7699386503067485,0.0,,,
a,simplicial,2-simplices,1,149,10,0.7699386503067485,0.0,0.7699386503067485,0.0,,,
a,simplicial,2-simplices,1,150,10,0.7699386503067485,0.0,0.7699386503067485,0.0,,,
a,simplicial,2-simplices,1,151,10,0.7699386503067485,0.0,0.7699386503067485,0.0,,,
a,simplicial,2-simplices,1,152,10,0.7699386503067485,0.0,0.7699386503067485,0.0,,,
a,simplicial,2-simplices,1,153,10,0.7699386503067485,0.0,0.7699386503067485,0.0,,,
a,simplicial,2-simplices,1,154,10,0.7699386503067485,0.0,0.7699386503067485,0.0,,,
a,simplicial,2-simplices,1,155,10,0.7699386503067485,0.0,0.7699386503067485,0.0,,,
a,simplicial,2-simplices,1,156,10,0.7699386503067485,0.0,0.7699386503067485,0.0,,,
a,simplicial,2-simplices,1,157,10,0.7699386503067485,0.0,0.7699386503067485,0.0,,,
a,simplicial,2-simplices,1,158,10,0.7699386503067485,0.0,0.7699386503067485,0.0,,,
a,simplicial,2-simplices,1,159,10,0.7699386503067485,0.0,0.7699386503067485,0.0,,,
a,simplicial,2-simplices,1,160,10,0.7699386503067485,0.0,0.7699386503067485,0.0,,,
a,simplicial,2-simplices,1,161,10,0.7699386503067485,0.0,0.7699386503067485,0.0,,,
a,simplicial,2-simplices,1,162,10,0.7699386503067485,0.0,0.7699386503067485,0.0,,,
a,simplicial,2-simplices,1,163,10,0.7699386503067485,0.0,0.7699386503067485,0.0,,,
a,simplicial,2-simplices,1,164,10,0.7699386503067485,0.0,0.7699386503067485,0.0,,,
a,simplicial,2-simplices,1,165,10,0.7699386503067485,0.0,0.7699386503067485,0.0,,,
a,simplicial,2-simplices,1,166,10,0.7699386503067485,0.0,0.7699386503067485,0.0,,,
a,simplicial,2-simplices,1,167,10,0.7699386503067485,0.0,0.7699386503067485,0.0,,,
a,simplicial,2-simplices,1,168,10,0.7699386503067485,0.0,0.7699386503067485,0.0,,,
a,simplicial,2-simplices,1,169,10,0.7699386503067485,0.0,0.7699386503067485,0.0,,,
a,simplicial,2-simplices,1,170,10,0.7699386503067485,0.0,0.7699386503067485,0.0,,,
a,simplicial,2-simplices,1,171,10,0.7699386503067485,0.0,0.7699386503067485,0.0,,,
a,simplicial,2-simplices,1,172,10,0.7699386503067485,0.0,0.7699386503067485,0.0,,,
a,simplicial,2-simplices,1,173,10,0.7699386503067485,0.0,0.7699386503067485,0.0,,,
a,simplicial,2-simplices,1,174,10,0.7699386503067485,0.0,0.7699386503067485,0.0,,,
a,simplicial,2-simplices,1,175,10,0.7699386503067485,0.0,0.7699386503067485,0.0,,,
a,simplicial,2-simplices,1,176,10,0.7699386503067485,0.0,0.7699386503067485,0.0,,,
a,simplicial,2-simplices,1,177,10,0.7699386503067485,0.0,0.7699386503067485,0.0,,,
a,simplicial,2-simplices,1,178,10,0.7699386503067485,0.0,0.7699386503067485,0.0,,,
a,simplicial,2-simplices,1,179,10,0.7699386503067485,0.0,0.7699386503067485,0.0,,,
a,simplicial,2-simplices,1,180,10,0.7699386503067485,0.0,0.7699386503067485,0.0,,,
a,simplicial,2-simplices,1,181,10,0.7699386503067485,0.0,0.7699386503067485,0.0,,,
a,simplicial,2-simplices,1,182,10,0.7699386503067485,0.0,0.7699386503067485,0.0,,,
a,simplicial,2-simplices,1,183,10,0.7699386503067485,0.0,0.7699386503067485,0.0,,,
a,simplicial,2-simplices,1,184,10,0.7699386503067485,0.0,0.7699386503067485,0.0,,,
a,simplicial,2-simplices,1,185,10,0.7699386503067485,0.0,0.7699386503067485,0.0,,,
a,simplicial,2-simplices,1,186,10,0.7699386503067485,0.0,0.7699386503067485,0.0,,,
a,simplicial,2-simplices,1,187,10,0.7699386503067485,0.0,0.7699386503067485,0.0,,,
a,simplicial,2-simplices,1,188,10,0.7699386503067485,0.0,0.7699386503067485,0.0,,,
a,simplicial,2-simplices,1,189,10,0.7699386503067485,0.0,0.7699386503067485,0.0,,,
a,simplicial,2-simplices,1,190,10,0.7699386503067485,0.0,0.7699386503067485,0.0,,,
a,simplicial,2-simplices,1,191,10,0.7699386503067485,0.0,0.7699386503067485,0.0,,,
a,simplicial,2-simplices,1,192,10,0.7699386503067485,0.0,0.7699386503067485,0.0,,,
a,simplicial,2-simplices,1,193,10,0.7699386503067485,0.0,0.7699386503067485,0.0,,,
a,simplicial,2-simplices,1,194,10,0.7699386503067485,0.0,0.7699386503067485,0.0,,,
a,simplicial,2-simplices,1,195,10,0.7699386503067485,0.0,0.7699386503067485,0.0,,,
a,simplicial,2-simplices,1,196,10,0.7699386503067485,0.0,0.7699386503067485,0.0,,,
a,simplicial,2-simplices,1,197,10,0.7699386503067485,0.0,0.7699386503067485,0.0,,,
a,simplicial,2-simplices,1,198,10,0.7699386503067485,0.0,0.7699386503067485,0.0,,,
a,simplicial,2-simplices,1,199,10,0.7699386503067485,0.0,0.7699386503067485,0.0,,,
a,simplicial,2-simplices,1,200,10,0.7699386503067485,0.0,0.7699386503067485,0.0,,,
b,simplicial,2-simplices,1,,10,,,,,0.7699386503067485,0.0,
a,simplicial,2-simplices,2,1,10,0.773803680981595,0.0036011567365747087,0.7730548252020638,0.0,,,
a,simplicial,2-simplices,2,2,10,0.7765030674846626,0.0044055174427841725,0.7761215370038067,1.1761146561888094e-16,,,
a,simplicial,2-simplices,2,3,10,0.7796932515337424,0.008600877889619519,0.7791395708404347,0.0,,,
a,simplicial,2-simplices,2,4,10,0.7848466257668711,0.007356564710053459,0.7821096993780708,2.2235278634319104e-16,,,
a,simplicial,2-simplices,2,5,10,0.7880368098159509,0.008442861085211873,0.785032683018288,1.4285061330586922e-16,,,
a,simplicial,2-simplices,2,6,10,0.7890184049079755,0.00881696576687258,0.7879092700927949,2.6272671962866383e-16,,,
a,simplicial,2-simplices,2,7,10,0.7931901840490798,0.008105231259848163,0.7907401970549904,3.7758465807882843e-16,,,
a,simplicial,2-simplices,2,8,10,0.7976073619631902,0.011692084851432645,0.7935261886685878,3.881372438896974e-16,,,
a,simplicial,2-simplices,2,9,10,0.7996319018404908,0.012888952627923216,0.7962679581930828,0.0,,,
a,simplicial,2-simplices,2,10,10,0.8015337423312884,0.01348220675265985,0.7989662075663919,2.4797742478323306e-16,,,
a,simplicial,2-simplices,2,11,10,0.8039877300613497,0.015094878388571662,0.8016216275845706,3.853040874452409e-16,,,
a,simplicial,2-simplices,2,12,10,0.8074233128834356,0.017239761095326808,0.804234898078654,4.160662724737088e-16,,,
a,simplicial,2-simplices,2,13,10,0.8085276073619632,0.016609673338317622,0.8068066880887065,2.366740426650598e-16,,,
a,simplicial,2-simplices,2,14,10,0.8103067484662576,0.01611991646617424,0.8093376560350946,5.233641528945917e-17,,,
a,simplicial,2-simplices,2,15,10,0.810920245398773,0.015932032233746687,0.8118284498871068,3.7007434154171886e-16,,,
a,simplicial,2-simplices,2,16,10,0.8134969325153374,0.01763203418797537,0.814279707328768,4.564083509149711e-16,,,
a,simplicial,2-simplices,2,17,10,0.8168711656441717,0.021493319240771806,0.8166920559221393,2.5666196404353564e-16,,,
a,simplicial,2-simplices,2,18,10,0.8192024539877301,0.022385026393069236,0.8190661132680042,2.553244772742079e-16,,,
a,simplicial,2-simplices,2,19,10,0.8195705521472393,0.022882786805644744,0.8214024871639436,1.1761146561888094e-16,,,
a,simplicial,2-simplices,2,20,10,0.8250920245398772,0.02227152538566159,0.8237017757599311,2.145154682951613e-16,,,
a,simplicial,2-simplices,2,21,10,0.8274233128834355,0.0212935388877866,0.8259645677115446,2.122691711248235e-16,,,
a,simplicial,2-simplices,2,22,10,0.8301226993865031,0.023293950623071172,0.8281914423306027,5.004904878330104e-16,,,
a,simplicial,2-simplices,2,23,10,0.8326380368098161,0.022784526855749734,0.8303829697334779,2.0967250860301e-16,,,
a,simplicial,2-simplices,2,24,10,0.8345398773006135,0.02108036324869056,0.8325397109871016,4.447055726863821e-16,,,
a,simplicial,2-simplices,2,25,10,0.8353374233128834,0.02161932395188697,0.8346622182525687,2.0404491062834961e-16,,,
a,simplicial,2-simplices,2,26,10,0.8366871165644172,0.020522977804482718,0.8367510349265219,4.681111291435601e-17,,,
a,simplicial,2-simplices,2,27,10,0.8406134969325153,0.021145233828919575,0.8388066957802488,1.3031662313448182e-16,,,
a,simplicial,2-simplices,2,28,10,0.8420858895705521,0.021998995920943423,0.8408297270966203,1.4043333874306804e-16,,,
a,simplicial,2-simplices,2,29,10,0.8429447852760736,0.02165565962542673,0.8428206468048008,3.766767830981465e-16,,,
a,simplicial,2-simplices,2,30,10,0.8446625766871166,0.021398841797729364,0.8447799646128473,9.064933036736789e-17,,,
a,simplicial,2-simplices,2,31,10,0.8458895705521472,0.02211011320225928,0.8467081821382252,2.398355846665908e-16,,,
a,simplicial,2-simplices,2,32,10,0.8473006134969324,0.021812382822898123,0.8486057930362115,3.671018087332943e-16,,,
a,simplicial,2-simplices,2,33,10,0.8483435582822085,0.021908703783541945,0.8504732831262922,2.232747783547962e-16,,,
a,simplicial,2-simplices,2,34,10,0.8510429447852761,0.02119856562593136,0.8523111305165401,2.3434795139979835e-16,,,
a,simplicial,2-simplices,2,35,10,0.8533128834355829,0.02136295022830803,0.8541198057259866,2.409749525270948e-16,,,
a,simplicial,2-simplices,2,36,10,0.8539877300613498,0.021226560433100276,0.8558997718051276,4.3410840251730974e-16,,,
a,simplicial,2-simplices,2,37,10,0.8577300613496932,0.020704852421718573,0.8576514844544351,4.0892796102084093e-16,,,
a,simplicial,2-simplices,2,38,10,0.8585889570552148,0.02026759230549482,0.8593753921410551,4.681111291435602e-16,,,
a,simplicial,2-simplices,2,39,10,0.8595092024539877,0.019589251558000894,0.8610719362136063,7.021666937153402e-17,,,
a,simplicial,2-simplices,2,40,10,0.8606748466257669,0.020172867948529617,0.8627415510151589,4.361542392016941e-16,,,
a,simplicial,2-simplices,2,41,10,0.8612883435582821,0.020698792110032425,0.8643846639944706,4.915166856007381e-16,,,
a,simplicial,2-simplices,2,42,10,0.8671165644171779,0.021962847445658358,0.866001695815377,4.586533637279209e-16,,,
a,simplicial,2-simplices,2,43,10,0.8685276073619631,0.02344712542795699,0.8675930604645357,2.2932668186396046e-16,,,
a,simplicial,2-simplices,2,44,10,0.8696319018404909,0.02243578403952849,0.869159165357346,5.175751305185576e-16,,,
a,simplicial,2-simplices,2,45,10,0.87079754601227,0.022485962163145603,0.8707004114423323,4.752250257753353e-16,,,
a,simplicial,2-simplices,2,46,10,0.8712883435582823,0.022436809204593736,0.8722171933037421,2.401209334702682e-16,,,
a,simplicial,2-simplices,2,47,10,0.8726380368098159,0.021342875530379057,0.8737098992626056,1.4043333874306804e-16,,,
a,simplicial,2-simplices,2,48,10,0.873435582822086,0.021177347761540066,0.8751789114760815,5.733167046599012e-17,,,
a,simplicial,2-simplices,2,49,10,0.8740490797546012,0.021498766547032755,0.876624606035378,7.762744877793948e-17,,,
a,simplicial,2-simplices,2,50,10,0.8747239263803681,0.022104438170329428,0.8780473530619854,2.080331362368544e-16,,,
a,simplicial,2-simplices,2,51,10,0.8769938650306749,0.02218271964575555,0.879447516802449,1.9014763953998932e-16,,,
a,simplicial,2-simplices,2,52,10,0.8806134969325153,0.022101410890804106,0.8808254557216515,4.225983244416238e-16,,,
a,simplicial,2-simplices,2,53,10,0.8823312883435582,0.021324448951084315,0.8821815225945026,1.0725773414758065e-16,,,
a,simplicial,2-simplices,2,54,10,0.8837423312883436,0.022915294412350275,0.8835160645963616,4.546043582783968e-16,,,
a,simplicial,2-simplices,2,55,10,0.8867484662576686,0.021256485850365683,0.8848294233918464,5.733167046599012e-17,,,
a,simplicial,2-simplices,2,56,10,0.8874233128834355,0.02104104677427997,0.8861219352223231,2.0934566115783667e-16,,,
a,simplicial,2-simplices,2,57,10,0.888282208588957,0.021940462663169763,0.8873939309919969,1.9014763953998932e-16,,,
a,simplicial,2-simplices,2,58,10,0.8899386503067485,0.02106478443605518,0.8886457363526169,3.0269276043701823e-16,,,
a,simplicial,2-simplices,2,59,10,0.8904294478527607,0.021126238967433653,0.8898776717868945,8.191944760012302e-17,,,
a,simplicial,2-simplices,2,60,10,0.8911042944785276,0.020700408366629414,0.891090052690458,0.0,,,
a,simplicial,2-simplices,2,61,10,0.892638036809816,0.019948872635185588,0.8922831894526965,1.0532500405730103e-16,,,
a,simplicial,2-simplices,2,62,10,0.892760736196319,0.01988125555006261,0.893457387536168,2.41258953748256e-16,,,
a,simplicial,2-simplices,2,63,10,0.8946625766871165,0.019209955174127716,0.8946129475548315,3.8029527907997864e-16,,,
a,simplicial,2-simplices,2,64,10,0.8966257668711656,0.019394547613461488,0.8957501653509723,4.681111291435601e-17,,,
a,simplicial,2-simplices,2,65,10,0.8981595092024539,0.019019504333065713,0.8968693320709841,3.9234862116835754e-16,,,
a,simplicial,2-simplices,2,66,10,0.9014110429447852,0.019655426430313334,0.8979707342398816,3.401866993814846e-16,,,
a,simplicial,2-simplices,2,67,10,0.9023926380368097,0.01915195976238992,0.8990546538346799,3.342982125383114e-16,,,
a,simplicial,2-simplices,2,68,10,0.902760736196319,0.018965006285297514,0.9001213683565268,5.733167046599012e-17,,,
a,simplicial,2-simplices,2,69,10,0.9034355828220859,0.018056692295392356,0.9011711509018525,3.142364844681375e-16,,,
a,simplicial,2-simplices,2,70,10,0.9041104294478528,0.018293345130179807,0.9022042702321695,3.2600167817912923e-16,,,
a,simplicial,2-simplices,2,71,10,0.9048466257668712,0.017552279592466306,0.903220990842953,2.080331362368544e-16,,,
a,simplicial,2-simplices,2,72,10,0.9053987730061349,0.017481493153227258,0.904221573031341,9.362222582871203e-17,,,
a,simplicial,2-simplices,2,73,10,0.9058895705521472,0.017594519684294645,0.9052062729627799,2.0571606802743646e-16,,,
a,simplicial,2-simplices,2,74,10,0.9066257668711657,0.016678393004276943,0.9061753427365693,3.932203143583111e-16,,,
a,simplicial,2-simplices,2,75,10,0.9070552147239264,0.016520809067562474,0.9071290304504513,3.7025933247631223e-16,,,
a,simplicial,2-simplices,2,76,10,0.9076073619631903,0.01634764365707755,0.9080675802641325,3.528343968566428e-16,,,
a,simplicial,2-simplices,2,77,10,0.9077300613496933,0.01620117255983391,0.9089912324617085,5.733167046599012e-17,,,
a,simplicial,2-simplices,2,78,10,0.9080368098159509,0.015975676871297334,0.9099002235133,2.386907782032965e-16,,,
a,simplicial,2-simplices,2,79,10,0.9081595092024539,0.016047763277525617,0.9107947861354854,2.0571606802743646e-16,,,
a,simplicial,2-simplices,2,80,10,0.9092638036809817,0.01517556034362241,0.9116751493509844,3.916498697301471e-16,,,
a,simplicial,2-simplices,2,81,10,0.9116564417177914,0.015927306730978117,0.9125415385471893,3.4735769905631844e-16,,,
a,simplicial,2-simplices,2,82,10,0.9128834355828221,0.01622387195934454,0.9133941755339275,2.340555645717801e-16,,,
a,simplicial,2-simplices,2,83,10,0.916196319018405,0.017268240462515516,0.9142332786002372,3.510833468576701e-17,,,
a,simplicial,2-simplices,2,84,10,0.9168711656441717,0.017492135357621622,0.9150590625702574,4.3489640171823483e-16,,,
a,simplicial,2-simplices,2,85,10,0.9185889570552147,0.018513765781741888,0.9158717388582126,3.489312414213439e-16,,,
a,simplicial,2-simplices,2,86,10,0.919079754601227,0.018759256451660763,0.916671515522556,9.362222582871203e-17,,,
a,simplicial,2-simplices,2,87,10,0.9200613496932515,0.01941135921327805,0.9174585973192129,3.510833468576701e-17,,,
a,simplicial,2-simplices,2,88,10,0.9217791411042946,0.01868509742515714,0.9182331857540156,3.4735769905631844e-16,,,
a,simplicial,2-simplices,2,89,10,0.9241104294478527,0.017900495335036317,0.9189954791342914,3.881372438896974e-16,,,
a,simplicial,2-simplices,2,90,10,0.9249693251533742,0.01770080116360694,0.919745672619649,7.49343429207797e-17,,,
a,simplicial,2-simplices,2,91,10,0.9252147239263804,0.017786591736154374,0.920483958271903,3.618411218528999e-16,,,
a,simplicial,2-simplices,2,92,10,0.9257668711656442,0.017608300115852137,0.92121052510428,7.401486830834377e-17,,,
a,simplicial,2-simplices,2,93,10,0.9259509202453987,0.017525097053284866,0.9219255591297959,3.21773202442742e-16,,,
a,simplicial,2-simplices,2,94,10,0.9266257668711656,0.017141845471360186,0.9226292434088734,1.9894722988601306e-16,,,
a,simplicial,2-simplices,2,95,10,0.9274233128834355,0.016580945577395898,0.923321758096211,3.861916815434371e-16,,,
a,simplicial,2-simplices,2,96,10,0.9282208588957055,0.016663843588927092,0.9240032804869409,3.2705025495624708e-16,,,
a,simplicial,2-simplices,2,97,10,0.9286503067484663,0.016741585788420582,0.9246739850619285,3.36950604901947e-16,,,
a,simplicial,2-simplices,2,98,10,0.9293251533742332,0.01731564223694413,0.9253340435325587,4.681111291435601e-17,,,
a,simplicial,2-simplices,2,99,10,0.9298773006134968,0.01734279136394594,0.9259836248846094,5.733167046599012e-17,,,
a,simplicial,2-simplices,2,100,10,0.9304907975460124,0.017400567928081784,0.9266228954215506,8.191944760012302e-17,,,
a,simplicial,2-simplices,2,101,10,0.9322085889570552,0.016198720154169403,0.9272520188071093,3.060673659425244e-16,,,
a,simplicial,2-simplices,2,102,10,0.9331288343558283,0.015395934744146184,0.927871156107179,4.035337863427314e-16,,,
a,simplicial,2-simplices,2,103,10,0.9333742331288344,0.015558596157584533,0.9284804658310636,2.9350418479176855e-16,,,
a,simplicial,2-simplices,2,104,10,0.9336196319018406,0.015584378562052978,0.9290801039720169,1.7554167342883506e-16,,,
a,simplicial,2-simplices,2,105,10,0.933803680981595,0.01523057533433818,0.9296702240472555,1.751511464191092e-16,,,
a,simplicial,2-simplices,2,106,10,0.9338650306748466,0.015327331376441744,0.9302509771371612,0.0,,,
a,simplicial,2-simplices,2,107,10,0.9342331288343558,0.015460447297530492,0.9308225119240555,3.433922985862513e-16,,,
a,simplicial,2-simplices,2,108,10,0.9349079754601227,0.01584952830980289,0.9313849747302166,7.021666937153402e-17,,,
a,simplicial,2-simplices,2,109,10,0.9351533742331288,0.015576997338719452,0.9319385095553174,4.5984622234511915e-16,,,
a,simplicial,2-simplices,2,110,10,0.935644171779141,0.01540258821827782,0.9324832581133494,3.0984749120421047e-16,,,
a,simplicial,2-simplices,2,111,10,0.9362576687116565,0.015860079012969902,0.9330193598688854,3.2872102064377707e-16,,,
a,simplicial,2-simplices,2,112,10,0.9363190184049079,0.01586100186557926,0.9335469520727374,2.0571606802743646e-16,,,
a,simplicial,2-simplices,2,113,10,0.9368098159509202,0.015406796075122584,0.9340661697971624,0.0,,,
a,simplicial,2-simplices,2,114,10,0.9369325153374233,0.01551175632377398,0.9345771459704008,3.21773202442742e-16,,,
a,simplicial,2-simplices,2,115,10,0.9376073619631902,0.015940560843453643,0.9350800114107389,2.366740426650598e-16,,,
a,simplicial,2-simplices,2,116,10,0.9378527607361964,0.015982481491353836,0.9355748948599727,3.174884146624992e-16,,,
a,simplicial,2-simplices,2,117,10,0.938036809815951,0.015995428439285215,0.9360619230163444,4.392830758622045e-16,,,
a,simplicial,2-simplices,2,118,10,0.938159509202454,0.01589787204220511,0.9365412205670648,3.0718399630568783e-16,,,
a,simplicial,2-simplices,2,119,10,0.9382822085889571,0.01602729343501983,0.9370129102201531,7.762744877793948e-17,,,
a,simplicial,2-simplices,2,120,10,0.9385276073619633,0.01610693976391632,0.9374771127358887,4.195082817701991e-16,,,
a,simplicial,2-simplices,2,121,10,0.9387116564417178,0.016001832649172324,0.9379339469577224,4.094300213216723e-16,,,
a,simplicial,2-simplices,2,122,10,0.9388343558282208,0.015979864672701915,0.9383835298427095,4.2839202195944226e-16,,,
a,simplicial,2-simplices,2,123,10,0.9395092024539877,0.01599072167107576,0.9388259764914165,3.59562980915103e-16,,,
a,simplicial,2-simplices,2,124,10,0.9395705521472392,0.015962058928765357,0.9392614001774584,4.234077454560859e-16,,,
a,simplicial,2-simplices,2,125,10,0.9397546012269938,0.016093952598427216,0.9396899123764089,2.0967250860301e-16,,,
a,simplicial,2-simplices,2,126,10,0.9400613496932515,0.015787665423202178,0.9401116227944305,1.1466334093198023e-16,,,
a,simplicial,2-simplices,2,127,10,0.9401226993865031,0.015713720593280196,0.9405266393962963,4.790997919185434e-16,,,
a,simplicial,2-simplices,2,128,10,0.9403680981595093,0.01600274732708036,0.9409350684330408,3.6354035900869793e-16,,,
a,simplicial,2-simplices,2,129,10,0.9404294478527607,0.016004445875934553,0.9413370144692076,2.080331362368544e-16,,,
a,simplicial,2-simplices,2,130,10,0.9407361963190184,0.015732339067312497,0.9417325804095678,4.485386514393286e-16,,,
a,simplicial,2-simplices,2,131,10,0.940920245398773,0.015684018382880197,0.9421218675254727,3.174884146624992e-16,,,
a,simplicial,2-simplices,2,132,10,0.9411042944785276,0.015609046738046124,0.942504975480807,3.766767830981465e-16,,,
a,simplicial,2-simplices,2,133,10,0.9411656441717792,0.01547302023121097,0.9428820023574882,3.9789445977202613e-16,,,
a,simplicial,2-simplices,2,134,10,0.9415950920245398,0.015436083495087303,0.943253044680578,4.135901568172935e-16,,,
a,simplicial,2-simplices,2,135,10,0.9416564417177915,0.01529906587360753,0.9436181974429765,4.372518787855363e-16,,,
a,simplicial,2-simplices,2,136,10,0.9423312883435584,0.013881850918999695,0.9439775541297781,4.047199054259303e-16,,,
a,simplicial,2-simplices,2,137,10,0.942638036809816,0.01398165954928366,0.9443312067421846,4.4777466067618635e-16,,,
a,simplicial,2-simplices,2,138,10,0.9430674846625766,0.01352726343451863,0.9446792458210727,3.953045355713231e-16,,,
a,simplicial,2-simplices,2,139,10,0.9431288343558283,0.013521852188792871,0.9450217604701304,2.2235278634319104e-16,,,
a,simplicial,2-simplices,2,140,10,0.9431288343558283,0.013521852188792871,0.945358838378717,2.4687037718011827e-16,,,
a,simplicial,2-simplices,2,141,10,0.943680981595092,0.013839006529162229,0.9456905658443258,1.1466334093198023e-16,,,
a,simplicial,2-simplices,2,142,10,0.943680981595092,0.013839006529162229,0.9460170277945948,3.3017600539857414e-16,,,
a,simplicial,2-simplices,2,143,10,0.9437423312883435,0.013791329776800886,0.9463383078091588,2.0934566115783667e-16,,,
a,simplicial,2-simplices,2,144,10,0.9438650306748466,0.013852447372837064,0.9466544881409398,5.3628867073790325e-17,,,
a,simplicial,2-simplices,2,145,10,0.9439877300613497,0.01384278336512193,0.9469656497373057,2.080331362368544e-16,,,
a,simplicial,2-simplices,2,146,10,0.9441104294478528,0.013828879522258142,0.9472718722607082,4.266300731049751e-16,,,
a,simplicial,2-simplices,2,147,10,0.9441717791411042,0.013699905296068895,0.9475732341091275,3.510833468576701e-17,,,
a,simplicial,2-simplices,2,148,10,0.9442331288343558,0.013701278880815364,0.9478698124361571,3.510833468576701e-17,,,
a,simplicial,2-simplices,2,149,10,0.9448466257668711,0.012850771719921475,0.9481616831706843,3.5899118678562583e-16,,,
a,simplicial,2-simplices,2,150,10,0.9449079754601227,0.012926535496513491,0.948448921036424,3.559261045462548e-16,,,
a,simplicial,2-simplices,2,151,10,0.9450306748466257,0.013059785680313286,0.9487315995709412,1.2819751242557092e-16,,,
a,simplicial,2-simplices,2,152,10,0.9450920245398773,0.013075946708246496,0.9490097911446027,2.0967250860301e-16,,,
a,simplicial,2-simplices,2,153,10,0.945521472392638,0.01315104925071427,0.9492835669790012,2.080331362368544e-16,,,
a,simplicial,2-simplices,2,154,10,0.9475460122699386,0.011991559183295912,0.9495529971652328,4.213000162292041e-16,,,
a,simplicial,2-simplices,2,155,10,0.9475460122699386,0.011991559183295912,0.9498181506818459,4.681111291435601e-17,,,
a,simplicial,2-simplices,2,156,10,0.9484662576687116,0.011983709876469207,0.9500790954124835,1.9193983409904102e-16,,,
a,simplicial,2-simplices,2,157,10,0.9487730061349693,0.011970616260864805,0.9503358981632559,4.694258454670627e-16,,,
a,simplicial,2-simplices,2,158,10,0.9496932515337424,0.01198370987646921,0.9505886246798964,1.199177923332954e-16,,,
a,simplicial,2-simplices,2,159,10,0.9499386503067484,0.011854592476456495,0.9508373396645373,2.41258953748256e-16,,,
a,simplicial,2-simplices,2,160,10,0.9501226993865031,0.01197690298279832,0.9510821067922579,2.5666196404353564e-16,,,
a,simplicial,2-simplices,2,161,10,0.9503067484662576,0.012150061985695662,0.9513229887274974,3.7025933247631223e-16,,,
a,simplicial,2-simplices,2,162,10,0.9508588957055215,0.01244742121237078,0.9515600471399438,7.762744877793948e-17,,,
a,simplicial,2-simplices,2,163,10,0.9512269938650307,0.011630401796978418,0.9517933427204456,3.557336600312149e-16,,,
a,simplicial,2-simplices,2,164,10,0.9513496932515337,0.011676336482529744,0.9520229351964978,1.0725773414758065e-16,,,
a,simplicial,2-simplices,2,165,10,0.9513496932515337,0.011676336482529744,0.9522488833475309,2.520855578491895e-16,,,
a,simplicial,2-simplices,2,166,10,0.9514723926380368,0.011670604534105893,0.9524712450199718,7.021666937153402e-17,,,
a,simplicial,2-simplices,2,167,10,0.9515950920245398,0.011713525778121132,0.9526900771420653,9.362222582871203e-17,,,
a,simplicial,2-simplices,2,168,10,0.952760736196319,0.01220843481112417,0.9529054357384096,4.866160977449997e-16,,,
a,simplicial,2-simplices,2,169,10,0.9528220858895706,0.012203124151580466,0.9531173759443282,2.080331362368544e-16,,,
a,simplicial,2-simplices,2,170,10,0.9530061349693252,0.012198839677583475,0.9533259520199993,4.442433807312389e-16,,,
a,simplicial,2-simplices,2,171,10,0.9531901840490798,0.01227692371046892,0.9535312173643181,4.745040042316086e-16,,,
a,simplicial,2-simplices,2,172,10,0.9539263803680982,0.011213743899400145,0.9537332245285579,4.681111291435601e-17,,,
a,simplicial,2-simplices,2,173,10,0.9539263803680982,0.011213743899400145,0.953932025229878,4.576070617145934e-16,,,
a,simplicial,2-simplices,2,174,10,0.9539877300613497,0.011267875103440421,0.9541276703645145,2.2235278634319104e-16,,,
a,simplicial,2-simplices,2,175,10,0.9539877300613497,0.011267875103440421,0.9543202100208159,4.496060575246783e-16,,,
a,simplicial,2-simplices,2,176,10,0.9542331288343557,0.011264905575097,0.9545096934920998,3.09626408413875e-16,,,
a,simplicial,2-simplices,2,177,10,0.954355828220859,0.011268617363255032,0.9546961692892371,2.026980648162706e-16,,,
a,simplicial,2-simplices,2,178,10,0.9548466257668713,0.01141609932610538,0.9548796851530785,4.291905166354878e-16,,,
a,simplicial,2-simplices,2,179,10,0.9549079754601226,0.011346468710495772,0.9550602880667158,3.3121136700345437e-16,,,
a,simplicial,2-simplices,2,180,10,0.9549079754601226,0.011346468710495772,0.9552380242674223,0.0,,,
a,simplicial,2-simplices,2,181,10,0.9549079754601226,0.011346468710495772,0.9554129392585946,3.342982125383114e-16,,,
a,simplicial,2-simplices,2,182,10,0.9556441717791412,0.010212876308561058,0.9555850778213536,2.9139682792692303e-16,,,
a,simplicial,2-simplices,2,183,10,0.9560736196319018,0.010508143693650216,0.9557544840259599,7.49343429207797e-17,,,
a,simplicial,2-simplices,2,184,10,0.9561963190184048,0.010512122694774927,0.9559212012431836,3.0874049412768256e-16,,,
a,simplicial,2-simplices,2,185,10,0.9561963190184048,0.010512122694774927,0.9560852721553899,4.3489640171823483e-16,,,
a,simplicial,2-simplices,2,186,10,0.9562576687116564,0.010551235673440084,0.9562467387673866,7.762744877793948e-17,,,
a,simplicial,2-simplices,2,187,10,0.9562576687116564,0.010551235673440084,0.956405642417305,3.557336600312149e-16,,,
a,simplicial,2-simplices,2,188,10,0.9562576687116564,0.010551235673440084,0.9565620237870469,2.122691711248235e-16,,,
a,simplicial,2-simplices,2,189,10,0.9562576687116564,0.010551235673440084,0.9567159229128416,4.440892098500626e-16,,,
a,simplicial,2-simplices,2,190,10,0.9563190184049081,0.010593757625138886,0.9568673791953536,2.465928387256741e-16,,,
a,simplicial,2-simplices,2,191,10,0.9563190184049081,0.010593757625138886,0.9570164314099003,8.191944760012302e-17,,,
a,simplicial,2-simplices,2,192,10,0.9563190184049081,0.010593757625138886,0.9571631177162772,4.938794261097368e-16,,,
a,simplicial,2-simplices,2,193,10,0.9563190184049081,0.010593757625138886,0.957307475668596,2.9045531713639305e-16,,,
a,simplicial,2-simplices,2,194,10,0.9568098159509203,0.01063473333570906,0.9574495422248275,7.021666937153402e-17,,,
a,simplicial,2-simplices,2,195,10,0.9568098159509203,0.01063473333570906,0.9575893537563601,2.398355846665908e-16,,,
a,simplicial,2-simplices,2,196,10,0.9568098159509203,0.01063473333570906,0.9577269460572465,2.220446049250313e-16,,,
a,simplicial,2-simplices,2,197,10,0.9569325153374233,0.010703719503099096,0.9578623543533487,3.006498163255289e-16,,,
a,simplicial,2-simplices,2,198,10,0.9574233128834356,0.01086041682489744,0.9579956133114169,2.1862593939276816e-16,,,
a,simplicial,2-simplices,2,199,10,0.9574233128834356,0.01086041682489744,0.958126757047929,4.739263971955564e-16,,,
a,simplicial,2-simplices,2,200,10,0.9574233128834356,0.01086041682489744,0.958255819137821,4.55657555290797e-16,,,
b,simplicial,2-simplices,2,,10,,,,,0.9662576687116564,0.0,
a,simplicial,2-simplices,4,1,10,0.7806748466257669,0.007225791306361867,0.7793390065307719,1.199177923332954e-16,,,
a,simplicial,2-simplices,4,2,10,0.7893865030674847,0.007189818779967021,0.7882941152942695,2.080331362368544e-16,,,
a,simplicial,2-simplices,4,3,10,0.7975460122699387,0.00963101172950234,0.7968251751882185,1.9014763953998932e-16,,,
a,simplicial,2-simplices,4,4,10,0.8054601226993865,0.008600877889619508,0.8049523753525281,1.4616765322647736e-16,,,
a,simplicial,2-simplices,4,5,10,0.8105521472392638,0.010108953506077437,0.8126949435450902,4.538505783563301e-16,,,
a,simplicial,2-simplices,4,6,10,0.8158282208588957,0.011244840747311817,0.8200711919219282,1.8129866073473578e-16,,,
a,simplicial,2-simplices,4,7,10,0.8280981595092024,0.012111450863703853,0.8270985606372419,4.3850295967943206e-16,,,
a,simplicial,2-simplices,4,8,10,0.8357668711656443,0.0149411660902012,0.8337936593672932,2.145154682951613e-16,,,
a,simplicial,2-simplices,4,9,10,0.8429447852760736,0.013956961579346887,0.8401723068569578,2.080331362368544e-16,,,
a,simplicial,2-simplices,4,10,10,0.8517791411042944,0.01833479031639677,0.8462495685831456,3.8119453613851355e-16,,,
a,simplicial,2-simplices,4,11,10,0.8577300613496932,0.019247797482794204,0.8520397926246893,5.316720396110707e-16,,,
a,simplicial,2-simplices,4,12,10,0.8641717791411043,0.01889641372976774,0.8575566438241153,1.7199501139797033e-16,,,
a,simplicial,2-simplices,4,13,10,0.8678527607361964,0.0189604852809993,0.8628131363227507,3.4735769905631844e-16,,,
a,simplicial,2-simplices,4,14,10,0.8725766871165644,0.019885987817807763,0.8678216645464223,2.9605947323337506e-16,,,
a,simplicial,2-simplices,4,15,10,0.876319018404908,0.019273309886627513,0.8725940327157767,4.213000162292041e-16,,,
a,simplicial,2-simplices,4,16,10,0.8796319018404908,0.018893315122484804,0.8771414829512244,3.8029527907997864e-16,,,
a,simplicial,2-simplices,4,17,10,0.8826993865030675,0.020121701805787737,0.8814747220396635,1.9721872423271692e-16,,,
a,simplicial,2-simplices,4,18,10,0.8874846625766871,0.021534043348572004,0.885603946926464,4.035337863427314e-16,,,
a,simplicial,2-simplices,4,19,10,0.8900613496932515,0.02124979566608942,0.8895388689937394,3.3998534588685e-16,,,
a,simplicial,2-simplices,4,20,10,0.8947239263803681,0.022755875840938338,0.8932887371822718,4.2534407146616735e-16,,,
a,simplicial,2-simplices,4,21,10,0.8996932515337424,0.022822030916660924,0.8968623600126182,4.1803660522659606e-16,,,
a,simplicial,2-simplices,4,22,10,0.9023926380368099,0.023365652616054392,0.9002681265574657,1.8906416838689213e-16,,,
a,simplicial,2-simplices,4,23,10,0.9048466257668712,0.023643212761719348,0.9035140264153074,1.8466672561297192e-16,,,
a,simplicial,2-simplices,4,24,10,0.9066871165644171,0.023495944705778975,0.9066076687330111,1.60886601221371e-16,,,
a,simplicial,2-simplices,4,25,10,0.907239263803681,0.023155931322558408,0.9095563003226168,5.187645042750224e-16,,,
a,simplicial,2-simplices,4,26,10,0.9113496932515337,0.022161972262923154,0.912366822915302,4.568582360423483e-16,,,
a,simplicial,2-simplices,4,27,10,0.914601226993865,0.021605004851329806,0.9150458095938167,1.4802973661668753e-16,,,
a,simplicial,2-simplices,4,28,10,0.916319018404908,0.020505446029197204,0.9175995204424024,1.4285061330586922e-16,,,
a,simplicial,2-simplices,4,29,10,0.9207361963190184,0.02092854964748266,0.9200339174514968,3.541903396947236e-16,,,
a,simplicial,2-simplices,4,30,10,0.922760736196319,0.022256498504826847,0.9223546787126071,1.5917499294642454e-16,,,
a,simplicial,2-simplices,4,31,10,0.923558282208589,0.0222973291759055,0.9245672119373725,1.6550227688315153e-16,,,
a,simplicial,2-simplices,4,32,10,0.9245398773006135,0.02112584305954184,0.926676667332728,3.1488955718743137e-16,,,
a,simplicial,2-simplices,4,33,10,0.9252147239263804,0.021497599383318435,0.9286879498630766,3.2600167817912923e-16,,,
a,simplicial,2-simplices,4,34,10,0.9258895705521473,0.02135776199297628,0.9306057309284445,3.3998534588685e-16,,,
a,simplicial,2-simplices,4,35,10,0.9296932515337423,0.021450373362795407,0.9324344594866248,1.0202245531417481e-16,,,
a,simplicial,2-simplices,4,36,10,0.9299386503067485,0.02126356728058021,0.9341783726456425,4.496060575246783e-16,,,
a,simplicial,2-simplices,4,37,10,0.9332515337423313,0.018438506029677535,0.9358415057518187,4.277521530108634e-16,,,
a,simplicial,2-simplices,4,38,10,0.9341717791411043,0.01853634052495826,0.9374277019974759,2.8880028761227e-16,,,
a,simplicial,2-simplices,4,39,10,0.9347852760736195,0.018771736327131368,0.9389406215711524,5.3628867073790325e-17,,,
a,simplicial,2-simplices,4,40,10,0.9350306748466257,0.018645216002382795,0.9403837503719872,1.6591551666970419e-16,,,
a,simplicial,2-simplices,4,41,10,0.9360122699386503,0.019043785426177757,0.9417604083092481,3.7025933247631223e-16,,,
a,simplicial,2-simplices,4,42,10,0.9388957055214725,0.017753055522425357,0.9430737572066347,4.465495567095924e-16,,,
a,simplicial,2-simplices,4,43,10,0.9401226993865031,0.01736002407510159,0.9443268083301088,2.0303561386744092e-16,,,
a,simplicial,2-simplices,4,44,10,0.9412269938650306,0.01654243789079001,0.9455224295572856,4.035337863427314e-16,,,
a,simplicial,2-simplices,4,45,10,0.9422085889570552,0.017322886164512174,0.9466633522054856,5.599018099759919e-16,,,
a,simplicial,2-simplices,4,46,10,0.9425766871165644,0.017434542307148373,0.9477521775346271,2.232747783547962e-16,,,
a,simplicial,2-simplices,4,47,10,0.9433742331288343,0.017260610178406625,0.9487913829403049,4.949874015372748e-16,,,
a,simplicial,2-simplices,4,48,10,0.9441717791411044,0.01726775610027366,0.9497833278522345,5.021296532077499e-16,,,
a,simplicial,2-simplices,4,49,10,0.9465644171779142,0.015844250323572926,0.9507302593515672,4.266300731049751e-16,,,
a,simplicial,2-simplices,4,50,10,0.9467484662576687,0.016010585279907206,0.9516343175208176,1.6550227688315153e-16,,,
a,simplicial,2-simplices,4,51,10,0.9484662576687116,0.013866779965778878,0.9524975405390809,3.510833468576701e-17,,,
a,simplicial,2-simplices,4,52,10,0.9487730061349694,0.014157031606397938,0.9533218695345497,2.1705420125865487e-16,,,
a,simplicial,2-simplices,4,53,10,0.9495705521472393,0.013496312807239322,0.9541091532059266,3.774032578002451e-16,,,
a,simplicial,2-simplices,4,54,10,0.949877300613497,0.013515665255116379,0.9548611522239042,3.008774951285686e-16,,,
a,simplicial,2-simplices,4,55,10,0.9511656441717792,0.013379297740892245,0.9555795434228964,1.9193983409904102e-16,,,
a,simplicial,2-simplices,4,56,10,0.9520245398773006,0.012871419722058696,0.9562659237932802,2.916317306881066e-16,,,
a,simplicial,2-simplices,4,57,10,0.9542944785276074,0.011730650303371677,0.9569218142834577,3.174884146624992e-16,,,
a,simplicial,2-simplices,4,58,10,0.9547852760736196,0.011532183102483407,0.9575486634209092,3.4099092437943086e-16,,,
a,simplicial,2-simplices,4,59,10,0.9549693251533743,0.011500045047143621,0.9581478507607807,1.8317745351310708e-16,,,
a,simplicial,2-simplices,4,60,10,0.9550306748466257,0.011448473035578785,0.9587206901703015,2.553244772742079e-16,,,
a,simplicial,2-simplices,4,61,10,0.9560736196319018,0.011608627222646557,0.9592684329567586,2.401209334702682e-16,,,
a,simplicial,2-simplices,4,62,10,0.9565644171779141,0.011355863390356649,0.9597922708465079,1.9442115379207106e-16,,,
a,simplicial,2-simplices,4,63,10,0.9591411042944784,0.008681939002173851,0.9602933388222257,2.386907782032965e-16,,,
a,simplicial,2-simplices,4,64,10,0.9608588957055215,0.007579163605659564,0.960772717824901,4.540014344609969e-16,,,
a,simplicial,2-simplices,4,65,10,0.9630061349693252,0.006101133688565322,0.961231437327279,1.8280323973408943e-16,,,
a,simplicial,2-simplices,4,66,10,0.9633128834355829,0.006235039345655472,0.9616704777846978,4.59995112173319e-16,,,
a,simplicial,2-simplices,4,67,10,0.9640490797546013,0.004510118201092908,0.9620907729693122,1.3291800990276768e-16,,,
a,simplicial,2-simplices,4,68,10,0.9641717791411043,0.004454136078547881,0.9624932121929956,2.409749525270948e-16,,,
a,simplicial,2-simplices,4,69,10,0.9645398773006135,0.0044126311523144885,0.962878642424549,0.0,,,
a,simplicial,2-simplices,4,70,10,0.9649079754601226,0.004767940914779245,0.9632478703060319,2.366740426650598e-16,,,
a,simplicial,2-simplices,4,71,10,0.9655828220858895,0.003605798899941304,0.9636016640730742,2.2480302876233914e-16,,,
a,simplicial,2-simplices,4,72,10,0.9656441717791411,0.0035889424897309337,0.9639407553836797,1.7199501139797033e-16,,,
a,simplicial,2-simplices,4,73,10,0.9657668711656442,0.003644444893242615,0.9642658410601053,5.733167046599012e-17,,,
a,simplicial,2-simplices,4,74,10,0.9658895705521472,0.0035443867555490097,0.9645775847476548,2.5666196404353564e-16,,,
a,simplicial,2-simplices,4,75,10,0.9660122699386504,0.003694589706547641,0.9648766184945385,3.36950604901947e-16,,,
a,simplicial,2-simplices,4,76,10,0.9660122699386504,0.003694589706547641,0.9651635442564184,3.2452797883654927e-16,,,
a,simplicial,2-simplices,4,77,10,0.9660122699386504,0.003694589706547641,0.9654389353295245,4.442433807312389e-16,,,
a,simplicial,2-simplices,4,78,10,0.9661963190184049,0.0038307413093086012,0.9657033377152253,3.932203143583111e-16,,,
a,simplicial,2-simplices,4,79,10,0.9661963190184049,0.0038307413093086012,0.9659572714198859,4.423897841319463e-16,,,
a,simplicial,2-simplices,4,80,10,0.9666871165644171,0.003518927705447858,0.9662012316926756,6.196949824084209e-16,,,
a,simplicial,2-simplices,4,81,10,0.9674233128834355,0.0031871675739400134,0.9664356902044418,5.3628867073790325e-17,,,
a,simplicial,2-simplices,4,82,10,0.9675460122699386,0.0031608160049538037,0.9666610961705617,3.433922985862513e-16,,,
a,simplicial,2-simplices,4,83,10,0.9675460122699386,0.0031608160049538037,0.9668778774201782,5.599018099759919e-16,,,
a,simplicial,2-simplices,4,84,10,0.9676073619631902,0.0033201969313051065,0.9670864414145861,3.4735769905631844e-16,,,
a,simplicial,2-simplices,4,85,10,0.9677300613496932,0.0032872852838298863,0.9672871762171393,1.5032490816276445e-16,,,
a,simplicial,2-simplices,4,86,10,0.9678527607361962,0.0033252313495587566,0.9674804514169886,4.2582677720666966e-16,,,
a,simplicial,2-simplices,4,87,10,0.9679141104294479,0.003348417074641494,0.9676666190087285,5.709228875047291e-16,,,
a,simplicial,2-simplices,4,88,10,0.9679141104294479,0.003348417074641494,0.9678460142302608,3.5899118678562583e-16,,,
a,simplicial,2-simplices,4,89,10,0.9679141104294479,0.003348417074641494,0.9680189563607285,2.0934566115783667e-16,,,
a,simplicial,2-simplices,4,90,10,0.9679754601226994,0.0035040408982583145,0.9681857494804456,3.992688834149398e-16,,,
a,simplicial,2-simplices,4,91,10,0.9679754601226994,0.0035040408982583145,0.9683466831946503,3.503022928382184e-16,,,
a,simplicial,2-simplices,4,92,10,0.9680981595092024,0.0035772711011320952,0.9685020333227715,1.60886601221371e-16,,,
a,simplicial,2-simplices,4,93,10,0.9681595092024539,0.0035708355767262836,0.9686520625548933,1.816759736522041e-16,,,
a,simplicial,2-simplices,4,94,10,0.9687730061349693,0.0037311957877377614,0.9687970210769408,3.142364844681375e-16,,,
a,simplicial,2-simplices,4,95,10,0.9688343558282208,0.003690059245362785,0.9689371471661422,1.2819751242557092e-16,,,
a,simplicial,2-simplices,4,96,10,0.9688957055214724,0.003760224079997804,0.9690726677580948,2.0967250860301e-16,,,
a,simplicial,2-simplices,4,97,10,0.9688957055214724,0.003760224079997804,0.9692037989867922,4.1934501720602e-16,,,
a,simplicial,2-simplices,4,98,10,0.9688957055214724,0.003760224079997804,0.9693307466990383,5.233641528945917e-17,,,
a,simplicial,2-simplices,4,99,10,0.9688957055214724,0.003760224079997804,0.9694537069442664,1.199177923332954e-16,,,
a,simplicial,2-simplices,4,100,10,0.9688957055214724,0.003760224079997804,0.9695728664410794,1.9193983409904102e-16,,,
a,simplicial,2-simplices,4,101,10,0.9691411042944786,0.003601156736574723,0.9696884030215941,4.0012550075538863e-16,,,
a,simplicial,2-simplices,4,102,10,0.9691411042944786,0.003601156736574723,0.9698004860545538,3.932203143583111e-16,,,
a,simplicial,2-simplices,4,103,10,0.9692638036809816,0.0037646701047018495,0.9699092768483988,1.498686858415594e-16,,,
a,simplicial,2-simplices,4,104,10,0.9692638036809816,0.0037646701047018495,0.9700149290349971,3.588003862476803e-16,,,
a,simplicial,2-simplices,4,105,10,0.9695092024539876,0.0035778555748066415,0.9701175889352752,2.8880028761227e-16,,,
a,simplicial,2-simplices,4,106,10,0.9696319018404906,0.003728953482374348,0.9702173959073134,2.8184022174837167e-16,,,
a,simplicial,2-simplices,4,107,10,0.9698159509202453,0.003723903358720685,0.9703144826778868,4.053961296325412e-16,,,
a,simplicial,2-simplices,4,108,10,0.97,0.003570835576726294,0.970408975658262,4.3803422308401776e-16,,,
a,simplicial,2-simplices,4,109,10,0.97,0.003570835576726294,0.9705009952449366,4.434719903581091e-16,,,
a,simplicial,2-simplices,4,110,10,0.97,0.003570835576726294,0.9705906561059944,3.8119453613851355e-16,,,
a,simplicial,2-simplices,4,111,10,0.9706134969325154,0.003559104810540563,0.9706780674539228,1.5744477859371569e-16,,,
a,simplicial,2-simplices,4,112,10,0.9706134969325154,0.003559104810540563,0.9707633333054089,2.352229312377619e-16,,,
a,simplicial,2-simplices,4,113,10,0.9706134969325154,0.003559104810540563,0.9708465527287145,3.541903396947236e-16,,,
a,simplicial,2-simplices,4,114,10,0.9706134969325154,0.003559104810540563,0.9709278200793184,3.6429303136519523e-16,,,
a,simplicial,2-simplices,4,115,10,0.9707361963190184,0.0034830924772915263,0.9710072252243588,3.09626408413875e-16,,,
a,simplicial,2-simplices,4,116,10,0.9707361963190184,0.0034830924772915263,0.9710848537563199,3.7812833677378426e-16,,,
a,simplicial,2-simplices,4,117,10,0.9708588957055214,0.0034249763240172485,0.9711607871965644,2.7718543476901547e-16,,,
a,simplicial,2-simplices,4,118,10,0.9708588957055214,0.0034249763240172485,0.9712351031892623,4.1276148406169847e-16,,,
a,simplicial,2-simplices,4,119,10,0.9709815950920244,0.0033856780556565953,0.971307875685904,4.053961296325412e-16,,,
a,simplicial,2-simplices,4,120,10,0.9709815950920244,0.0033856780556565953,0.9713791751212725,1.5700924586837752e-16,,,
a,simplicial,2-simplices,4,121,10,0.9711042944785276,0.003535526513153368,0.9714490685807482,2.386907782032965e-16,,,
a,simplicial,2-simplices,4,122,10,0.9711042944785276,0.003535526513153368,0.9715176199599297,1.0725773414758065e-16,,,
a,simplicial,2-simplices,4,123,10,0.97159509202454,0.0027595998570256663,0.9715848901164138,3.36950604901947e-16,,,
a,simplicial,2-simplices,4,124,10,0.97159509202454,0.0027595998570256663,0.9716509370145244,3.5127833901202993e-16,,,
a,simplicial,2-simplices,4,125,10,0.97159509202454,0.0027595998570256663,0.971715815863077,1.5525489755587895e-16,,,
a,simplicial,2-simplices,4,126,10,0.9716564417177913,0.00277094227991076,0.9717795792465376,3.393805686290811e-16,,,
a,simplicial,2-simplices,4,127,10,0.9717791411042945,0.002818823875683104,0.9718422772500258,3.541903396947236e-16,,,
a,simplicial,2-simplices,4,128,10,0.9717791411042945,0.002818823875683104,0.9719039575783308,3.159750121719031e-16,,,
a,simplicial,2-simplices,4,129,10,0.971840490797546,0.002765654938045705,0.9719646656691985,2.2692528917816504e-16,,,
a,simplicial,2-simplices,4,130,10,0.971840490797546,0.002765654938045705,0.9720244448013485,3.1856501461435586e-16,,,
a,simplicial,2-simplices,4,131,10,0.971963190184049,0.002819565573860837,0.9720833361972252,3.2452797883654927e-16,,,
a,simplicial,2-simplices,4,132,10,0.9720245398773006,0.002923691779249361,0.9721413791209657,3.1314500328051913e-16,,,
a,simplicial,2-simplices,4,133,10,0.9720858895705522,0.0029669975723000154,0.9721986109715527,3.015595001482202e-16,,,
a,simplicial,2-simplices,4,134,10,0.9721472392638036,0.0029236917792493616,0.9722550673717099,3.897218434456789e-16,,,
a,simplicial,2-simplices,4,135,10,0.9724539877300613,0.002825492150182282,0.9723107822524725,3.5127833901202993e-16,,,
a,simplicial,2-simplices,4,136,10,0.9725153374233129,0.0029322614853063587,0.9723657879336504,2.0134220970077508e-16,,,
a,simplicial,2-simplices,4,137,10,0.9726380368098159,0.003049709919395901,0.9724201152006833,1.7397430568082641e-16,,,
a,simplicial,2-simplices,4,138,10,0.9726993865030675,0.003158168754904019,0.9724737933775675,3.925231146709438e-16,,,
a,simplicial,2-simplices,4,139,10,0.9726993865030675,0.003158168754904019,0.9725268503965167,1.5700924586837752e-16,,,
a,simplicial,2-simplices,4,140,10,0.9727607361963191,0.003117519672827755,0.9725793128642197,1.770951698473618e-16,,,
a,simplicial,2-simplices,4,141,10,0.9727607361963191,0.003117519672827755,0.972631206124942,3.383702044679182e-16,,,
a,simplicial,2-simplices,4,142,10,0.9727607361963191,0.003117519672827755,0.9726825543206209,3.1856501461435586e-16,,,
a,simplicial,2-simplices,4,143,10,0.9728220858895705,0.0030613435459815328,0.9727333804481659,5.733167046599012e-17,,,
a,simplicial,2-simplices,4,144,10,0.9728834355828221,0.0031786272765195233,0.9727837064138963,2.1705420125865487e-16,,,
a,simplicial,2-simplices,4,145,10,0.9728834355828221,0.0031786272765195233,0.9728335530855541,2.840184954533404e-16,,,
a,simplicial,2-simplices,4,146,10,0.9728834355828221,0.0031786272765195233,0.9728829403416646,2.6814433536895164e-16,,,
a,simplicial,2-simplices,4,147,10,0.9729447852760738,0.003134242889434322,0.9729318871187246,3.510833468576701e-17,,,
a,simplicial,2-simplices,4,148,10,0.9733128834355828,0.0028225304175546503,0.9729804114559795,3.0269276043701823e-16,,,
a,simplicial,2-simplices,4,149,10,0.9733128834355828,0.0028225304175546503,0.9730285305381973,1.4043333874306804e-16,,,
a,simplicial,2-simplices,4,150,10,0.9733128834355828,0.0028225304175546503,0.9730762607362899,2.2235278634319104e-16,,,
a,simplicial,2-simplices,4,151,10,0.9733742331288344,0.0028217894986765344,0.9731236176461445,4.417701902926904e-16,,,
a,simplicial,2-simplices,4,152,10,0.9734969325153374,0.0028009641993069797,0.9731706161254341,1.3084103822364793e-16,,,
a,simplicial,2-simplices,4,153,10,0.973558282208589,0.002750492241896917,0.9732172703288254,1.7199501139797033e-16,,,
a,simplicial,2-simplices,4,154,10,0.973558282208589,0.002750492241896917,0.9732635937414502,2.4797742478323306e-16,,,
a,simplicial,2-simplices,4,155,10,0.973680981595092,0.0027199132790463212,0.9733095992106995,1.5525489755587895e-16,,,
a,simplicial,2-simplices,4,156,10,0.973680981595092,0.0027199132790463212,0.9733552989767121,3.481453592492223e-16,,,
a,simplicial,2-simplices,4,157,10,0.973680981595092,0.0027199132790463212,0.9734007047011775,3.1314500328051913e-16,,,
a,simplicial,2-simplices,4,158,10,0.973680981595092,0.0027199132790463212,0.9734458274949359,1.5213611697165703e-16,,,
a,simplicial,2-simplices,4,159,10,0.973680981595092,0.0027199132790463212,0.9734906779441476,2.7718543476901547e-16,,,
a,simplicial,2-simplices,4,160,10,0.9737423312883436,0.0026788585511350054,0.9735352661353479,2.2480302876233914e-16,,,
a,simplicial,2-simplices,4,161,10,0.9737423312883436,0.0026788585511350054,0.9735796016791678,1.6591551666970419e-16,,,
a,simplicial,2-simplices,4,162,10,0.9737423312883436,0.0026788585511350054,0.973623693732994,1.9050742725914191e-16,,,
a,simplicial,2-simplices,4,163,10,0.9738036809815952,0.0026196630314764473,0.9736675510225892,5.733167046599012e-17,,,
a,simplicial,2-simplices,4,164,10,0.9739263803680982,0.0025418819825472356,0.9737111818625914,1.7397430568082641e-16,,,
a,simplicial,2-simplices,4,165,10,0.9739263803680982,0.0025418819825472356,0.9737545941761121,1.770951698473618e-16,,,
a,simplicial,2-simplices,4,166,10,0.9739263803680982,0.0025418819825472356,0.9737977955133761,5.30640667079009e-16,,,
a,simplicial,2-simplices,4,167,10,0.9739263803680982,0.0025418819825472356,0.97384079306942,2.6063324626896364e-16,,,
a,simplicial,2-simplices,4,168,10,0.9739877300613496,0.0024743531226591553,0.9738835937011023,1.1466334093198023e-16,,,
a,simplicial,2-simplices,4,169,10,0.9739877300613496,0.0024743531226591553,0.9739262039430869,2.0303561386744092e-16,,,
a,simplicial,2-simplices,4,170,10,0.9739877300613496,0.0024743531226591553,0.9739686300232304,5.564667971253097e-16,,,
a,simplicial,2-simplices,4,171,10,0.9739877300613496,0.0024743531226591553,0.9740108778772241,3.017864926531868e-16,,,
a,simplicial,2-simplices,4,172,10,0.9741717791411043,0.002461644496655063,0.9740529531624424,3.0874049412768256e-16,,,
a,simplicial,2-simplices,4,173,10,0.9742331288343559,0.002419664532965064,0.9740948612711751,3.008774951285686e-16,,,
a,simplicial,2-simplices,4,174,10,0.9742331288343559,0.002419664532965064,0.9741366073433244,3.6429303136519523e-16,,,
a,simplicial,2-simplices,4,175,10,0.9742944785276073,0.002528685880515262,0.9741781962783247,3.98754029708303e-16,,,
a,simplicial,2-simplices,4,176,10,0.9742944785276073,0.002528685880515262,0.9742196327466885,5.68639427167739e-16,,,
a,simplicial,2-simplices,4,177,10,0.9744171779141105,0.0024205285446094425,0.9742609212007662,3.4239377277779376e-16,,,
a,simplicial,2-simplices,4,178,10,0.974478527607362,0.0023707773817896695,0.9743020658852817,1.0202245531417481e-16,,,
a,simplicial,2-simplices,4,179,10,0.974478527607362,0.0023707773817896695,0.9743430708470809,1.9721872423271692e-16,,,
a,simplicial,2-simplices,4,180,10,0.974478527607362,0.0023707773817896695,0.9743839399446343,3.2872102064377707e-16,,,
a,simplicial,2-simplices,4,181,10,0.9745398773006135,0.0023361267195901422,0.9744246768569458,4.1209734608675363e-16,,,
a,simplicial,2-simplices,4,182,10,0.9745398773006135,0.0023361267195901422,0.974465285092117,5.3628867073790325e-17,,,
a,simplicial,2-simplices,4,183,10,0.9745398773006135,0.0023361267195901422,0.9745057679955116,1.770951698473618e-16,,,
a,simplicial,2-simplices,4,184,10,0.9745398773006135,0.0023361267195901422,0.974546128757423,2.5666196404353564e-16,,,
a,simplicial,2-simplices,4,185,10,0.9745398773006135,0.0023361267195901422,0.9745863704205101,1.691851022339591e-16,,,
a,simplicial,2-simplices,4,186,10,0.9745398773006135,0.0023361267195901422,0.974626495886806,1.4802973661668753e-16,,,
a,simplicial,2-simplices,4,187,10,0.9745398773006135,0.0023361267195901422,0.9746665079243897,3.359329323725947e-16,,,
a,simplicial,2-simplices,4,188,10,0.9746012269938651,0.0023172540653112824,0.974706409173813,4.922127866230951e-16,,,
a,simplicial,2-simplices,4,189,10,0.9747239263803682,0.0021796176023679593,0.9747462021540908,3.4735769905631844e-16,,,
a,simplicial,2-simplices,4,190,10,0.9747239263803682,0.0021796176023679593,0.9747858892685087,2.1065000811460205e-16,,,
a,simplicial,2-simplices,4,191,10,0.9747852760736198,0.0022110491485931175,0.9748254728101925,5.3628867073790325e-17,,,
a,simplicial,2-simplices,4,192,10,0.9747852760736198,0.0022110491485931175,0.9748649549672483,3.276777904004921e-16,,,
a,simplicial,2-simplices,4,193,10,0.9747852760736198,0.0022110491485931175,0.9749043378277928,3.7393993321274882e-16,,,
a,simplicial,2-simplices,4,194,10,0.9747852760736198,0.0022110491485931175,0.9749436233847728,3.015595001482202e-16,,,
a,simplicial,2-simplices,4,195,10,0.9747852760736198,0.0022110491485931175,0.9749828135403822,1.9617431058417877e-16,,,
a,simplicial,2-simplices,4,196,10,0.9749079754601228,0.002248559019616095,0.9750219101104441,1.5032490816276445e-16,,,
a,simplicial,2-simplices,4,197,10,0.9752147239263804,0.002299136085489589,0.9750609148285095,1.797814904575515e-16,,,
a,simplicial,2-simplices,4,198,10,0.9752147239263804,0.002299136085489589,0.9750998293497668,4.769510303399906e-16,,,
a,simplicial,2-simplices,4,199,10,0.9752147239263804,0.002299136085489589,0.9751386552547423,3.276777904004921e-16,,,
a,simplicial,2-simplices,4,200,10,0.9752147239263804,0.002299136085489589,0.975177394052891,1.60886601221371e-16,,,
b,simplicial,2-simplices,4,,10,,,,,1.0,0.0,
a,simplicial,2-simplices,8,1,10,0.7923926380368098,0.009956391379421989,0.7921146953404976,1.8280323973408943e-16,,,
a,simplicial,2-simplices,8,2,10,0.808957055214724,0.012872719274762492,0.8118631474904496,3.2788670198715954e-16,,,
a,simplicial,2-simplices,8,3,10,0.8266871165644172,0.015058819274397048,0.829453347771054,2.1862593939276816e-16,,,
a,simplicial,2-simplices,8,4,10,0.8425766871165644,0.014280414132392094,0.8451247146273928,3.383702044679182e-16,,,
a,simplicial,2-simplices,8,5,10,0.8582208588957055,0.011922307927040927,0.8590900686197891,2.671208799726945e-16,,,
a,simplicial,2-simplices,8,6,10,0.8721472392638037,0.01804510843227262,0.871538587699575,4.768074352651299e-16,,,
a,simplicial,2-simplices,8,7,10,0.8873619631901841,0.011758957941315415,0.8826384341213498,1.587442073312496e-16,,,
a,simplicial,2-simplices,8,8,10,0.8995092024539877,0.01362890182390741,0.8925390894765535,2.443611834245489e-16,,,
a,simplicial,2-simplices,8,9,10,0.9101840490797546,0.014274555981375421,0.9013734302793667,3.116105068056653e-16,,,
a,simplicial,2-simplices,8,10,10,0.9225153374233128,0.019508066315475053,0.9092595729324066,6.919499576293857e-16,,,
a,simplicial,2-simplices,8,11,10,0.9272392638036809,0.019364228356875637,0.9163025136966881,1.5213611697165703e-16,,,
a,simplicial,2-simplices,8,12,10,0.9308588957055214,0.020421350217336928,0.9225955864431796,1.9617431058417877e-16,,,
a,simplicial,2-simplices,8,13,10,0.9347239263803682,0.02011213914799907,0.9282217584323895,5.857237580636282e-16,,,
a,simplicial,2-simplices,8,14,10,0.9385889570552148,0.018770399594499384,0.9332547821189282,1.9721872423271692e-16,,,
a,simplicial,2-simplices,8,15,10,0.9429447852760736,0.015813999942070518,0.9377602189781594,2.423916311195031e-16,,,
a,simplicial,2-simplices,8,16,10,0.9449079754601227,0.016143248243425064,0.9417963495748161,5.290898386274728e-16,,,
a,simplicial,2-simplices,8,17,10,0.9484662576687116,0.01690799722584408,0.9454149825133772,6.082067940598961e-16,,,
a,simplicial,2-simplices,8,18,10,0.950920245398773,0.01589313638259751,0.9486621735053318,6.018687758287804e-16,,,
a,simplicial,2-simplices,8,19,10,0.9519018404907975,0.016146874600921655,0.9515788645406638,4.515816893988974e-16,,,
a,simplicial,2-simplices,8,20,10,0.9532515337423313,0.01614583858189002,0.9542014520406215,1.3846913936850747e-16,,,
a,simplicial,2-simplices,8,21,10,0.9567484662576687,0.01371592189228139,0.9565622918828343,3.1488955718743137e-16,,,
a,simplicial,2-simplices,8,22,10,0.96159509202454,0.01010647105521382,0.9586901483129171,4.1934501720602e-16,,,
a,simplicial,2-simplices,8,23,10,0.9623312883435583,0.009880496716026277,0.960610592977474,1.1040378900115146e-16,,,
a,simplicial,2-simplices,8,24,10,0.9631901840490797,0.00899330610523355,0.962346359620402,5.810285019080201e-16,,,
a,simplicial,2-simplices,8,25,10,0.9638650306748466,0.008605738790815536,0.9639176593690003,4.213000162292041e-16,,,
a,simplicial,2-simplices,8,26,10,0.964723926380368,0.008604766830253255,0.9653424609885869,1.60886601221371e-16,,,
a,simplicial,2-simplices,8,27,10,0.966319018404908,0.00738153499301123,0.9666367399981819,2.2235278634319104e-16,,,
a,simplicial,2-simplices,8,28,10,0.9668098159509203,0.007104389840105077,0.9678147001069813,6.311910551808101e-16,,,
a,simplicial,2-simplices,8,29,10,0.9681595092024541,0.0062393975208518805,0.968888970047205,5.509013709193884e-16,,,
a,simplicial,2-simplices,8,30,10,0.96920245398773,0.00792970989982843,0.9698707785370134,4.883018398529557e-16,,,
a,simplicial,2-simplices,8,31,10,0.9704907975460122,0.007735631669329325,0.9707701098033705,5.095750333711903e-16,,,
a,simplicial,2-simplices,8,32,10,0.9714110429447853,0.007852334685102163,0.9715958418251738,1.6550227688315153e-16,,,
a,simplicial,2-simplices,8,33,10,0.971840490797546,0.007800235463545064,0.9723558692161207,4.66499221893366e-16,,,
a,simplicial,2-simplices,8,34,10,0.9722085889570552,0.007575024172479807,0.9730572124544847,4.860528844801777e-16,,,
a,simplicial,2-simplices,8,35,10,0.9738650306748466,0.006917992159047914,0.9737061149765707,2.409749525270948e-16,,,
a,simplicial,2-simplices,8,36,10,0.9754601226993864,0.004830679677307862,0.9743081294822842,2.3551386880256624e-16,,,
a,simplicial,2-simplices,8,37,10,0.9758282208588958,0.004952085355473315,0.9748681946516135,4.028544360523179e-16,,,
a,simplicial,2-simplices,8,38,10,0.9766871165644172,0.00434770789886897,0.9753907033373597,4.1557222962484375e-16,,,
a,simplicial,2-simplices,8,39,10,0.9776687116564418,0.003496872719803506,0.9758795631812788,2.026980648162706e-16,,,
a,simplicial,2-simplices,8,40,10,0.9777914110429448,0.003407225455976836,0.9763382504954361,5.106489545484158e-16,,,
a,simplicial,2-simplices,8,41,10,0.9777914110429448,0.003407225455976836,0.9767698581570116,5.418778083346824e-16,,,
a,simplicial,2-simplices,8,42,10,0.978159509202454,0.003261742664601517,0.9771771381817927,1.2819751242557092e-16,,,
a,simplicial,2-simplices,8,43,10,0.9782822085889571,0.0031575065956022364,0.9775625395677829,1.4043333874306804e-16,,,
a,simplicial,2-simplices,8,44,10,0.9784662576687116,0.0029838636346782685,0.9779282419339784,4.2582677720666966e-16,,,
a,simplicial,2-simplices,8,45,10,0.9788343558282209,0.0031315731760968232,0.978276185422151,1.9193983409904102e-16,,,
a,simplicial,2-simplices,8,46,10,0.979079754601227,0.0030804090370540583,0.9786080972762259,1.1466334093198023e-16,,,
a,simplicial,2-simplices,8,47,10,0.9793251533742332,0.003208092985893103,0.9789255154689698,2.1578856830463123e-16,,,
a,simplicial,2-simplices,8,48,10,0.9794478527607362,0.0031713829078263258,0.9792298097036118,1.671491062691557e-16,,,
a,simplicial,2-simplices,8,49,10,0.9797546012269939,0.003297446931819429,0.9795222000823293,3.9582387610913778e-16,,,
a,simplicial,2-simplices,8,50,10,0.9800613496932515,0.0033132621157504205,0.9798037737007974,2.0571606802743646e-16,,,
a,simplicial,2-simplices,8,51,10,0.9801840490797545,0.003335904261538278,0.9800754993991241,2.6272671962866383e-16,,,
a,simplicial,2-simplices,8,52,10,0.9805521472392638,0.0032211023376691704,0.9803382408740973,4.966447300634869e-16,,,
a,simplicial,2-simplices,8,53,10,0.9807361963190184,0.003210047749750261,0.9805927683349326,2.7594744093169344e-16,,,
a,simplicial,2-simplices,8,54,10,0.9811042944785276,0.0033949294019545214,0.9808397688640007,1.4043333874306804e-16,,,
a,simplicial,2-simplices,8,55,10,0.9815337423312883,0.003353409126723285,0.9810798556268965,4.780982383240069e-16,,,
a,simplicial,2-simplices,8,56,10,0.9817791411042945,0.003335904261538278,0.9813135760592117,1.7397430568082641e-16,,,
a,simplicial,2-simplices,8,57,10,0.9820858895705522,0.0033201969313050774,0.981541419144207,3.7081375155272613e-16,,,
a,simplicial,2-simplices,8,58,10,0.9826993865030674,0.0032178549305146554,0.9817638218818366,3.1314500328051913e-16,,,
a,simplicial,2-simplices,8,59,10,0.9826993865030674,0.0032178549305146554,0.9819811750395757,1.8129866073473578e-16,,,
a,simplicial,2-simplices,8,60,10,0.9826993865030674,0.0032178549305146554,0.9821938282642474,2.7594744093169344e-16,,,
a,simplicial,2-simplices,8,61,10,0.9829447852760737,0.003098682523497047,0.9824020946263696,4.298282443522146e-16,,,
a,simplicial,2-simplices,8,62,10,0.9830674846625767,0.0030770131490885757,0.9826062546596985,4.3850295967943206e-16,,,
a,simplicial,2-simplices,8,63,10,0.9831901840490798,0.0031575065956022364,0.9828065599522491,1.2873056051447903e-16,,,
a,simplicial,2-simplices,8,64,10,0.9833128834355828,0.003098682523497047,0.9830032363385832,4.623708290059234e-16,,,
a,simplicial,2-simplices,8,65,10,0.9834969325153373,0.0031740191368000944,0.9831964867376497,4.225983244416238e-16,,,
a,simplicial,2-simplices,8,66,10,0.983558282208589,0.003085157000514683,0.9833864936754846,4.790997919185434e-16,,,
a,simplicial,2-simplices,8,67,10,0.9839263803680982,0.003178627276519482,0.9835734215280153,6.059508263673432e-16,,,
a,simplicial,2-simplices,8,68,10,0.9841104294478527,0.0034274175048859537,0.9837574185147908,1.7554167342883506e-16,,,
a,simplicial,2-simplices,8,69,10,0.9841717791411042,0.003332768717785398,0.983938618471486,1.9442115379207106e-16,,,
a,simplicial,2-simplices,8,70,10,0.9842331288343559,0.0033233443364400223,0.9841171424256887,2.671208799726945e-16,,,
a,simplicial,2-simplices,8,71,10,0.9842944785276073,0.0033252313495587284,0.9842930999977929,2.9629067941717483e-16,,,
a,simplicial,2-simplices,8,72,10,0.9844785276073619,0.0030885439342390898,0.98446659064664,3.236828524569469e-16,,,
a,simplicial,2-simplices,8,73,10,0.9846012269938651,0.003160816004953775,0.9846377047767504,4.1885484168231196e-16,,,
a,simplicial,2-simplices,8,74,10,0.9849079754601228,0.0031838855551784787,0.9848065247229482,2.2480302876233914e-16,,,
a,simplicial,2-simplices,8,75,10,0.9849693251533742,0.0031047497854169506,0.9849731256258101,4.0268441940155016e-16,,,
a,simplicial,2-simplices,8,76,10,0.9851533742331288,0.003098682523497047,0.9851375762098895,2.553244772742079e-16,,,
a,simplicial,2-simplices,8,77,10,0.9851533742331288,0.003098682523497047,0.9852999394759283,1.7199501139797033e-16,,,
a,simplicial,2-simplices,8,78,10,0.9852147239263804,0.0029838636346782685,0.9854602733162217,2.791548054292249e-16,,,
a,simplicial,2-simplices,8,79,10,0.9854601226993864,0.003168744485649278,0.9856186310619165,4.4161515600460583e-16,,,
a,simplicial,2-simplices,8,80,10,0.9855828220858897,0.0032366445381072236,0.9857750619696477,5.440218694833389e-16,,,
a,simplicial,2-simplices,8,81,10,0.9856441717791411,0.0032745388795497716,0.9859296116543665,2.340555645717801e-16,,,
a,simplicial,2-simplices,8,82,10,0.9857055214723927,0.0032598188999607954,0.9860823224743311,1.4616765322647736e-16,,,
a,simplicial,2-simplices,8,83,10,0.9857055214723927,0.0032598188999607954,0.9862332338733941,6.045932051851523e-16,,,
a,simplicial,2-simplices,8,84,10,0.9858282208588957,0.003365856864869969,0.98638238268562,2.465928387256741e-16,,,
a,simplicial,2-simplices,8,85,10,0.9858282208588957,0.003365856864869969,0.9865298034061827,4.0691352531643863e-16,,,
a,simplicial,2-simplices,8,86,10,0.9859509202453987,0.003365856864869969,0.9866755284323918,2.409749525270948e-16,,,
a,simplicial,2-simplices,8,87,10,0.9860122699386503,0.0034559722166507306,0.9868195882780919,5.757005681840508e-16,,,
a,simplicial,2-simplices,8,88,10,0.9863803680981595,0.003443850214318343,0.9869620117645344,3.0718399630568783e-16,,,
a,simplicial,2-simplices,8,89,10,0.9868711656441718,0.0031040762308401273,0.9871028261901795,3.8477054818061015e-16,,,
a,simplicial,2-simplices,8,90,10,0.9869325153374232,0.0031687444856492953,0.9872420574817934,2.729533475477815e-16,,,
a,simplicial,2-simplices,8,91,10,0.9870552147239264,0.0032133030469560665,0.9873797303290441,2.4990295782562634e-16,,,
a,simplicial,2-simplices,8,92,10,0.9871779141104294,0.0033782587376330097,0.9875158683042556,5.696019998874606e-16,,,
a,simplicial,2-simplices,8,93,10,0.9876073619631901,0.0034680518487852953,0.9876504939690642,6.22011194919988e-16,,,
a,simplicial,2-simplices,8,94,10,0.9879754601226993,0.0036028982487599647,0.9877836289694623,1.1761146561888094e-16,,,
a,simplicial,2-simplices,8,95,10,0.988159509202454,0.003495078378086244,0.9879152941203826,1.3896279205500545e-16,,,
a,simplicial,2-simplices,8,96,10,0.98840490797546,0.0033658568648699955,0.9880455094811482,2.352229312377619e-16,,,
a,simplicial,2-simplices,8,97,10,0.98840490797546,0.0033658568648699955,0.9881742944226508,7.021666937153402e-17,,,
a,simplicial,2-simplices,8,98,10,0.9884662576687117,0.0032178549305146827,0.9883016676873174,6.236603658080289e-16,,,
a,simplicial,2-simplices,8,99,10,0.9887116564417179,0.0033502899658523493,0.988427647442516,8.75755732095546e-17,,,
a,simplicial,2-simplices,8,100,10,0.9888957055214724,0.0034151941510253336,0.9885522513282907,1.2873056051447903e-16,,,
a,simplicial,2-simplices,8,101,10,0.9890797546012269,0.00346805184878531,0.9886754964998469,1.8906416838689213e-16,,,
a,simplicial,2-simplices,8,102,10,0.9892638036809815,0.003275177377923739,0.9887973996656487,2.5746112102895806e-16,,,
a,simplicial,2-simplices,8,103,10,0.9892638036809815,0.003275177377923739,0.9889179771212658,1.797814904575515e-16,,,
a,simplicial,2-simplices,8,104,10,0.9893251533742331,0.003287285283829899,0.9890372447798328,2.1065000811460205e-16,,,
a,simplicial,2-simplices,8,105,10,0.9893251533742331,0.003287285283829899,0.9891552181990997,2.7219967832959943e-16,,,
a,simplicial,2-simplices,8,106,10,0.9894478527607362,0.003269426403551978,0.9892719126057731,5.851389114294502e-16,,,
a,simplicial,2-simplices,8,107,10,0.9895705521472392,0.0031680845367750054,0.9893873429172381,4.798139073721491e-16,,,
a,simplicial,2-simplices,8,108,10,0.9896319018404908,0.003174019136800134,0.989501523761118,3.633519473044082e-16,,,
a,simplicial,2-simplices,8,109,10,0.9896319018404908,0.003174019136800134,0.9896144694926908,4.496060575246783e-16,,,
a,simplicial,2-simplices,8,110,10,0.989877300613497,0.0029950549112222774,0.9897261942106728,1.671491062691557e-16,,,
a,simplicial,2-simplices,8,111,10,0.989877300613497,0.0029950549112222774,0.9898367117712843,4.55657555290797e-16,,,
a,simplicial,2-simplices,8,112,10,0.989877300613497,0.0029950549112222774,0.9899460358009465,4.959548495664661e-16,,,
a,simplicial,2-simplices,8,113,10,0.9900613496932514,0.0026316086612917116,0.9900541797078015,4.454748269764081e-16,,,
a,simplicial,2-simplices,8,114,10,0.9900613496932514,0.0026316086612917116,0.9901611566919399,3.766767830981465e-16,,,
a,simplicial,2-simplices,8,115,10,0.9901840490797547,0.002697526780832937,0.9902669797548349,1.751511464191092e-16,,,
a,simplicial,2-simplices,8,116,10,0.9903067484662577,0.0027252893658826776,0.990371661707688,4.733480853301196e-16,,,
a,simplicial,2-simplices,8,117,10,0.9903680981595093,0.002774712784144937,0.9904752151791311,1.9014763953998932e-16,,,
a,simplicial,2-simplices,8,118,10,0.9903680981595093,0.002774712784144937,0.9905776526221292,2.026980648162706e-16,,,
a,simplicial,2-simplices,8,119,10,0.9904294478527607,0.002806930051005918,0.9906789863203762,3.8477054818061015e-16,,,
a,simplicial,2-simplices,8,120,10,0.9904294478527607,0.002806930051005918,0.9907792283939619,4.0892796102084093e-16,,,
a,simplicial,2-simplices,8,121,10,0.9905521472392639,0.0028804608362632627,0.9908783908046621,5.925813588343497e-16,,,
a,simplicial,2-simplices,8,122,10,0.9905521472392639,0.0028804608362632627,0.9909764853607819,4.094300213216723e-16,,,
a,simplicial,2-simplices,8,123,10,0.9906134969325153,0.002863715945429117,0.9910735237215459,5.357776761761889e-16,,,
a,simplicial,2-simplices,8,124,10,0.9906748466257669,0.002740591503926566,0.9911695174010982,2.8761229291112057e-16,,,
a,simplicial,2-simplices,8,125,10,0.9908588957055215,0.002427429566580631,0.9912644777723669,2.9045531713639305e-16,,,
a,simplicial,2-simplices,8,126,10,0.9908588957055215,0.002427429566580631,0.9913584160704257,2.2812914531392954e-16,,,
a,simplicial,2-simplices,8,127,10,0.9914110429447852,0.002788994212062572,0.9914513433957671,4.686959027995967e-16,,,
a,simplicial,2-simplices,8,128,10,0.9916564417177914,0.0024231187310591023,0.991543270717222,2.732041085997931e-16,,,
a,simplicial,2-simplices,8,129,10,0.9916564417177914,0.0024231187310591023,0.9916342088747643,0.0,,,
a,simplicial,2-simplices,8,130,10,0.9918404907975461,0.002368129946701714,0.9917241685821574,2.7420485960113414e-16,,,
a,simplicial,2-simplices,8,131,10,0.9919018404907975,0.002416205396767618,0.9918131604292846,3.489312414213439e-16,,,
a,simplicial,2-simplices,8,132,10,0.9919018404907975,0.002416205396767618,0.9919011948845566,2.6063324626896364e-16,,,
a,simplicial,2-simplices,8,133,10,0.9919631901840491,0.0023575104763934114,0.9919882822969865,2.0571606802743646e-16,,,
a,simplicial,2-simplices,8,134,10,0.9921472392638038,0.0022735283615030483,0.9920744328982224,4.959548495664661e-16,,,
a,simplicial,2-simplices,8,135,10,0.9922085889570553,0.002278122280839871,0.9921596568045812,4.2016070561971274e-16,,,
a,simplicial,2-simplices,8,136,10,0.9922085889570553,0.002278122280839871,0.9922439640187765,3.383702044679182e-16,,,
a,simplicial,2-simplices,8,137,10,0.9922085889570553,0.002278122280839871,0.992327364431706,2.923353064529547e-16,,,
a,simplicial,2-simplices,8,138,10,0.9922085889570553,0.002278122280839871,0.9924098678241633,3.9094986940344543e-16,,,
a,simplicial,2-simplices,8,139,10,0.9922085889570553,0.002278122280839871,0.9924914838683959,5.690005827628448e-16,,,
a,simplicial,2-simplices,8,140,10,0.9922085889570553,0.002278122280839871,0.9925722221296637,2.7594744093169344e-16,,,
a,simplicial,2-simplices,8,141,10,0.9922085889570553,0.002278122280839871,0.9926520920677397,4.717540722503064e-16,,,
a,simplicial,2-simplices,8,142,10,0.9923312883435583,0.002300045374069952,0.9927311030383,4.1540741810552243e-16,,,
a,simplicial,2-simplices,8,143,10,0.9924539877300613,0.00242052854460947,0.9928092642943216,2.080331362368544e-16,,,
a,simplicial,2-simplices,8,144,10,0.992760736196319,0.0025179131241916505,0.9928865849874287,3.6654177513682335e-16,,,
a,simplicial,2-simplices,8,145,10,0.992760736196319,0.0025179131241916505,0.9929630741692147,3.1856501461435586e-16,,,
a,simplicial,2-simplices,8,146,10,0.992760736196319,0.0025179131241916505,0.9930387407924032,4.998059156512527e-16,,,
a,simplicial,2-simplices,8,147,10,0.9928220858895707,0.002471816624685792,0.9931135937122223,2.080331362368544e-16,,,
a,simplicial,2-simplices,8,148,10,0.9930061349693252,0.002028563888366024,0.9931876416874432,2.5344013803554234e-16,,,
a,simplicial,2-simplices,8,149,10,0.9933128834355829,0.0019063429343838811,0.9932608933816984,4.977465500091126e-16,,,
a,simplicial,2-simplices,8,150,10,0.9934355828220859,0.0017603549461478526,0.9933333573644768,3.4239377277779376e-16,,,
a,simplicial,2-simplices,8,151,10,0.9934355828220859,0.0017603549461478526,0.9934050421123242,2.1610567144161218e-16,,,
a,simplicial,2-simplices,8,152,10,0.9934355828220859,0.0017603549461478526,0.9934759560099581,4.2534407146616735e-16,,,
a,simplicial,2-simplices,8,153,10,0.9937423312883435,0.0017544057741944701,0.9935461073512236,9.362222582871203e-17,,,
a,simplicial,2-simplices,8,154,10,0.9938650306748466,0.0018060860667337257,0.9936155043402504,2.386907782032965e-16,,,
a,simplicial,2-simplices,8,155,10,0.9939877300613498,0.0019357316263720755,0.9936841550924616,5.665885304337762e-16,,,
a,simplicial,2-simplices,8,156,10,0.9941717791411044,0.002070394348805389,0.9937520676354984,1.3031662313448182e-16,,,
a,simplicial,2-simplices,8,157,10,0.9942331288343558,0.002028563888366024,0.9938192499103309,3.503022928382184e-16,,,
a,simplicial,2-simplices,8,158,10,0.9942944785276074,0.0020460120144426735,0.9938857097721924,7.401486830834377e-17,,,
a,simplicial,2-simplices,8,159,10,0.9942944785276074,0.0020460120144426735,0.993951454991492,1.9721872423271692e-16,,,
a,simplicial,2-simplices,8,160,10,0.9943558282208589,0.0021212764793276094,0.994016493254836,3.3100455376630307e-16,,,
a,simplicial,2-simplices,8,161,10,0.9943558282208589,0.0021212764793276094,0.9940808321658992,3.4794861136165283e-16,,,
a,simplicial,2-simplices,8,162,10,0.9943558282208589,0.0021212764793276094,0.9941444792464,4.830852420928243e-16,,,
a,simplicial,2-simplices,8,163,10,0.9943558282208589,0.0021212764793276094,0.9942074419369591,3.328612470361145e-16,,,
a,simplicial,2-simplices,8,164,10,0.9943558282208589,0.0021212764793276094,0.9942697275980187,4.768074352651299e-16,,,
a,simplicial,2-simplices,8,165,10,0.9944171779141104,0.002153559691926518,0.994331343510759,2.366740426650598e-16,,,
a,simplicial,2-simplices,8,166,10,0.9944171779141104,0.002153559691926518,0.9943922968778363,2.8665835232995054e-16,,,
a,simplicial,2-simplices,8,167,10,0.994478527607362,0.002125215714808451,0.9944525948244399,2.7219967832959943e-16,,,
a,simplicial,2-simplices,8,168,10,0.994478527607362,0.002125215714808451,0.9945122443989474,2.5099663026237405e-16,,,
a,simplicial,2-simplices,8,169,10,0.994478527607362,0.002125215714808451,0.9945712525739226,2.352229312377619e-16,,,
a,simplicial,2-simplices,8,170,10,0.9946625766871167,0.0020254692048121575,0.994629626246795,2.41258953748256e-16,,,
a,simplicial,2-simplices,8,171,10,0.9949693251533743,0.0022364373193443335,0.9946873722408114,4.694258454670627e-16,,,
a,simplicial,2-simplices,8,172,10,0.9950306748466258,0.002134052408702575,0.9947444973057514,2.366740426650598e-16,,,
a,simplicial,2-simplices,8,173,10,0.9950920245398773,0.002125215714808426,0.9948010081187721,2.2812914531392954e-16,,,
a,simplicial,2-simplices,8,174,10,0.9952147239263803,0.002081474134969227,0.9948569112851409,1.60886601221371e-16,,,
a,simplicial,2-simplices,8,175,10,0.995276073619632,0.002086490951441249,0.9949122133390998,3.6933345122594383e-16,,,
a,simplicial,2-simplices,8,176,10,0.995521472392638,0.001783953250516504,0.994966920744585,3.5127833901202993e-16,,,
a,simplicial,2-simplices,8,177,10,0.995521472392638,0.001783953250516504,0.9950210398959299,2.7594744093169344e-16,,,
a,simplicial,2-simplices,8,178,10,0.9955828220858896,0.0016813746250383924,0.9950745771187538,3.78309389375384e-16,,,
a,simplicial,2-simplices,8,179,10,0.9956441717791412,0.0016726466295851462,0.995127538670574,3.4735769905631844e-16,,,
a,simplicial,2-simplices,8,180,10,0.9956441717791412,0.0016726466295851462,0.9951799307416211,3.4399002279594067e-16,,,
a,simplicial,2-simplices,8,181,10,0.9957055214723927,0.0017352313648749532,0.9952317594555454,3.671018087332943e-16,,,
a,simplicial,2-simplices,8,182,10,0.9957668711656442,0.0017460428798475613,0.9952830308701168,3.192092316820542e-16,,,
a,simplicial,2-simplices,8,183,10,0.9957668711656442,0.0017460428798475613,0.995333750977937,2.122691711248235e-16,,,
a,simplicial,2-simplices,8,184,10,0.9957668711656442,0.0017460428798475613,0.9953839257071875,1.7199501139797033e-16,,,
a,simplicial,2-simplices,8,185,10,0.9958282208588958,0.0016308713323007584,0.9954335609222665,3.1942368197945953e-16,,,
a,simplicial,2-simplices,8,186,10,0.9958282208588958,0.0016308713323007584,0.9954826624245022,3.9234862116835754e-16,,,
a,simplicial,2-simplices,8,187,10,0.9958282208588958,0.0016308713323007584,0.9955312359528564,1.1466334093198023e-16,,,
a,simplicial,2-simplices,8,188,10,0.9958282208588958,0.0016308713323007584,0.99557928718453,1.8906416838689213e-16,,,
a,simplicial,2-simplices,8,189,10,0.9960122699386502,0.0013944971060312655,0.9956268217356927,2.1065000811460205e-16,,,
a,simplicial,2-simplices,8,190,10,0.9960122699386502,0.0013944971060312655,0.9956738451621232,1.8466672561297192e-16,,,
a,simplicial,2-simplices,8,191,10,0.9961349693251534,0.001504145239135639,0.9957203629598362,2.8570122661173844e-16,,,
a,simplicial,2-simplices,8,192,10,0.9961349693251534,0.001504145239135639,0.9957663805657647,3.1942368197945953e-16,,,
a,simplicial,2-simplices,8,193,10,0.9961349693251534,0.001504145239135639,0.9958119033583543,7.021666937153402e-17,,,
a,simplicial,2-simplices,8,194,10,0.9962576687116564,0.001515225648494282,0.9958569366582258,5.592899621154075e-16,,,
a,simplicial,2-simplices,8,195,10,0.9963190184049079,0.0015303302195394356,0.9959014857287652,3.159750121719031e-16,,,
a,simplicial,2-simplices,8,196,10,0.9963190184049079,0.0015303302195394356,0.9959455557767806,3.8901837384065565e-16,,,
a,simplicial,2-simplices,8,197,10,0.9963190184049079,0.0015303302195394356,0.9959891519530795,4.532466518368395e-16,,,
a,simplicial,2-simplices,8,198,10,0.9963803680981596,0.001515225648494282,0.9960322793530857,4.1209734608675363e-16,,,
a,simplicial,2-simplices,8,199,10,0.9963803680981596,0.001515225648494282,0.9960749430174168,2.0303561386744092e-16,,,
a,simplicial,2-simplices,8,200,10,0.9963803680981596,0.001515225648494282,0.9961171479325082,2.6194362781338265e-16,,,
b,simplicial,2-simplices,8,,10,,,,,1.0,0.0,
a,simplicial,2-simplices,16,1,10,0.8145398773006136,0.008256543333515413,0.8184953775691877,2.4575834280036907e-16,,,
a,simplicial,2-simplices,16,2,10,0.8536196319018405,0.01871182406307972,0.8558253763128137,5.948880291309575e-16,,,
a,simplicial,2-simplices,16,3,10,0.8814723926380369,0.01868856621750839,0.8845836988029412,6.804740382722487e-16,,,
a,simplicial,2-simplices,16,4,10,0.9068711656441717,0.014500116770594646,0.9067942085807145,3.4794861136165283e-16,,,
a,simplicial,2-simplices,16,5,10,0.923558282208589,0.013669957440239685,0.9239998115262349,6.879800455918813e-16,,,
a,simplicial,2-simplices,16,6,10,0.9395705521472392,0.014118577416926055,0.9373769204146913,2.7420485960113414e-16,,,
a,simplicial,2-simplices,16,7,10,0.9469938650306748,0.01015600478303796,0.9478226686505113,7.060568436704186e-16,,,
a,simplicial,2-simplices,16,8,10,0.9555828220858895,0.010967705511698896,0.9560213613283377,2.6194362781338265e-16,,,
a,simplicial,2-simplices,16,9,10,0.9636196319018404,0.007957349265260608,0.9624951069797245,2.6788883808809444e-16,,,
a,simplicial,2-simplices,16,10,10,0.9708588957055214,0.006271487208668989,0.9676423963820031,3.2600167817912923e-16,,,
a,simplicial,2-simplices,16,11,10,0.9750920245398774,0.005247301902648542,0.9717674980557618,3.4239377277779376e-16,,,
a,simplicial,2-simplices,16,12,10,0.9776687116564418,0.00475388652631336,0.9751028568398239,5.720013449644549e-16,,,
a,simplicial,2-simplices,16,13,10,0.9797546012269939,0.0037596679572290655,0.9778261613697572,5.574503892267373e-16,,,
a,simplicial,2-simplices,16,14,10,0.98079754601227,0.003815427033740967,0.9800733496666844,2.080331362368544e-16,,,
a,simplicial,2-simplices,16,15,10,0.9831288343558281,0.002866635126559531,0.9819485198563596,7.049891923234646e-16,,,
a,simplicial,2-simplices,16,16,10,0.9841717791411042,0.0030166198633268986,0.9835314828008712,2.7817186292139303e-16,,,
a,simplicial,2-simplices,16,17,10,0.9858282208588957,0.0033409150105307857,0.9848835180061206,2.6194362781338265e-16,,,
a,simplicial,2-simplices,16,18,10,0.9865030674846625,0.003114835626120214,0.9860517605144807,2.98133874049279e-16,,,
a,simplicial,2-simplices,16,19,10,0.9871165644171779,0.0030606604390788932,0.987072544661396,3.78309389375384e-16,,,
a,simplicial,2-simplices,16,20,10,0.9886503067484662,0.003077692626440186,0.9879739529882375,5.290898386274728e-16,,,
a,simplicial,2-simplices,16,21,10,0.9896932515337424,0.003609855895888165,0.9887777594907756,6.8877585851911755e-16,,,
a,simplicial,2-simplices,16,22,10,0.9905521472392638,0.0038714632527441536,0.9895009113434868,6.844874852714572e-16,,,
a,simplicial,2-simplices,16,23,10,0.991042944785276,0.004071533043679313,0.9901566589241307,5.810285019080201e-16,,,
a,simplicial,2-simplices,16,24,10,0.9913496932515338,0.004390303005136842,0.990755417818378,4.681111291435601e-17,,,
a,simplicial,2-simplices,16,25,10,0.9917177914110429,0.004020368763054733,0.9913054265626924,2.296250901643844e-16,,,
a,simplicial,2-simplices,16,26,10,0.9921472392638038,0.003678708682497998,0.9918132487070308,6.498994355568278e-16,,,
a,simplicial,2-simplices,16,27,10,0.992515337423313,0.0034194772950639895,0.992284156214241,1.4802973661668753e-16,,,
a,simplicial,2-simplices,16,28,10,0.9928220858895707,0.003272622636990581,0.9927224224020463,1.9014763953998932e-16,,,
a,simplicial,2-simplices,16,29,10,0.9930061349693252,0.0033627492500768316,0.9931315459209429,7.327098140524283e-16,,,
a,simplicial,2-simplices,16,30,10,0.9938036809815951,0.003402926891015495,0.9935144221455007,1.1040378900115146e-16,,,
a,simplicial,2-simplices,16,31,10,0.9943558282208589,0.002550914704214738,0.9938734744601646,6.983529337310028e-16,,,
a,simplicial,2-simplices,16,32,10,0.9945398773006134,0.002641917850260706,0.9942107549504637,6.149250405022299e-16,,,
a,simplicial,2-simplices,16,33,10,0.9945398773006134,0.002641917850260706,0.9945280217485057,2.7817186292139303e-16,,,
a,simplicial,2-simplices,16,34,10,0.9946625766871167,0.002789743840946398,0.9948267985574797,5.761761573342905e-16,,,
a,simplicial,2-simplices,16,35,10,0.9947239263803681,0.002806930051005872,0.9951084205662255,1.975656351854947e-16,,,
a,simplicial,2-simplices,16,36,10,0.995276073619632,0.0024377444695600024,0.995374069964164,6.904639154867512e-16,,,
a,simplicial,2-simplices,16,37,10,0.9955828220858896,0.0021796176023679593,0.9956248035039545,3.449839284292668e-16,,,
a,simplicial,2-simplices,16,38,10,0.9956441717791412,0.0021728918542559374,0.9958615739783061,1.5213611697165703e-16,,,
a,simplicial,2-simplices,16,39,10,0.9958895705521472,0.001897547764361878,0.9960852470343312,7.141571871992237e-16,,,
a,simplicial,2-simplices,16,40,10,0.9961349693251534,0.0020254692048121575,0.9962966144112076,1.60886601221371e-16,,,
a,simplicial,2-simplices,16,41,10,0.9963190184049079,0.0018742640879164882,0.996496404429822,5.925813588343497e-16,,,
a,simplicial,2-simplices,16,42,10,0.9966871165644171,0.002206315576157235,0.9966852903670926,3.060673659425244e-16,,,
a,simplicial,2-simplices,16,43,10,0.9967484662576688,0.0021844090295667085,0.9968638971978594,6.28472968936275e-16,,,
a,simplicial,2-simplices,16,44,10,0.9968098159509203,0.0021796176023679593,0.9970328070738242,5.348822610265593e-16,,,
a,simplicial,2-simplices,16,45,10,0.9968711656441718,0.0021920535289753026,0.9971925638216634,6.158152690400014e-16,,,
a,simplicial,2-simplices,16,46,10,0.9969938650306748,0.0022670812354871994,0.9973436766764567,2.0404491062834961e-16,,,
a,simplicial,2-simplices,16,47,10,0.9971779141104294,0.002299136085489589,0.9974866234161468,5.45906695095563e-16,,,
a,simplicial,2-simplices,16,48,10,0.997361963190184,0.0022411072708053014,0.9976218530239794,6.143679926113757e-16,,,
a,simplicial,2-simplices,16,49,10,0.9976073619631902,0.0018393543412489758,0.9977497879764805,3.09626408413875e-16,,,
a,simplicial,2-simplices,16,50,10,0.9977300613496933,0.001783953250516504,0.9978708262323419,6.839870922772634e-16,,,
a,simplicial,2-simplices,16,51,10,0.9980368098159509,0.0017544057741944452,0.9979853429801453,8.191944760012302e-17,,,
a,simplicial,2-simplices,16,52,10,0.9980981595092026,0.0018164759093008036,0.998093692189773,5.388363747253687e-16,,,
a,simplicial,2-simplices,16,53,10,0.9982208588957056,0.0017219251071591626,0.9981962080025746,5.367991788694329e-16,,,
a,simplicial,2-simplices,16,54,10,0.9984662576687116,0.0015906287511353737,0.9982932059873896,4.135901568172935e-16,,,
a,simplicial,2-simplices,16,55,10,0.9986503067484662,0.001410894749338261,0.9983849842838316,5.665885304337762e-16,,,
a,simplicial,2-simplices,16,56,10,0.9987116564417178,0.001430031389533496,0.998471824649583,5.155867438727347e-16,,,
a,simplicial,2-simplices,16,57,10,0.9987730061349694,0.0013253048463001682,0.9985539934251614,2.0404491062834961e-16,,,
a,simplicial,2-simplices,16,58,10,0.9989570552147239,0.0011941759771498036,0.9986317424269039,2.145154682951613e-16,,,
a,simplicial,2-simplices,16,59,10,0.9990184049079754,0.0012337916669937234,0.9987053097765101,5.592899621154075e-16,,,
a,simplicial,2-simplices,16,60,10,0.9990184049079754,0.0012337916669937234,0.9987749206745302,5.348822610265593e-16,,,
a,simplicial,2-simplices,16,61,10,0.9990797546012271,0.0011293825170948055,0.9988407881233583,2.6272671962866383e-16,,,
a,simplicial,2-simplices,16,62,10,0.9990797546012271,0.0011293825170948055,0.9989031136045872,5.758195022971231e-16,,,
a,simplicial,2-simplices,16,63,10,0.9993251533742331,0.0008406873125191962,0.9989620877149183,5.733167046599012e-17,,,
a,simplicial,2-simplices,16,64,10,0.9993251533742331,0.0008406873125191962,0.9990178907637952,6.280369834735101e-16,,,
a,simplicial,2-simplices,16,65,10,0.9994478527607361,0.000889041518171126,0.9990706933361135,6.281460082088984e-16,,,
a,simplicial,2-simplices,16,66,10,0.9995092024539878,0.0009053555673283651,0.9991206568222392,2.8281041470964513e-16,,,
a,simplicial,2-simplices,16,67,10,0.9996932515337423,0.0007787089065300475,0.9991679339179583,3.4099092437943086e-16,,,
a,simplicial,2-simplices,16,68,10,0.9996932515337423,0.0007787089065300475,0.9992126690960369,3.2452797883654927e-16,,,
a,simplicial,2-simplices,16,69,10,0.9996932515337423,0.0007787089065300475,0.9992549990516781,2.145154682951613e-16,,,
a,simplicial,2-simplices,16,70,10,0.999877300613497,0.00025867301923667574,0.999295053122969,5.234949775817731e-16,,,
a,simplicial,2-simplices,16,71,10,0.999877300613497,0.00025867301923667574,0.9993329536884155,2.080331362368544e-16,,,
a,simplicial,2-simplices,16,72,10,0.999877300613497,0.00025867301923667574,0.9993688165424507,5.032194638293272e-16,,,
a,simplicial,2-simplices,16,73,10,0.9999386503067484,0.00019400476442750682,0.9994027512505426,3.3100455376630307e-16,,,
a,simplicial,2-simplices,16,74,10,0.9999386503067484,0.00019400476442750682,0.9994348614849298,3.503022928382184e-16,,,
a,simplicial,2-simplices,16,75,10,0.9999386503067484,0.00019400476442750682,0.9994652453420034,3.3203733179473523e-16,,,
a,simplicial,2-simplices,16,76,10,0.9999386503067484,0.00019400476442750682,0.9994939956426798,3.3017600539857414e-16,,,
a,simplicial,2-simplices,16,77,10,1.0,0.0,0.999521200216309,7.401486830834377e-17,,,
a,simplicial,2-simplices,16,78,10,1.0,0.0,0.9995469421693303,2.7594744093169344e-16,,,
a,simplicial,2-simplices,16,79,10,1.0,0.0,0.9995713001394384,3.8477054818061015e-16,,,
a,simplicial,2-simplices,16,80,10,1.0,0.0,0.9995943485359696,2.8281041470964513e-16,,,
a,simplicial,2-simplices,16,81,10,1.0,0.0,0.9996161577673661,6.532624563846024e-16,,,
a,simplicial,2-simplices,16,82,10,1.0,0.0,0.9996367944563783,2.2842911802117413e-16,,,
a,simplicial,2-simplices,16,83,10,1.0,0.0,0.9996563216436339,5.85606835463788e-16,,,
a,simplicial,2-simplices,16,84,10,1.0,0.0,0.9996747989803259,5.7760057522454e-16,,,
a,simplicial,2-simplices,16,85,10,1.0,0.0,0.9996922829104495,5.714024532234769e-16,,,
a,simplicial,2-simplices,16,86,10,1.0,0.0,0.9997088268433126,5.348822610265593e-16,,,
a,simplicial,2-simplices,16,87,10,1.0,0.0,0.9997244813166237,5.533818038625884e-16,,,
a,simplicial,2-simplices,16,88,10,1.0,0.0,0.999739294150993,2.2842911802117413e-16,,,
a,simplicial,2-simplices,16,89,10,1.0,0.0,0.9997533105959453,5.39978919858531e-16,,,
a,simplicial,2-simplices,16,90,10,1.0,0.0,0.9997665734682567,5.39978919858531e-16,,,
a,simplicial,2-simplices,16,91,10,1.0,0.0,0.9997791232826371,6.263993353576398e-16,,,
a,simplicial,2-simplices,16,92,10,1.0,0.0,0.9997909983756166,2.8761229291112057e-16,,,
a,simplicial,2-simplices,16,93,10,1.0,0.0,0.9998022350225796,5.292192479087592e-16,,,
a,simplicial,2-simplices,16,94,10,1.0,0.0,0.9998128675486205,2.2235278634319104e-16,,,
a,simplicial,2-simplices,16,95,10,1.0,0.0,0.999822928433389,6.498994355568278e-16,,,
a,simplicial,2-simplices,16,96,10,1.0,0.0,0.9998324484103197,3.463706049917663e-16,,,
a,simplicial,2-simplices,16,97,10,1.0,0.0,0.9998414565604659,6.477886815711839e-16,,,
a,simplicial,2-simplices,16,98,10,1.0,0.0,0.999849980401423,6.34653219266101e-16,,,
a,simplicial,2-simplices,16,99,10,1.0,0.0,0.9998580459713331,2.352229312377619e-16,,,
a,simplicial,2-simplices,16,100,10,1.0,0.0,0.9998656779084294,2.232747783547962e-16,,,
a,simplicial,2-simplices,16,101,10,1.0,0.0,0.9998728995263232,2.235812641248164e-16,,,
a,simplicial,2-simplices,16,102,10,1.0,0.0,0.9998797328851573,7.49343429207797e-17,,,
a,simplicial,2-simplices,16,103,10,1.0,0.0,0.9998861988591106,2.4990295782562634e-16,,,
a,simplicial,2-simplices,16,104,10,1.0,0.0,0.9998923172000449,5.318008205357184e-16,,,
a,simplicial,2-simplices,16,105,10,1.0,0.0,0.9998981065979067,5.10112276570874e-16,,,
a,simplicial,2-simplices,16,106,10,1.0,0.0,0.9999035847378235,6.469424517108089e-16,,,
a,simplicial,2-simplices,16,107,10,1.0,0.0,0.9999087683540763,2.6788883808809444e-16,,,
a,simplicial,2-simplices,16,108,10,1.0,0.0,0.9999136732812792,3.06291017682959e-16,,,
a,simplicial,2-simplices,16,109,10,1.0,0.0,0.999918314502722,5.574503892267373e-16,,,
a,simplicial,2-simplices,16,110,10,1.0,0.0,0.999922706196142,5.186324863305829e-16,,,
a,simplicial,2-simplices,16,111,10,1.0,0.0,0.9999268617769946,6.561909611028909e-16,,,
a,simplicial,2-simplices,16,112,10,1.0,0.0,0.9999307939395224,5.594123852233892e-16,,,
a,simplicial,2-simplices,16,113,10,1.0,0.0,0.9999345146954696,2.671208799726945e-16,,,
a,simplicial,2-simplices,16,114,10,1.0,0.0,0.9999380354107663,2.9605947323337506e-16,,,
a,simplicial,2-simplices,16,115,10,1.0,0.0,0.9999413668402971,9.721057689603553e-17,,,
a,simplicial,2-simplices,16,116,10,1.0,0.0,0.9999445191607121,2.3551386880256624e-16,,,
a,simplicial,2-simplices,16,117,10,1.0,0.0,0.999947502001533,2.7594744093169344e-16,,,
a,simplicial,2-simplices,16,118,10,1.0,0.0,0.9999503244745693,1.1466334093198023e-16,,,
a,simplicial,2-simplices,16,119,10,1.0,0.0,0.9999529952017442,2.4797742478323306e-16,,,
a,simplicial,2-simplices,16,120,10,1.0,0.0,0.999955522341434,2.386907782032965e-16,,,
a,simplicial,2-simplices,16,121,10,1.0,0.0,0.9999579136134009,2.308148654356383e-16,,,
a,simplicial,2-simplices,16,122,10,1.0,0.0,0.999960176322358,2.0134220970077508e-16,,,
a,simplicial,2-simplices,16,123,10,1.0,0.0,0.999962317380296,2.443611834245489e-16,,,
a,simplicial,2-simplices,16,124,10,1.0,0.0,0.99996434332759,1.0532500405730103e-16,,,
a,simplicial,2-simplices,16,125,10,1.0,0.0,0.999966260352989,2.2480302876233914e-16,,,
a,simplicial,2-simplices,16,126,10,1.0,0.0,0.9999680743125052,2.7194799110210365e-16,,,
a,simplicial,2-simplices,16,127,10,1.0,0.0,0.9999697907473178,0.0,,,
a,simplicial,2-simplices,16,128,10,1.0,0.0,0.9999714149006869,6.302138946229738e-17,,,
a,simplicial,2-simplices,16,129,10,1.0,0.0,0.9999729517339834,6.302138946229738e-17,,,
a,simplicial,2-simplices,16,130,10,1.0,0.0,0.9999744059418332,2.308148654356383e-16,,,
a,simplicial,2-simplices,16,131,10,1.0,0.0,0.999975781966468,2.5772695602081545e-16,,,
a,simplicial,2-simplices,16,132,10,1.0,0.0,0.9999770840112803,2.1862593939276816e-16,,,
a,simplicial,2-simplices,16,133,10,1.0,0.0,0.9999783160536859,2.6272671962866383e-16,,,
a,simplicial,2-simplices,16,134,10,1.0,0.0,0.9999794818572496,1.0532500405730103e-16,,,
a,simplicial,2-simplices,16,135,10,1.0,0.0,0.9999805849832054,1.0532500405730103e-16,,,
a,simplicial,2-simplices,16,136,10,1.0,0.0,0.9999816288013121,9.064933036736789e-17,,,
a,simplicial,2-simplices,16,137,10,1.0,0.0,0.9999826165001654,2.3288234633381846e-16,,,
a,simplicial,2-simplices,16,138,10,1.0,0.0,0.9999835510969317,2.4797742478323306e-16,,,
a,simplicial,2-simplices,16,139,10,1.0,0.0,0.9999844354465584,2.296250901643844e-16,,,
a,simplicial,2-simplices,16,140,10,1.0,0.0,0.9999852722505074,0.0,,,
a,simplicial,2-simplices,16,141,10,1.0,0.0,0.999986064064997,5.733167046599012e-17,,,
a,simplicial,2-simplices,16,142,10,1.0,0.0,0.9999868133088141,2.296250901643844e-16,,,
a,simplicial,2-simplices,16,143,10,1.0,0.0,0.9999875222707042,2.6168207644729585e-16,,,
a,simplicial,2-simplices,16,144,10,1.0,0.0,0.9999881931163648,2.1610567144161218e-16,,,
a,simplicial,2-simplices,16,145,10,1.0,0.0,0.9999888278950569,2.98133874049279e-16,,,
a,simplicial,2-simplices,16,146,10,1.0,0.0,0.9999894285458589,3.510833468576701e-17,,,
a,simplicial,2-simplices,16,147,10,1.0,0.0,0.9999899969036093,4.681111291435601e-17,,,
a,simplicial,2-simplices,16,148,10,1.0,0.0,0.9999905347044902,2.235812641248164e-16,,,
a,simplicial,2-simplices,16,149,10,1.0,0.0,0.9999910435913467,2.423916311195031e-16,,,
a,simplicial,2-simplices,16,150,10,1.0,0.0,0.9999915251186933,3.510833468576701e-17,,,
a,simplicial,2-simplices,16,151,10,1.0,0.0,0.9999919807574731,6.302138946229738e-17,,,
a,simplicial,2-simplices,16,152,10,1.0,0.0,0.9999924118995432,2.840184954533404e-16,,,
a,simplicial,2-simplices,16,153,10,1.0,0.0,0.9999928198619334,2.1578856830463123e-16,,,
a,simplicial,2-simplices,16,154,10,1.0,0.0,0.9999932058908628,2.7594744093169344e-16,,,
a,simplicial,2-simplices,16,155,10,1.0,0.0,0.999993571165547,2.352229312377619e-16,,,
a,simplicial,2-simplices,16,156,10,1.0,0.0,0.9999939168018075,2.4797742478323306e-16,,,
a,simplicial,2-simplices,16,157,10,1.0,0.0,0.9999942438554751,1.199177923332954e-16,,,
a,simplicial,2-simplices,16,158,10,1.0,0.0,0.99999455332561,0.0,,,
a,simplicial,2-simplices,16,159,10,1.0,0.0,0.9999948461575675,5.733167046599012e-17,,,
a,simplicial,2-simplices,16,160,10,1.0,0.0,0.99999512324587,2.4687037718011827e-16,,,
a,simplicial,2-simplices,16,161,10,1.0,0.0,0.9999953854369507,2.6814433536895164e-16,,,
a,simplicial,2-simplices,16,162,10,1.0,0.0,0.9999956335317381,2.6272671962866383e-16,,,
a,simplicial,2-simplices,16,163,10,1.0,0.0,0.9999958682880961,2.5666196404353564e-16,,,
a,simplicial,2-simplices,16,164,10,1.0,0.0,0.9999960904231446,2.5666196404353564e-16,,,
a,simplicial,2-simplices,16,165,10,1.0,0.0,0.99999630061545,0.0,,,
a,simplicial,2-simplices,16,166,10,1.0,0.0,0.9999964995070914,2.520855578491895e-16,,,
a,simplicial,2-simplices,16,167,10,1.0,0.0,0.9999966877056364,4.681111291435601e-17,,,
a,simplicial,2-simplices,16,168,10,1.0,0.0,0.9999968657859786,2.235812641248164e-16,,,
a,simplicial,2-simplices,16,169,10,1.0,0.0,0.9999970342921095,2.1610567144161218e-16,,,
a,simplicial,2-simplices,16,170,10,1.0,0.0,0.9999971937387688,0.0,,,
a,simplicial,2-simplices,16,171,10,1.0,0.0,0.9999973446130289,2.5772695602081545e-16,,,
a,simplicial,2-simplices,16,172,10,1.0,0.0,0.9999974873757695,9.064933036736789e-17,,,
a,simplicial,2-simplices,16,173,10,1.0,0.0,0.9999976224630922,5.733167046599012e-17,,,
a,simplicial,2-simplices,16,174,10,1.0,0.0,0.9999977502876574,5.851389114294502e-17,,,
a,simplicial,2-simplices,16,175,10,1.0,0.0,0.9999978712399356,2.6168207644729585e-16,,,
a,simplicial,2-simplices,16,176,10,1.0,0.0,0.9999979856894008,4.681111291435601e-17,,,
a,simplicial,2-simplices,16,177,10,1.0,0.0,0.99999809398567,2.1578856830463123e-16,,,
a,simplicial,2-simplices,16,178,10,1.0,0.0,0.9999981964595575,3.510833468576701e-17,,,
a,simplicial,2-simplices,16,179,10,1.0,0.0,0.9999982934240972,2.409749525270948e-16,,,
a,simplicial,2-simplices,16,180,10,1.0,0.0,0.9999983851754898,9.362222582871203e-17,,,
a,simplicial,2-simplices,16,181,10,1.0,0.0,0.9999984719940119,6.302138946229738e-17,,,
a,simplicial,2-simplices,16,182,10,1.0,0.0,0.9999985541448716,4.681111291435601e-17,,,
a,simplicial,2-simplices,16,183,10,1.0,0.0,0.9999986318790176,2.5666196404353564e-16,,,
a,simplicial,2-simplices,16,184,10,1.0,0.0,0.9999987054339108,9.362222582871203e-17,,,
a,simplicial,2-simplices,16,185,10,1.0,0.0,0.9999987750342371,6.302138946229738e-17,,,
a,simplicial,2-simplices,16,186,10,1.0,0.0,0.9999988408926115,2.4797742478323306e-16,,,
a,simplicial,2-simplices,16,187,10,1.0,0.0,0.9999989032102137,2.0303561386744092e-16,,,
a,simplicial,2-simplices,16,188,10,1.0,0.0,0.9999989621774074,5.233641528945917e-17,,,
a,simplicial,2-simplices,16,189,10,1.0,0.0,0.9999990179743199,0.0,,,
a,simplicial,2-simplices,16,190,10,1.0,0.0,0.9999990707714007,2.5344013803554234e-16,,,
a,simplicial,2-simplices,16,191,10,1.0,0.0,0.9999991207299258,6.302138946229738e-17,,,
a,simplicial,2-simplices,16,192,10,1.0,0.0,0.9999991680025102,2.465928387256741e-16,,,
a,simplicial,2-simplices,16,193,10,1.0,0.0,0.9999992127335583,2.4687037718011827e-16,,,
a,simplicial,2-simplices,16,194,10,1.0,0.0,0.9999992550597107,5.233641528945917e-17,,,
a,simplicial,2-simplices,16,195,10,1.0,0.0,0.9999992951102653,2.296250901643844e-16,,,
a,simplicial,2-simplices,16,196,10,1.0,0.0,0.9999993330075615,6.302138946229738e-17,,,
a,simplicial,2-simplices,16,197,10,1.0,0.0,0.9999993688673701,7.021666937153402e-17,,,
a,simplicial,2-simplices,16,198,10,1.0,0.0,0.9999994027992315,2.6272671962866383e-16,,,
a,simplicial,2-simplices,16,199,10,1.0,0.0,0.9999994349067993,2.5666196404353564e-16,,,
a,simplicial,2-simplices,16,200,10,1.0,0.0,0.9999994652881542,5.733167046599012e-17,,,
b,simplicial,2-simplices,16,,10,,,,,1.0,0.0,
a,simplicial,2-simplices,32,1,10,0.8758282208588957,0.019238561260352952,0.8745739604635239,5.665885304337762e-16,,,
a,simplicial,2-simplices,32,2,10,0.9282208588957055,0.02179041923103882,0.9297624071214496,2.352229312377619e-16,,,
a,simplicial,2-simplices,32,3,10,0.9506134969325153,0.01864476741187165,0.9593491883648539,6.582747737825644e-16,,,
a,simplicial,2-simplices,32,4,10,0.9680368098159509,0.010945758819088023,0.9755618170875074,5.838501866642666e-16,,,
a,simplicial,2-simplices,32,5,10,0.9756441717791411,0.013963102729613774,0.9846992201543493,6.017549902571372e-16,,,
a,simplicial,2-simplices,32,6,10,0.986319018404908,0.009609493774335127,0.9900279966065829,5.857237580636282e-16,,,
a,simplicial,2-simplices,32,7,10,0.9891411042944785,0.008342204870382867,0.9932585287830868,3.2283551369326685e-16,,,
a,simplicial,2-simplices,32,8,10,0.9912269938650307,0.008481408649527228,0.9952985594051553,3.36950604901947e-16,,,
a,simplicial,2-simplices,32,9,10,0.9946625766871167,0.0033608833019538077,0.9966388609703181,5.870083695835371e-16,,,
a,simplicial,2-simplices,32,10,10,0.9961963190184049,0.0029887649744695303,0.9975513409030166,5.343699215785019e-16,,,
a,simplicial,2-simplices,32,11,10,0.9973006134969324,0.002637957545455543,0.998191349886819,1.3031662313448182e-16,,,
a,simplicial,2-simplices,32,12,10,0.9976073619631902,0.002528685880515262,0.9986509306632787,6.28472968936275e-16,,,
a,simplicial,2-simplices,32,13,10,0.9989570552147239,0.001003921284959796,0.9989868423070718,6.662366052725463e-16,,,
a,simplicial,2-simplices,32,14,10,0.9994478527607361,0.000889041518171126,0.9992355393622603,1.4285061330586922e-16,,,
a,simplicial,2-simplices,32,15,10,0.9998159509202453,0.0002963471727237087,0.9994213475943938,2.1097483484280642e-16,,,
a,simplicial,2-simplices,32,16,10,0.999877300613497,0.00025867301923667574,0.9995610489834498,5.589225319024555e-16,,,
a,simplicial,2-simplices,32,17,10,0.999877300613497,0.00025867301923667574,0.9996665399273409,5.861912152474223e-16,,,
a,simplicial,2-simplices,32,18,10,0.999877300613497,0.00025867301923667574,0.9997464323494996,6.149250405022299e-16,,,
a,simplicial,2-simplices,32,19,10,0.9999386503067484,0.00019400476442750682,0.9998070581287755,3.4239377277779376e-16,,,
a,simplicial,2-simplices,32,20,10,0.9999386503067484,0.00019400476442750682,0.9998531249383269,5.102464989851351e-16,,,
a,simplicial,2-simplices,32,21,10,0.9999386503067484,0.00019400476442750682,0.9998881603435066,6.39811339069313e-16,,,
a,simplicial,2-simplices,32,22,10,0.9999386503067484,0.00019400476442750682,0.99991482192642,6.121347318850488e-16,,,
a,simplicial,2-simplices,32,23,10,1.0,0.0,0.9999351192294123,5.680369909066808e-16,,,
a,simplicial,2-simplices,32,24,10,1.0,0.0,0.99995057556999,2.7594744093169344e-16,,,
a,simplicial,2-simplices,32,25,10,1.0,0.0,0.9999623476282107,3.2452797883654927e-16,,,
a,simplicial,2-simplices,32,26,10,1.0,0.0,0.9999713146814504,4.809542866571309e-16,,,
a,simplicial,2-simplices,32,27,10,1.0,0.0,0.9999781456380819,7.021666937153402e-17,,,
a,simplicial,2-simplices,32,28,10,1.0,0.0,0.9999833496259077,3.2788670198715954e-16,,,
a,simplicial,2-simplices,32,29,10,1.0,0.0,0.9999873142893703,1.6591551666970419e-16,,,
a,simplicial,2-simplices,32,30,10,1.0,0.0,0.9999903348432853,4.830852420928243e-16,,,
a,simplicial,2-simplices,32,31,10,1.0,0.0,0.9999926361455541,1.751511464191092e-16,,,
a,simplicial,2-simplices,32,32,10,1.0,0.0,0.9999943894820618,2.080331362368544e-16,,,
a,simplicial,2-simplices,32,33,10,1.0,0.0,0.9999957253388804,1.797814904575515e-16,,,
a,simplicial,2-simplices,32,34,10,1.0,0.0,0.9999967431251022,5.880573280944047e-16,,,
a,simplicial,2-simplices,32,35,10,1.0,0.0,0.9999975185764649,1.5917499294642454e-16,,,
a,simplicial,2-simplices,32,36,10,1.0,0.0,0.9999981093941017,3.159750121719031e-16,,,
a,simplicial,2-simplices,32,37,10,1.0,0.0,0.9999985595396508,6.410943844870877e-16,,,
a,simplicial,2-simplices,32,38,10,1.0,0.0,0.9999989025070517,1.4616765322647736e-16,,,
a,simplicial,2-simplices,32,39,10,1.0,0.0,0.9999991638152157,3.7025933247631223e-16,,,
a,simplicial,2-simplices,32,40,10,1.0,0.0,0.9999993629069955,5.945425991033043e-16,,,
a,simplicial,2-simplices,32,41,10,1.0,0.0,0.9999995145958916,3.276777904004921e-16,,,
a,simplicial,2-simplices,32,42,10,1.0,0.0,0.9999996301683449,1.1466334093198023e-16,,,
a,simplicial,2-simplices,32,43,10,1.0,0.0,0.9999997182235246,2.2932668186396046e-16,,,
a,simplicial,2-simplices,32,44,10,1.0,0.0,0.9999997853131811,4.686959027995967e-16,,,
a,simplicial,2-simplices,32,45,10,1.0,0.0,0.9999998364290914,5.589225319024555e-16,,,
a,simplicial,2-simplices,32,46,10,1.0,0.0,0.9999998753745512,2.691638992575471e-16,,,
a,simplicial,2-simplices,32,47,10,1.0,0.0,0.9999999050472772,1.9193983409904102e-16,,,
a,simplicial,2-simplices,32,48,10,1.0,0.0,0.9999999276550684,2.1097483484280642e-16,,,
a,simplicial,2-simplices,32,49,10,1.0,0.0,0.9999999448800526,9.362222582871203e-17,,,
a,simplicial,2-simplices,32,50,10,1.0,0.0,0.9999999580038489,2.0967250860301e-16,,,
a,simplicial,2-simplices,32,51,10,1.0,0.0,0.9999999680029334,0.0,,,
a,simplicial,2-simplices,32,52,10,1.0,0.0,0.999999975621283,1.9193983409904102e-16,,,
a,simplicial,2-simplices,32,53,10,1.0,0.0,0.9999999814257393,1.4043333874306804e-16,,,
a,simplicial,2-simplices,32,54,10,1.0,0.0,0.9999999858481807,1.2873056051447903e-16,,,
a,simplicial,2-simplices,32,55,10,1.0,0.0,0.9999999892176616,2.122691711248235e-16,,,
a,simplicial,2-simplices,32,56,10,1.0,0.0,0.9999999917848861,1.797814904575515e-16,,,
a,simplicial,2-simplices,32,57,10,1.0,0.0,0.9999999937408643,1.4849160899213605e-16,,,
a,simplicial,2-simplices,32,58,10,1.0,0.0,0.9999999952311349,1.3846913936850747e-16,,,
a,simplicial,2-simplices,32,59,10,1.0,0.0,0.9999999963665788,1.797814904575515e-16,,,
a,simplicial,2-simplices,32,60,10,1.0,0.0,0.9999999972316791,1.5525489755587895e-16,,,
a,simplicial,2-simplices,32,61,10,1.0,0.0,0.9999999978908042,3.510833468576701e-17,,,
a,simplicial,2-simplices,32,62,10,1.0,0.0,0.9999999983929925,1.6755828462014355e-16,,,
a,simplicial,2-simplices,32,63,10,1.0,0.0,0.9999999987756143,0.0,,,
a,simplicial,2-simplices,32,64,10,1.0,0.0,0.9999999990671338,1.9582493486507355e-16,,,
a,simplicial,2-simplices,32,65,10,1.0,0.0,0.9999999992892455,1.797814904575515e-16,,,
a,simplicial,2-simplices,32,66,10,1.0,0.0,0.9999999994584717,1.5032490816276445e-16,,,
a,simplicial,2-simplices,32,67,10,1.0,0.0,0.9999999995874083,1.5917499294642454e-16,,,
a,simplicial,2-simplices,32,68,10,1.0,0.0,0.9999999996856431,1.5032490816276445e-16,,,
a,simplicial,2-simplices,32,69,10,1.0,0.0,0.9999999997604914,1.2873056051447903e-16,,,
a,simplicial,2-simplices,32,70,10,1.0,0.0,0.9999999998175169,1.5525489755587895e-16,,,
a,simplicial,2-simplices,32,71,10,1.0,0.0,0.9999999998609658,1.199177923332954e-16,,,
a,simplicial,2-simplices,32,72,10,1.0,0.0,0.9999999998940693,1.9894722988601306e-16,,,
a,simplicial,2-simplices,32,73,10,1.0,0.0,0.9999999999192898,1.4849160899213605e-16,,,
a,simplicial,2-simplices,32,74,10,1.0,0.0,0.9999999999385075,9.435081445006127e-17,,,
a,simplicial,2-simplices,32,75,10,1.0,0.0,0.999999999953147,1.5213611697165703e-16,,,
a,simplicial,2-simplices,32,76,10,1.0,0.0,0.9999999999643023,1.5917499294642454e-16,,,
a,simplicial,2-simplices,32,77,10,1.0,0.0,0.9999999999728024,0.0,,,
a,simplicial,2-simplices,32,78,10,1.0,0.0,0.9999999999792777,0.0,,,
a,simplicial,2-simplices,32,79,10,1.0,0.0,0.9999999999842112,1.2873056051447903e-16,,,
a,simplicial,2-simplices,32,80,10,1.0,0.0,0.9999999999879703,9.721057689603553e-17,,,
a,simplicial,2-simplices,32,81,10,1.0,0.0,0.9999999999908342,2.122691711248235e-16,,,
a,simplicial,2-simplices,32,82,10,1.0,0.0,0.9999999999930178,1.2873056051447903e-16,,,
a,simplicial,2-simplices,32,83,10,1.0,0.0,0.9999999999946809,1.7358025238735565e-16,,,
a,simplicial,2-simplices,32,84,10,1.0,0.0,0.9999999999959472,1.9050742725914191e-16,,,
a,simplicial,2-simplices,32,85,10,1.0,0.0,0.9999999999969106,1.8317745351310708e-16,,,
a,simplicial,2-simplices,32,86,10,1.0,0.0,0.9999999999976465,1.797814904575515e-16,,,
a,simplicial,2-simplices,32,87,10,1.0,0.0,0.9999999999982065,1.9582493486507355e-16,,,
a,simplicial,2-simplices,32,88,10,1.0,0.0,0.9999999999986343,0.0,,,
a,simplicial,2-simplices,32,89,10,1.0,0.0,0.9999999999989585,1.8466672561297192e-16,,,
a,simplicial,2-simplices,32,90,10,1.0,0.0,0.999999999999208,1.8466672561297192e-16,,,
a,simplicial,2-simplices,32,91,10,1.0,0.0,0.9999999999993957,1.5700924586837752e-16,,,
a,simplicial,2-simplices,32,92,10,1.0,0.0,0.9999999999995397,0.0,,,
a,simplicial,2-simplices,32,93,10,1.0,0.0,0.999999999999649,1.797814904575515e-16,,,
a,simplicial,2-simplices,32,94,10,1.0,0.0,0.999999999999732,1.3291800990276768e-16,,,
a,simplicial,2-simplices,32,95,10,1.0,0.0,0.9999999999997954,1.7358025238735565e-16,,,
a,simplicial,2-simplices,32,96,10,1.0,0.0,0.999999999999846,1.5917499294642454e-16,,,
a,simplicial,2-simplices,32,97,10,1.0,0.0,0.9999999999998825,2.0571606802743646e-16,,,
a,simplicial,2-simplices,32,98,10,1.0,0.0,0.9999999999999097,1.0202245531417481e-16,,,
a,simplicial,2-simplices,32,99,10,1.0,0.0,0.999999999999931,5.851389114294502e-17,,,
a,simplicial,2-simplices,32,100,10,1.0,0.0,0.9999999999999469,1.3291800990276768e-16,,,
a,simplicial,2-simplices,32,101,10,1.0,0.0,0.9999999999999609,1.4849160899213605e-16,,,
a,simplicial,2-simplices,32,102,10,1.0,0.0,0.9999999999999695,0.0,,,
a,simplicial,2-simplices,32,103,10,1.0,0.0,0.9999999999999771,0.0,,,
a,simplicial,2-simplices,32,104,10,1.0,0.0,0.9999999999999828,1.797814904575515e-16,,,
a,simplicial,2-simplices,32,105,10,1.0,0.0,0.9999999999999865,1.0202245531417481e-16,,,
a,simplicial,2-simplices,32,106,10,1.0,0.0,0.9999999999999905,1.9894722988601306e-16,,,
a,simplicial,2-simplices,32,107,10,1.0,0.0,0.9999999999999923,0.0,,,
a,simplicial,2-simplices,32,108,10,1.0,0.0,0.9999999999999929,1.1761146561888094e-16,,,
a,simplicial,2-simplices,32,109,10,1.0,0.0,0.9999999999999947,2.2235278634319104e-16,,,
a,simplicial,2-simplices,32,110,10,1.0,0.0,0.9999999999999977,2.0967250860301e-16,,,
a,simplicial,2-simplices,32,111,10,1.0,0.0,0.999999999999998,2.0404491062834961e-16,,,
a,simplicial,2-simplices,32,112,10,1.0,0.0,0.9999999999999982,1.5213611697165703e-16,,,
a,simplicial,2-simplices,32,113,10,1.0,0.0,0.9999999999999994,1.5917499294642454e-16,,,
a,simplicial,2-simplices,32,114,10,1.0,0.0,0.9999999999999994,1.0725773414758065e-16,,,
a,simplicial,2-simplices,32,115,10,1.0,0.0,0.9999999999999998,1.199177923332954e-16,,,
a,simplicial,2-simplices,32,116,10,1.0,0.0,0.9999999999999998,9.064933036736789e-17,,,
a,simplicial,2-simplices,32,117,10,1.0,0.0,0.9999999999999998,9.721057689603553e-17,,,
a,simplicial,2-simplices,32,118,10,1.0,0.0,1.0,0.0,,,
a,simplicial,2-simplices,32,119,10,1.0,0.0,1.0,0.0,,,
a,simplicial,2-simplices,32,120,10,1.0,0.0,1.0,0.0,,,
a,simplicial,2-simplices,32,121,10,1.0,0.0,1.0,0.0,,,
a,simplicial,2-simplices,32,122,10,1.0,0.0,1.0,0.0,,,
a,simplicial,2-simplices,32,123,10,1.0,0.0,1.0,0.0,,,
a,simplicial,2-simplices,32,124,10,1.0,0.0,1.0,0.0,,,
a,simplicial,2-simplices,32,125,10,1.0,0.0,1.0,0.0,,,
a,simplicial,2-simplices,32,126,10,1.0,0.0,1.0,0.0,,,
a,simplicial,2-simplices,32,127,10,1.0,0.0,1.0,0.0,,,
a,simplicial,2-simplices,32,128,10,1.0,0.0,1.0,0.0,,,
a,simplicial,2-simplices,32,129,10,1.0,0.0,1.0,0.0,,,
a,simplicial,2-simplices,32,130,10,1.0,0.0,1.0,0.0,,,
a,simplicial,2-simplices,32,131,10,1.0,0.0,1.0,0.0,,,
a,simplicial,2-simplices,32,132,10,1.0,0.0,1.0,0.0,,,
a,simplicial,2-simplices,32,133,10,1.0,0.0,1.0,0.0,,,
a,simplicial,2-simplices,32,134,10,1.0,0.0,1.0,0.0,,,
a,simplicial,2-simplices,32,135,10,1.0,0.0,1.0,0.0,,,
a,simplicial,2-simplices,32,136,10,1.0,0.0,1.0,0.0,,,
a,simplicial,2-simplices,32,137,10,1.0,0.0,1.0,0.0,,,
a,simplicial,2-simplices,32,138,10,1.0,0.0,1.0,0.0,,,
a,simplicial,2-simplices,32,139,10,1.0,0.0,1.0,0.0,,,
a,simplicial,2-simplices,32,140,10,1.0,0.0,1.0,0.0,,,
a,simplicial,2-simplices,32,141,10,1.0,0.0,1.0,0.0,,,
a,simplicial,2-simplices,32,142,10,1.0,0.0,1.0,0.0,,,
a,simplicial,2-simplices,32,143,10,1.0,0.0,1.0,0.0,,,
a,simplicial,2-simplices,32,144,10,1.0,0.0,1.0,0.0,,,
a,simplicial,2-simplices,32,145,10,1.0,0.0,1.0,0.0,,,
a,simplicial,2-simplices,32,146,10,1.0,0.0,1.0,0.0,,,
a,simplicial,2-simplices,32,147,10,1.0,0.0,1.0,0.0,,,
a,simplicial,2-simplices,32,148,10,1.0,0.0,1.0,0.0,,,
a,simplicial,2-simplices,32,149,10,1.0,0.0,1.0,0.0,,,
a,simplicial,2-simplices,32,150,10,1.0,0.0,1.0,0.0,,,
a,simplicial,2-simplices,32,151,10,1.0,0.0,1.0,0.0,,,
a,simplicial,2-simplices,32,152,10,1.0,0.0,1.0,0.0,,,
a,simplicial,2-simplices,32,153,10,1.0,0.0,1.0,0.0,,,
a,simplicial,2-simplices,32,154,10,1.0,0.0,1.0,0.0,,,
a,simplicial,2-simplices,32,155,10,1.0,0.0,1.0,0.0,,,
a,simplicial,2-simplices,32,156,10,1.0,0.0,1.0,0.0,,,
a,simplicial,2-simplices,32,157,10,1.0,0.0,1.0,0.0,,,
a,simplicial,2-simplices,32,158,10,1.0,0.0,1.0,0.0,,,
a,simplicial,2-simplices,32,159,10,1.0,0.0,1.0,0.0,,,
a,simplicial,2-simplices,32,160,10,1.0,0.0,1.0,0.0,,,
a,simplicial,2-simplices,32,161,10,1.0,0.0,1.0,0.0,,,
a,simplicial,2-simplices,32,162,10,1.0,0.0,1.0,0.0,,,
a,simplicial,2-simplices,32,163,10,1.0,0.0,1.0,0.0,,,
a,simplicial,2-simplices,32,164,10,1.0,0.0,1.0,0.0,,,
a,simplicial,2-simplices,32,165,10,1.0,0.0,1.0,0.0,,,
a,simplicial,2-simplices,32,166,10,1.0,0.0,1.0,0.0,,,
a,simplicial,2-simplices,32,167,10,1.0,0.0,1.0,0.0,,,
a,simplicial,2-simplices,32,168,10,1.0,0.0,1.0,0.0,,,
a,simplicial,2-simplices,32,169,10,1.0,0.0,1.0,0.0,,,
a,simplicial,2-simplices,32,170,10,1.0,0.0,1.0,0.0,,,
a,simplicial,2-simplices,32,171,10,1.0,0.0,1.0,0.0,,,
a,simplicial,2-simplices,32,172,10,1.0,0.0,1.0,0.0,,,
a,simplicial,2-simplices,32,173,10,1.0,0.0,1.0,0.0,,,
a,simplicial,2-simplices,32,174,10,1.0,0.0,1.0,0.0,,,
a,simplicial,2-simplices,32,175,10,1.0,0.0,1.0,0.0,,,
a,simplicial,2-simplices,32,176,10,1.0,0.0,1.0,0.0,,,
a,simplicial,2-simplices,32,177,10,1.0,0.0,1.0,0.0,,,
a,simplicial,2-simplices,32,178,10,1.0,0.0,1.0,0.0,,,
a,simplicial,2-simplices,32,179,10,1.0,0.0,1.0,0.0,,,
a,simplicial,2-simplices,32,180,10,1.0,0.0,1.0,0.0,,,
a,simplicial,2-simplices,32,181,10,1.0,0.0,1.0,0.0,,,
a,simplicial,2-simplices,32,182,10,1.0,0.0,1.0,0.0,,,
a,simplicial,2-simplices,32,183,10,1.0,0.0,1.0,0.0,,,
a,simplicial,2-simplices,32,184,10,1.0,0.0,1.0,0.0,,,
a,simplicial,2-simplices,32,185,10,1.0,0.0,1.0,0.0,,,
a,simplicial,2-simplices,32,186,10,1.0,0.0,1.0,0.0,,,
a,simplicial,2-simplices,32,187,10,1.0,0.0,1.0,0.0,,,
a,simplicial,2-simplices,32,188,10,1.0,0.0,1.0,0.0,,,
a,simplicial,2-simplices,32,189,10,1.0,0.0,1.0,0.0,,,
a,simplicial,2-simplices,32,190,10,1.0,0.0,1.0,0.0,,,
a,simplicial,2-simplices,32,191,10,1.0,0.0,1.0,0.0,,,
a,simplicial,2-simplices,32,192,10,1.0,0.0,1.0,0.0,,,
a,simplicial,2-simplices,32,193,10,1.0,0.0,1.0,0.0,,,
a,simplicial,2-simplices,32,194,10,1.0,0.0,1.0,0.0,,,
a,simplicial,2-simplices,32,195,10,1.0,0.0,1.0,0.0,,,
a,simplicial,2-simplices,32,196,10,1.0,0.0,1.0,0.0,,,
a,simplicial,2-simplices,32,197,10,1.0,0.0,1.0,0.0,,,
a,simplicial,2-simplices,32,198,10,1.0,0.0,1.0,0.0,,,
a,simplicial,2-simplices,32,199,10,1.0,0.0,1.0,0.0,,,
a,simplicial,2-simplices,32,200,10,1.0,0.0,1.0,0.0,,,
b,simplicial,2-simplices,32,,10,,,,,1.0,0.0,
c,simplicial,2-simplices,,,,,,,,,,1630
a,cell_basis,Cycle-basis 2-cells,1,1,10,0.5625759416767923,0.0,0.6780072904009721,0.0,,,
a,cell_basis,Cycle-basis 2-cells,1,2,10,0.5625759416767923,0.0,0.6780072904009721,0.0,,,
a,cell_basis,Cycle-basis 2-cells,1,3,10,0.5625759416767923,0.0,0.6780072904009721,0.0,,,
a,cell_basis,Cycle-basis 2-cells,1,4,10,0.5625759416767923,0.0,0.6780072904009721,0.0,,,
a,cell_basis,Cycle-basis 2-cells,1,5,10,0.5625759416767923,0.0,0.6780072904009721,0.0,,,
a,cell_basis,Cycle-basis 2-cells,1,6,10,0.5625759416767923,0.0,0.6780072904009721,0.0,,,
a,cell_basis,Cycle-basis 2-cells,1,7,10,0.5625759416767923,0.0,0.6780072904009721,0.0,,,
a,cell_basis,Cycle-basis 2-cells,1,8,10,0.5625759416767923,0.0,0.6780072904009721,0.0,,,
a,cell_basis,Cycle-basis 2-cells,1,9,10,0.5625759416767923,0.0,0.6780072904009721,0.0,,,
a,cell_basis,Cycle-basis 2-cells,1,10,10,0.5625759416767923,0.0,0.6780072904009721,0.0,,,
a,cell_basis,Cycle-basis 2-cells,1,11,10,0.5625759416767923,0.0,0.6780072904009721,0.0,,,
a,cell_basis,Cycle-basis 2-cells,1,12,10,0.5625759416767923,0.0,0.6780072904009721,0.0,,,
a,cell_basis,Cycle-basis 2-cells,1,13,10,0.5625759416767923,0.0,0.6780072904009721,0.0,,,
a,cell_basis,Cycle-basis 2-cells,1,14,10,0.5625759416767923,0.0,0.6780072904009721,0.0,,,
a,cell_basis,Cycle-basis 2-cells,1,15,10,0.5625759416767923,0.0,0.6780072904009721,0.0,,,
a,cell_basis,Cycle-basis 2-cells,1,16,10,0.5625759416767923,0.0,0.6780072904009721,0.0,,,
a,cell_basis,Cycle-basis 2-cells,1,17,10,0.5625759416767923,0.0,0.6780072904009721,0.0,,,
a,cell_basis,Cycle-basis 2-cells,1,18,10,0.5625759416767923,0.0,0.6780072904009721,0.0,,,
a,cell_basis,Cycle-basis 2-cells,1,19,10,0.5625759416767923,0.0,0.6780072904009721,0.0,,,
a,cell_basis,Cycle-basis 2-cells,1,20,10,0.5625759416767923,0.0,0.6780072904009721,0.0,,,
a,cell_basis,Cycle-basis 2-cells,1,21,10,0.5625759416767923,0.0,0.6780072904009721,0.0,,,
a,cell_basis,Cycle-basis 2-cells,1,22,10,0.5625759416767923,0.0,0.6780072904009721,0.0,,,
a,cell_basis,Cycle-basis 2-cells,1,23,10,0.5625759416767923,0.0,0.6780072904009721,0.0,,,
a,cell_basis,Cycle-basis 2-cells,1,24,10,0.5625759416767923,0.0,0.6780072904009721,0.0,,,
a,cell_basis,Cycle-basis 2-cells,1,25,10,0.5625759416767923,0.0,0.6780072904009721,0.0,,,
a,cell_basis,Cycle-basis 2-cells,1,26,10,0.5625759416767923,0.0,0.6780072904009721,0.0,,,
a,cell_basis,Cycle-basis 2-cells,1,27,10,0.5625759416767923,0.0,0.6780072904009721,0.0,,,
a,cell_basis,Cycle-basis 2-cells,1,28,10,0.5625759416767923,0.0,0.6780072904009721,0.0,,,
a,cell_basis,Cycle-basis 2-cells,1,29,10,0.5625759416767923,0.0,0.6780072904009721,0.0,,,
a,cell_basis,Cycle-basis 2-cells,1,30,10,0.5625759416767923,0.0,0.6780072904009721,0.0,,,
a,cell_basis,Cycle-basis 2-cells,1,31,10,0.5625759416767923,0.0,0.6780072904009721,0.0,,,
a,cell_basis,Cycle-basis 2-cells,1,32,10,0.5625759416767923,0.0,0.6780072904009721,0.0,,,
a,cell_basis,Cycle-basis 2-cells,1,33,10,0.5625759416767923,0.0,0.6780072904009721,0.0,,,
a,cell_basis,Cycle-basis 2-cells,1,34,10,0.5625759416767923,0.0,0.6780072904009721,0.0,,,
a,cell_basis,Cycle-basis 2-cells,1,35,10,0.5625759416767923,0.0,0.6780072904009721,0.0,,,
a,cell_basis,Cycle-basis 2-cells,1,36,10,0.5625759416767923,0.0,0.6780072904009721,0.0,,,
a,cell_basis,Cycle-basis 2-cells,1,37,10,0.5625759416767923,0.0,0.6780072904009721,0.0,,,
a,cell_basis,Cycle-basis 2-cells,1,38,10,0.5625759416767923,0.0,0.6780072904009721,0.0,,,
a,cell_basis,Cycle-basis 2-cells,1,39,10,0.5625759416767923,0.0,0.6780072904009721,0.0,,,
a,cell_basis,Cycle-basis 2-cells,1,40,10,0.5625759416767923,0.0,0.6780072904009721,0.0,,,
a,cell_basis,Cycle-basis 2-cells,1,41,10,0.5625759416767923,0.0,0.6780072904009721,0.0,,,
a,cell_basis,Cycle-basis 2-cells,1,42,10,0.5625759416767923,0.0,0.6780072904009721,0.0,,,
a,cell_basis,Cycle-basis 2-cells,1,43,10,0.5625759416767923,0.0,0.6780072904009721,0.0,,,
a,cell_basis,Cycle-basis 2-cells,1,44,10,0.5625759416767923,0.0,0.6780072904009721,0.0,,,
a,cell_basis,Cycle-basis 2-cells,1,45,10,0.5625759416767923,0.0,0.6780072904009721,0.0,,,
a,cell_basis,Cycle-basis 2-cells,1,46,10,0.5625759416767923,0.0,0.6780072904009721,0.0,,,
a,cell_basis,Cycle-basis 2-cells,1,47,10,0.5625759416767923,0.0,0.6780072904009721,0.0,,,
a,cell_basis,Cycle-basis 2-cells,1,48,10,0.5625759416767923,0.0,0.6780072904009721,0.0,,,
a,cell_basis,Cycle-basis 2-cells,1,49,10,0.5625759416767923,0.0,0.6780072904009721,0.0,,,
a,cell_basis,Cycle-basis 2-cells,1,50,10,0.5625759416767923,0.0,0.6780072904009721,0.0,,,
a,cell_basis,Cycle-basis 2-cells,1,51,10,0.5625759416767923,0.0,0.6780072904009721,0.0,,,
a,cell_basis,Cycle-basis 2-cells,1,52,10,0.5625759416767923,0.0,0.6780072904009721,0.0,,,
a,cell_basis,Cycle-basis 2-cells,1,53,10,0.5625759416767923,0.0,0.6780072904009721,0.0,,,
a,cell_basis,Cycle-basis 2-cells,1,54,10,0.5625759416767923,0.0,0.6780072904009721,0.0,,,
a,cell_basis,Cycle-basis 2-cells,1,55,10,0.5625759416767923,0.0,0.6780072904009721,0.0,,,
a,cell_basis,Cycle-basis 2-cells,1,56,10,0.5625759416767923,0.0,0.6780072904009721,0.0,,,
a,cell_basis,Cycle-basis 2-cells,1,57,10,0.5625759416767923,0.0,0.6780072904009721,0.0,,,
a,cell_basis,Cycle-basis 2-cells,1,58,10,0.5625759416767923,0.0,0.6780072904009721,0.0,,,
a,cell_basis,Cycle-basis 2-cells,1,59,10,0.5625759416767923,0.0,0.6780072904009721,0.0,,,
a,cell_basis,Cycle-basis 2-cells,1,60,10,0.5625759416767923,0.0,0.6780072904009721,0.0,,,
a,cell_basis,Cycle-basis 2-cells,1,61,10,0.5625759416767923,0.0,0.6780072904009721,0.0,,,
a,cell_basis,Cycle-basis 2-cells,1,62,10,0.5625759416767923,0.0,0.6780072904009721,0.0,,,
a,cell_basis,Cycle-basis 2-cells,1,63,10,0.5625759416767923,0.0,0.6780072904009721,0.0,,,
a,cell_basis,Cycle-basis 2-cells,1,64,10,0.5625759416767923,0.0,0.6780072904009721,0.0,,,
a,cell_basis,Cycle-basis 2-cells,1,65,10,0.5625759416767923,0.0,0.6780072904009721,0.0,,,
a,cell_basis,Cycle-basis 2-cells,1,66,10,0.5625759416767923,0.0,0.6780072904009721,0.0,,,
a,cell_basis,Cycle-basis 2-cells,1,67,10,0.5625759416767923,0.0,0.6780072904009721,0.0,,,
a,cell_basis,Cycle-basis 2-cells,1,68,10,0.5625759416767923,0.0,0.6780072904009721,0.0,,,
a,cell_basis,Cycle-basis 2-cells,1,69,10,0.5625759416767923,0.0,0.6780072904009721,0.0,,,
a,cell_basis,Cycle-basis 2-cells,1,70,10,0.5625759416767923,0.0,0.6780072904009721,0.0,,,
a,cell_basis,Cycle-basis 2-cells,1,71,10,0.5625759416767923,0.0,0.6780072904009721,0.0,,,
a,cell_basis,Cycle-basis 2-cells,1,72,10,0.5625759416767923,0.0,0.6780072904009721,0.0,,,
a,cell_basis,Cycle-basis 2-cells,1,73,10,0.5625759416767923,0.0,0.6780072904009721,0.0,,,
a,cell_basis,Cycle-basis 2-cells,1,74,10,0.5625759416767923,0.0,0.6780072904009721,0.0,,,
a,cell_basis,Cycle-basis 2-cells,1,75,10,0.5625759416767923,0.0,0.6780072904009721,0.0,,,
a,cell_basis,Cycle-basis 2-cells,1,76,10,0.5625759416767923,0.0,0.6780072904009721,0.0,,,
a,cell_basis,Cycle-basis 2-cells,1,77,10,0.5625759416767923,0.0,0.6780072904009721,0.0,,,
a,cell_basis,Cycle-basis 2-cells,1,78,10,0.5625759416767923,0.0,0.6780072904009721,0.0,,,
a,cell_basis,Cycle-basis 2-cells,1,79,10,0.5625759416767923,0.0,0.6780072904009721,0.0,,,
a,cell_basis,Cycle-basis 2-cells,1,80,10,0.5625759416767923,0.0,0.6780072904009721,0.0,,,
a,cell_basis,Cycle-basis 2-cells,1,81,10,0.5625759416767923,0.0,0.6780072904009721,0.0,,,
a,cell_basis,Cycle-basis 2-cells,1,82,10,0.5625759416767923,0.0,0.6780072904009721,0.0,,,
a,cell_basis,Cycle-basis 2-cells,1,83,10,0.5625759416767923,0.0,0.6780072904009721,0.0,,,
a,cell_basis,Cycle-basis 2-cells,1,84,10,0.5625759416767923,0.0,0.6780072904009721,0.0,,,
a,cell_basis,Cycle-basis 2-cells,1,85,10,0.5625759416767923,0.0,0.6780072904009721,0.0,,,
a,cell_basis,Cycle-basis 2-cells,1,86,10,0.5625759416767923,0.0,0.6780072904009721,0.0,,,
a,cell_basis,Cycle-basis 2-cells,1,87,10,0.5625759416767923,0.0,0.6780072904009721,0.0,,,
a,cell_basis,Cycle-basis 2-cells,1,88,10,0.5625759416767923,0.0,0.6780072904009721,0.0,,,
a,cell_basis,Cycle-basis 2-cells,1,89,10,0.5625759416767923,0.0,0.6780072904009721,0.0,,,
a,cell_basis,Cycle-basis 2-cells,1,90,10,0.5625759416767923,0.0,0.6780072904009721,0.0,,,
a,cell_basis,Cycle-basis 2-cells,1,91,10,0.5625759416767923,0.0,0.6780072904009721,0.0,,,
a,cell_basis,Cycle-basis 2-cells,1,92,10,0.5625759416767923,0.0,0.6780072904009721,0.0,,,
a,cell_basis,Cycle-basis 2-cells,1,93,10,0.5625759416767923,0.0,0.6780072904009721,0.0,,,
a,cell_basis,Cycle-basis 2-cells,1,94,10,0.5625759416767923,0.0,0.6780072904009721,0.0,,,
a,cell_basis,Cycle-basis 2-cells,1,95,10,0.5625759416767923,0.0,0.6780072904009721,0.0,,,
a,cell_basis,Cycle-basis 2-cells,1,96,10,0.5625759416767923,0.0,0.6780072904009721,0.0,,,
a,cell_basis,Cycle-basis 2-cells,1,97,10,0.5625759416767923,0.0,0.6780072904009721,0.0,,,
a,cell_basis,Cycle-basis 2-cells,1,98,10,0.5625759416767923,0.0,0.6780072904009721,0.0,,,
a,cell_basis,Cycle-basis 2-cells,1,99,10,0.5625759416767923,0.0,0.6780072904009721,0.0,,,
a,cell_basis,Cycle-basis 2-cells,1,100,10,0.5625759416767923,0.0,0.6780072904009721,0.0,,,
a,cell_basis,Cycle-basis 2-cells,1,101,10,0.5625759416767923,0.0,0.6780072904009721,0.0,,,
a,cell_basis,Cycle-basis 2-cells,1,102,10,0.5625759416767923,0.0,0.6780072904009721,0.0,,,
a,cell_basis,Cycle-basis 2-cells,1,103,10,0.5625759416767923,0.0,0.6780072904009721,0.0,,,
a,cell_basis,Cycle-basis 2-cells,1,104,10,0.5625759416767923,0.0,0.6780072904009721,0.0,,,
a,cell_basis,Cycle-basis 2-cells,1,105,10,0.5625759416767923,0.0,0.6780072904009721,0.0,,,
a,cell_basis,Cycle-basis 2-cells,1,106,10,0.5625759416767923,0.0,0.6780072904009721,0.0,,,
a,cell_basis,Cycle-basis 2-cells,1,107,10,0.5625759416767923,0.0,0.6780072904009721,0.0,,,
a,cell_basis,Cycle-basis 2-cells,1,108,10,0.5625759416767923,0.0,0.6780072904009721,0.0,,,
a,cell_basis,Cycle-basis 2-cells,1,109,10,0.5625759416767923,0.0,0.6780072904009721,0.0,,,
a,cell_basis,Cycle-basis 2-cells,1,110,10,0.5625759416767923,0.0,0.6780072904009721,0.0,,,
a,cell_basis,Cycle-basis 2-cells,1,111,10,0.5625759416767923,0.0,0.6780072904009721,0.0,,,
a,cell_basis,Cycle-basis 2-cells,1,112,10,0.5625759416767923,0.0,0.6780072904009721,0.0,,,
a,cell_basis,Cycle-basis 2-cells,1,113,10,0.5625759416767923,0.0,0.6780072904009721,0.0,,,
a,cell_basis,Cycle-basis 2-cells,1,114,10,0.5625759416767923,0.0,0.6780072904009721,0.0,,,
a,cell_basis,Cycle-basis 2-cells,1,115,10,0.5625759416767923,0.0,0.6780072904009721,0.0,,,
a,cell_basis,Cycle-basis 2-cells,1,116,10,0.5625759416767923,0.0,0.6780072904009721,0.0,,,
a,cell_basis,Cycle-basis 2-cells,1,117,10,0.5625759416767923,0.0,0.6780072904009721,0.0,,,
a,cell_basis,Cycle-basis 2-cells,1,118,10,0.5625759416767923,0.0,0.6780072904009721,0.0,,,
a,cell_basis,Cycle-basis 2-cells,1,119,10,0.5625759416767923,0.0,0.6780072904009721,0.0,,,
a,cell_basis,Cycle-basis 2-cells,1,120,10,0.5625759416767923,0.0,0.6780072904009721,0.0,,,
a,cell_basis,Cycle-basis 2-cells,1,121,10,0.5625759416767923,0.0,0.6780072904009721,0.0,,,
a,cell_basis,Cycle-basis 2-cells,1,122,10,0.5625759416767923,0.0,0.6780072904009721,0.0,,,
a,cell_basis,Cycle-basis 2-cells,1,123,10,0.5625759416767923,0.0,0.6780072904009721,0.0,,,
a,cell_basis,Cycle-basis 2-cells,1,124,10,0.5625759416767923,0.0,0.6780072904009721,0.0,,,
a,cell_basis,Cycle-basis 2-cells,1,125,10,0.5625759416767923,0.0,0.6780072904009721,0.0,,,
a,cell_basis,Cycle-basis 2-cells,1,126,10,0.5625759416767923,0.0,0.6780072904009721,0.0,,,
a,cell_basis,Cycle-basis 2-cells,1,127,10,0.5625759416767923,0.0,0.6780072904009721,0.0,,,
a,cell_basis,Cycle-basis 2-cells,1,128,10,0.5625759416767923,0.0,0.6780072904009721,0.0,,,
a,cell_basis,Cycle-basis 2-cells,1,129,10,0.5625759416767923,0.0,0.6780072904009721,0.0,,,
a,cell_basis,Cycle-basis 2-cells,1,130,10,0.5625759416767923,0.0,0.6780072904009721,0.0,,,
a,cell_basis,Cycle-basis 2-cells,1,131,10,0.5625759416767923,0.0,0.6780072904009721,0.0,,,
a,cell_basis,Cycle-basis 2-cells,1,132,10,0.5625759416767923,0.0,0.6780072904009721,0.0,,,
a,cell_basis,Cycle-basis 2-cells,1,133,10,0.5625759416767923,0.0,0.6780072904009721,0.0,,,
a,cell_basis,Cycle-basis 2-cells,1,134,10,0.5625759416767923,0.0,0.6780072904009721,0.0,,,
a,cell_basis,Cycle-basis 2-cells,1,135,10,0.5625759416767923,0.0,0.6780072904009721,0.0,,,
a,cell_basis,Cycle-basis 2-cells,1,136,10,0.5625759416767923,0.0,0.6780072904009721,0.0,,,
a,cell_basis,Cycle-basis 2-cells,1,137,10,0.5625759416767923,0.0,0.6780072904009721,0.0,,,
a,cell_basis,Cycle-basis 2-cells,1,138,10,0.5625759416767923,0.0,0.6780072904009721,0.0,,,
a,cell_basis,Cycle-basis 2-cells,1,139,10,0.5625759416767923,0.0,0.6780072904009721,0.0,,,
a,cell_basis,Cycle-basis 2-cells,1,140,10,0.5625759416767923,0.0,0.6780072904009721,0.0,,,
a,cell_basis,Cycle-basis 2-cells,1,141,10,0.5625759416767923,0.0,0.6780072904009721,0.0,,,
a,cell_basis,Cycle-basis 2-cells,1,142,10,0.5625759416767923,0.0,0.6780072904009721,0.0,,,
a,cell_basis,Cycle-basis 2-cells,1,143,10,0.5625759416767923,0.0,0.6780072904009721,0.0,,,
a,cell_basis,Cycle-basis 2-cells,1,144,10,0.5625759416767923,0.0,0.6780072904009721,0.0,,,
a,cell_basis,Cycle-basis 2-cells,1,145,10,0.5625759416767923,0.0,0.6780072904009721,0.0,,,
a,cell_basis,Cycle-basis 2-cells,1,146,10,0.5625759416767923,0.0,0.6780072904009721,0.0,,,
a,cell_basis,Cycle-basis 2-cells,1,147,10,0.5625759416767923,0.0,0.6780072904009721,0.0,,,
a,cell_basis,Cycle-basis 2-cells,1,148,10,0.5625759416767923,0.0,0.6780072904009721,0.0,,,
a,cell_basis,Cycle-basis 2-cells,1,149,10,0.5625759416767923,0.0,0.6780072904009721,0.0,,,
a,cell_basis,Cycle-basis 2-cells,1,150,10,0.5625759416767923,0.0,0.6780072904009721,0.0,,,
a,cell_basis,Cycle-basis 2-cells,1,151,10,0.5625759416767923,0.0,0.6780072904009721,0.0,,,
a,cell_basis,Cycle-basis 2-cells,1,152,10,0.5625759416767923,0.0,0.6780072904009721,0.0,,,
a,cell_basis,Cycle-basis 2-cells,1,153,10,0.5625759416767923,0.0,0.6780072904009721,0.0,,,
a,cell_basis,Cycle-basis 2-cells,1,154,10,0.5625759416767923,0.0,0.6780072904009721,0.0,,,
a,cell_basis,Cycle-basis 2-cells,1,155,10,0.5625759416767923,0.0,0.6780072904009721,0.0,,,
a,cell_basis,Cycle-basis 2-cells,1,156,10,0.5625759416767923,0.0,0.6780072904009721,0.0,,,
a,cell_basis,Cycle-basis 2-cells,1,157,10,0.5625759416767923,0.0,0.6780072904009721,0.0,,,
a,cell_basis,Cycle-basis 2-cells,1,158,10,0.5625759416767923,0.0,0.6780072904009721,0.0,,,
a,cell_basis,Cycle-basis 2-cells,1,159,10,0.5625759416767923,0.0,0.6780072904009721,0.0,,,
a,cell_basis,Cycle-basis 2-cells,1,160,10,0.5625759416767923,0.0,0.6780072904009721,0.0,,,
a,cell_basis,Cycle-basis 2-cells,1,161,10,0.5625759416767923,0.0,0.6780072904009721,0.0,,,
a,cell_basis,Cycle-basis 2-cells,1,162,10,0.5625759416767923,0.0,0.6780072904009721,0.0,,,
a,cell_basis,Cycle-basis 2-cells,1,163,10,0.5625759416767923,0.0,0.6780072904009721,0.0,,,
a,cell_basis,Cycle-basis 2-cells,1,164,10,0.5625759416767923,0.0,0.6780072904009721,0.0,,,
a,cell_basis,Cycle-basis 2-cells,1,165,10,0.5625759416767923,0.0,0.6780072904009721,0.0,,,
a,cell_basis,Cycle-basis 2-cells,1,166,10,0.5625759416767923,0.0,0.6780072904009721,0.0,,,
a,cell_basis,Cycle-basis 2-cells,1,167,10,0.5625759416767923,0.0,0.6780072904009721,0.0,,,
a,cell_basis,Cycle-basis 2-cells,1,168,10,0.5625759416767923,0.0,0.6780072904009721,0.0,,,
a,cell_basis,Cycle-basis 2-cells,1,169,10,0.5625759416767923,0.0,0.6780072904009721,0.0,,,
a,cell_basis,Cycle-basis 2-cells,1,170,10,0.5625759416767923,0.0,0.6780072904009721,0.0,,,
a,cell_basis,Cycle-basis 2-cells,1,171,10,0.5625759416767923,0.0,0.6780072904009721,0.0,,,
a,cell_basis,Cycle-basis 2-cells,1,172,10,0.5625759416767923,0.0,0.6780072904009721,0.0,,,
a,cell_basis,Cycle-basis 2-cells,1,173,10,0.5625759416767923,0.0,0.6780072904009721,0.0,,,
a,cell_basis,Cycle-basis 2-cells,1,174,10,0.5625759416767923,0.0,0.6780072904009721,0.0,,,
a,cell_basis,Cycle-basis 2-cells,1,175,10,0.5625759416767923,0.0,0.6780072904009721,0.0,,,
a,cell_basis,Cycle-basis 2-cells,1,176,10,0.5625759416767923,0.0,0.6780072904009721,0.0,,,
a,cell_basis,Cycle-basis 2-cells,1,177,10,0.5625759416767923,0.0,0.6780072904009721,0.0,,,
a,cell_basis,Cycle-basis 2-cells,1,178,10,0.5625759416767923,0.0,0.6780072904009721,0.0,,,
a,cell_basis,Cycle-basis 2-cells,1,179,10,0.5625759416767923,0.0,0.6780072904009721,0.0,,,
a,cell_basis,Cycle-basis 2-cells,1,180,10,0.5625759416767923,0.0,0.6780072904009721,0.0,,,
a,cell_basis,Cycle-basis 2-cells,1,181,10,0.5625759416767923,0.0,0.6780072904009721,0.0,,,
a,cell_basis,Cycle-basis 2-cells,1,182,10,0.5625759416767923,0.0,0.6780072904009721,0.0,,,
a,cell_basis,Cycle-basis 2-cells,1,183,10,0.5625759416767923,0.0,0.6780072904009721,0.0,,,
a,cell_basis,Cycle-basis 2-cells,1,184,10,0.5625759416767923,0.0,0.6780072904009721,0.0,,,
a,cell_basis,Cycle-basis 2-cells,1,185,10,0.5625759416767923,0.0,0.6780072904009721,0.0,,,
a,cell_basis,Cycle-basis 2-cells,1,186,10,0.5625759416767923,0.0,0.6780072904009721,0.0,,,
a,cell_basis,Cycle-basis 2-cells,1,187,10,0.5625759416767923,0.0,0.6780072904009721,0.0,,,
a,cell_basis,Cycle-basis 2-cells,1,188,10,0.5625759416767923,0.0,0.6780072904009721,0.0,,,
a,cell_basis,Cycle-basis 2-cells,1,189,10,0.5625759416767923,0.0,0.6780072904009721,0.0,,,
a,cell_basis,Cycle-basis 2-cells,1,190,10,0.5625759416767923,0.0,0.6780072904009721,0.0,,,
a,cell_basis,Cycle-basis 2-cells,1,191,10,0.5625759416767923,0.0,0.6780072904009721,0.0,,,
a,cell_basis,Cycle-basis 2-cells,1,192,10,0.5625759416767923,0.0,0.6780072904009721,0.0,,,
a,cell_basis,Cycle-basis 2-cells,1,193,10,0.5625759416767923,0.0,0.6780072904009721,0.0,,,
a,cell_basis,Cycle-basis 2-cells,1,194,10,0.5625759416767923,0.0,0.6780072904009721,0.0,,,
a,cell_basis,Cycle-basis 2-cells,1,195,10,0.5625759416767923,0.0,0.6780072904009721,0.0,,,
a,cell_basis,Cycle-basis 2-cells,1,196,10,0.5625759416767923,0.0,0.6780072904009721,0.0,,,
a,cell_basis,Cycle-basis 2-cells,1,197,10,0.5625759416767923,0.0,0.6780072904009721,0.0,,,
a,cell_basis,Cycle-basis 2-cells,1,198,10,0.5625759416767923,0.0,0.6780072904009721,0.0,,,
a,cell_basis,Cycle-basis 2-cells,1,199,10,0.5625759416767923,0.0,0.6780072904009721,0.0,,,
a,cell_basis,Cycle-basis 2-cells,1,200,10,0.5625759416767923,0.0,0.6780072904009721,0.0,,,
b,cell_basis,Cycle-basis 2-cells,1,,10,,,,,0.6780072904009721,0.0,
a,cell_basis,Cycle-basis 2-cells,2,1,10,0.5653098420413123,0.0035453911300144915,0.6812281818357145,0.0,,,
a,cell_basis,Cycle-basis 2-cells,2,2,10,0.579951397326853,0.007172440217473843,0.6843979480095921,1.587442073312496e-16,,,
a,cell_basis,Cycle-basis 2-cells,2,3,10,0.5876063183475091,0.008451292295353548,0.6875174004346701,3.510833468576701e-17,,,
a,cell_basis,Cycle-basis 2-cells,2,4,10,0.5965370595382746,0.00873595588678878,0.6905873377418923,3.236828524569469e-16,,,
a,cell_basis,Cycle-basis 2-cells,2,5,10,0.6039489671931956,0.007740324336360573,0.693608545885511,2.0571606802743646e-16,,,
a,cell_basis,Cycle-basis 2-cells,2,6,10,0.6070473876063184,0.007710330682407975,0.6965817983443179,4.135901568172935e-16,,,
a,cell_basis,Cycle-basis 2-cells,2,7,10,0.611786148238153,0.007858893443471932,0.6995078563196365,1.7199501139797033e-16,,,
a,cell_basis,Cycle-basis 2-cells,2,8,10,0.616767922235723,0.010692127829852469,0.7023874689302735,1.9894722988601306e-16,,,
a,cell_basis,Cycle-basis 2-cells,2,9,10,0.6215674362089916,0.011071452647742968,0.7052213734042341,0.0,,,
a,cell_basis,Cycle-basis 2-cells,2,10,10,0.6258809234507898,0.01039653605047552,0.7080102952674956,3.0269276043701823e-16,,,
a,cell_basis,Cycle-basis 2-cells,2,11,10,0.6311057108140947,0.01189414651630792,0.7107549485297557,2.8665835232995054e-16,,,
a,cell_basis,Cycle-basis 2-cells,2,12,10,0.6344471445929527,0.011895008479691358,0.7134560358672191,4.0132169326193074e-16,,,
a,cell_basis,Cycle-basis 2-cells,2,13,10,0.6381530984204131,0.012699240795850865,0.7161142488025009,4.35368516641099e-16,,,
a,cell_basis,Cycle-basis 2-cells,2,14,10,0.6404617253948967,0.012065313815121666,0.7187302678816567,1.770951698473618e-16,,,
a,cell_basis,Cycle-basis 2-cells,2,15,10,0.6441676792223572,0.012338397226931879,0.7213047628484542,3.015595001482202e-16,,,
a,cell_basis,Cycle-basis 2-cells,2,16,10,0.6472053462940461,0.013390412556338025,0.7238383928157788,3.503022928382184e-16,,,
a,cell_basis,Cycle-basis 2-cells,2,17,10,0.6518833535844472,0.015925154517081805,0.726331806434408,4.3300279445779315e-16,,,
a,cell_basis,Cycle-basis 2-cells,2,18,10,0.654374240583232,0.017163222180448065,0.7287856420590959,4.0691352531643863e-16,,,
a,cell_basis,Cycle-basis 2-cells,2,19,10,0.6561360874848117,0.01924814836323119,0.7312005279119724,1.3896279205500545e-16,,,
a,cell_basis,Cycle-basis 2-cells,2,20,10,0.6623329283110572,0.018582093633869805,0.7335770822433588,3.7812833677378426e-16,,,
a,cell_basis,Cycle-basis 2-cells,2,21,10,0.6654313487241799,0.018467527989642536,0.7359159134901263,3.95996838265572e-16,,,
a,cell_basis,Cycle-basis 2-cells,2,22,10,0.6682867557715675,0.018954003980231,0.7382176204313977,5.01447318807467e-16,,,
a,cell_basis,Cycle-basis 2-cells,2,23,10,0.6707168894289186,0.01835827972300992,0.7404827923418512,2.6788883808809444e-16,,,
a,cell_basis,Cycle-basis 2-cells,2,24,10,0.6738153098420413,0.017822015692141917,0.7427120091426127,4.77381556406593e-16,,,
a,cell_basis,Cycle-basis 2-cells,2,25,10,0.6758809234507898,0.017524528073396328,0.7449058415497101,2.7718543476901547e-16,,,
a,cell_basis,Cycle-basis 2-cells,2,26,10,0.6780680437424058,0.01696857248927439,0.7470648512201872,3.510833468576701e-17,,,
a,cell_basis,Cycle-basis 2-cells,2,27,10,0.6806804374240583,0.01618113416634591,0.7491895908958899,1.0725773414758065e-16,,,
a,cell_basis,Cycle-basis 2-cells,2,28,10,0.6840826245443499,0.015754273259438425,0.7512806045449995,1.0532500405730103e-16,,,
a,cell_basis,Cycle-basis 2-cells,2,29,10,0.6849939246658566,0.015616353308031364,0.75333842750127,5.520189450057573e-16,,,
a,cell_basis,Cycle-basis 2-cells,2,30,10,0.68681652490887,0.014917938694412143,0.7553635866010904,1.3896279205500545e-16,,,
a,cell_basis,Cycle-basis 2-cells,2,31,10,0.6886391251518834,0.015946385921280583,0.757356600318371,2.398355846665908e-16,,,
a,cell_basis,Cycle-basis 2-cells,2,32,10,0.6899149453219927,0.015817144077498416,0.7593179788972793,6.193633878163695e-16,,,
a,cell_basis,Cycle-basis 2-cells,2,33,10,0.6910692588092345,0.015866460120793055,0.7612482244828681,3.819124172567929e-16,,,
a,cell_basis,Cycle-basis 2-cells,2,34,10,0.6947144592952612,0.014824174956407636,0.7631478312496487,2.2692528917816504e-16,,,
a,cell_basis,Cycle-basis 2-cells,2,35,10,0.6968408262454435,0.01426230608477847,0.7650172855280638,2.1097483484280642e-16,,,
a,cell_basis,Cycle-basis 2-cells,2,36,10,0.6981773997569867,0.0142329461226512,0.7668570659290456,5.761761573342905e-16,,,
a,cell_basis,Cycle-basis 2-cells,2,37,10,0.7032199270959902,0.015297970714671408,0.7686676434665178,5.29736568900225e-16,,,
a,cell_basis,Cycle-basis 2-cells,2,38,10,0.7049817739975699,0.014025120831798509,0.7704494816779959,5.899175378116936e-16,,,
a,cell_basis,Cycle-basis 2-cells,2,39,10,0.7065006075334144,0.013676475427426442,0.7722030367432631,7.021666937153402e-17,,,
a,cell_basis,Cycle-basis 2-cells,2,40,10,0.7083232077764278,0.014409489309789823,0.7739287576011422,5.950031279090746e-16,,,
a,cell_basis,Cycle-basis 2-cells,2,41,10,0.7095382746051033,0.014973367344623909,0.7756270860644563,5.175751305185576e-16,,,
a,cell_basis,Cycle-basis 2-cells,2,42,10,0.7132442284325637,0.014748595752153202,0.7772984569331113,5.374366321030183e-16,,,
a,cell_basis,Cycle-basis 2-cells,2,43,10,0.7151883353584447,0.01666458729136688,0.7789432981054494,3.236828524569469e-16,,,
a,cell_basis,Cycle-basis 2-cells,2,44,10,0.716221142162819,0.016778997991490806,0.7805620306877384,5.720013449644549e-16,,,
a,cell_basis,Cycle-basis 2-cells,2,45,10,0.718955042527339,0.016377630525646662,0.7821550691020539,5.388363747253687e-16,,,
a,cell_basis,Cycle-basis 2-cells,2,46,10,0.7198055893074119,0.01598632723984377,0.7837228211923289,3.1073024937815986e-16,,,
a,cell_basis,Cycle-basis 2-cells,2,47,10,0.721445929526124,0.016214175396021355,0.785265688328804,1.1040378900115146e-16,,,
a,cell_basis,Cycle-basis 2-cells,2,48,10,0.7239368165249089,0.014950754231127142,0.7867840655107237,5.733167046599012e-17,,,
a,cell_basis,Cycle-basis 2-cells,2,49,10,0.7250911300121506,0.015168746649780183,0.7882783414675357,1.3291800990276768e-16,,,
a,cell_basis,Cycle-basis 2-cells,2,50,10,0.7258809234507898,0.015654517041036386,0.789748898758365,1.9014763953998932e-16,,,
a,cell_basis,Cycle-basis 2-cells,2,51,10,0.7287970838396112,0.015388714652721798,0.7911961138699679,1.770951698473618e-16,,,
a,cell_basis,Cycle-basis 2-cells,2,52,10,0.7318955042527339,0.017145531089812927,0.792620357313147,6.32383312035673e-16,,,
a,cell_basis,Cycle-basis 2-cells,2,53,10,0.7337788578371811,0.016436620381228288,0.7940219937175332,7.49343429207797e-17,,,
a,cell_basis,Cycle-basis 2-cells,2,54,10,0.7354191980558931,0.017475314939386654,0.7954013819250298,6.615952224608696e-16,,,
a,cell_basis,Cycle-basis 2-cells,2,55,10,0.7369987849331714,0.017632313476035087,0.7967588750816164,5.733167046599012e-17,,,
a,cell_basis,Cycle-basis 2-cells,2,56,10,0.7378493317132442,0.017775472105801927,0.7980948207277812,1.770951698473618e-16,,,
a,cell_basis,Cycle-basis 2-cells,2,57,10,0.7391859052247873,0.019721819362470385,0.7994095608874978,2.401209334702682e-16,,,
a,cell_basis,Cycle-basis 2-cells,2,58,10,0.7408869987849332,0.018118240447185824,0.80070343215578,5.885229317525363e-16,,,
a,cell_basis,Cycle-basis 2-cells,2,59,10,0.7418590522478736,0.017738981609287968,0.8019767657848972,1.1466334093198023e-16,,,
a,cell_basis,Cycle-basis 2-cells,2,60,10,0.7427095990279465,0.017533886342842916,0.8032298877690977,0.0,,,
a,cell_basis,Cycle-basis 2-cells,2,61,10,0.7444106925880923,0.016914348058033064,0.8044631189281535,9.721057689603553e-17,,,
a,cell_basis,Cycle-basis 2-cells,2,62,10,0.7447144592952613,0.01682622625699125,0.8056767749894457,2.2932668186396046e-16,,,
a,cell_basis,Cycle-basis 2-cells,2,63,10,0.7467800729040097,0.016190255723394758,0.806871166668822,5.737942696778685e-16,,,
a,cell_basis,Cycle-basis 2-cells,2,64,10,0.749453219927096,0.015778204078302258,0.8080465997501071,4.681111291435601e-17,,,
a,cell_basis,Cycle-basis 2-cells,2,65,10,0.7524301336573511,0.014092360002192642,0.8092033751634352,5.945425991033043e-16,,,
a,cell_basis,Cycle-basis 2-cells,2,66,10,0.7554070473876063,0.01291697256694141,0.8103417890622664,6.389545441230754e-16,,,
a,cell_basis,Cycle-basis 2-cells,2,67,10,0.7569866342648846,0.013298060072403415,0.8114621328992172,6.744090862870173e-16,,,
a,cell_basis,Cycle-basis 2-cells,2,68,10,0.7578371810449575,0.012151343305132827,0.8125646935006461,1.7358025238735565e-16,,,
a,cell_basis,Cycle-basis 2-cells,2,69,10,0.7592952612393682,0.011586752237141344,0.8136497531401614,6.180352303454554e-16,,,
a,cell_basis,Cycle-basis 2-cells,2,70,10,0.759902794653706,0.01169245368040768,0.8147175896107932,6.333571255663073e-16,,,
a,cell_basis,Cycle-basis 2-cells,2,71,10,0.7609356014580803,0.011574180359808466,0.8157684762961732,1.9617431058417877e-16,,,
a,cell_basis,Cycle-basis 2-cells,2,72,10,0.7616646415552856,0.011605319487029477,0.8168026822405124,1.0725773414758065e-16,,,
a,cell_basis,Cycle-basis 2-cells,2,73,10,0.7623936816524909,0.01163496545683866,0.8178204722174904,2.232747783547962e-16,,,
a,cell_basis,Cycle-basis 2-cells,2,74,10,0.7628189550425273,0.011384656747260616,0.8188221067979999,6.511626037759646e-16,,,
a,cell_basis,Cycle-basis 2-cells,2,75,10,0.763487241798299,0.011376909201553377,0.8198078424169111,6.419483234396817e-16,,,
a,cell_basis,Cycle-basis 2-cells,2,76,10,0.7645200486026732,0.01108533465616453,0.8207779314387118,5.85606835463788e-16,,,
a,cell_basis,Cycle-basis 2-cells,2,77,10,0.7647023086269745,0.011029144045620892,0.8217326222220599,5.851389114294502e-17,,,
a,cell_basis,Cycle-basis 2-cells,2,78,10,0.7652490886998785,0.010708991186252357,0.8226721591834572,2.220446049250313e-16,,,
a,cell_basis,Cycle-basis 2-cells,2,79,10,0.765370595382746,0.010653702751096096,0.8235967828597378,1.9193983409904102e-16,,,
a,cell_basis,Cycle-basis 2-cells,2,80,10,0.7665249088699879,0.011140137523506346,0.8245067299697437,5.617333549722722e-16,,,
a,cell_basis,Cycle-basis 2-cells,2,81,10,0.767861482381531,0.011951417476378534,0.8254022334748257,5.968416896580392e-16,,,
a,cell_basis,Cycle-basis 2-cells,2,82,10,0.7690157958687728,0.011664360286424839,0.8262835226385569,1.9442115379207106e-16,,,
a,cell_basis,Cycle-basis 2-cells,2,83,10,0.7709599027946538,0.013036433324772058,0.8271508230853988,0.0,,,
a,cell_basis,Cycle-basis 2-cells,2,84,10,0.7715066828675577,0.0130252607431753,0.8280043568584828,6.65722494072229e-16,,,
a,cell_basis,Cycle-basis 2-cells,2,85,10,0.7727217496962333,0.014043384522962906,0.8288443424764367,6.107908559898144e-16,,,
a,cell_basis,Cycle-basis 2-cells,2,86,10,0.7732685297691373,0.014003465823961794,0.8296709949893492,8.191944760012302e-17,,,
a,cell_basis,Cycle-basis 2-cells,2,87,10,0.7743013365735115,0.014665637946485035,0.8304845260338052,3.510833468576701e-17,,,
a,cell_basis,Cycle-basis 2-cells,2,88,10,0.7764277035236937,0.014436643921119182,0.8312851438870756,6.319500243438062e-16,,,
a,cell_basis,Cycle-basis 2-cells,2,89,10,0.7774605103280681,0.014210597754277144,0.8320730535204481,6.371300292287117e-16,,,
a,cell_basis,Cycle-basis 2-cells,2,90,10,0.7783718104495747,0.014195438547038279,0.8328484566517114,1.0532500405730103e-16,,,
a,cell_basis,Cycle-basis 2-cells,2,91,10,0.7786148238153099,0.014132898169341046,0.8336115517967588,6.062897566593623e-16,,,
a,cell_basis,Cycle-basis 2-cells,2,92,10,0.7790400972053464,0.013657270678119955,0.8343625343204589,7.762744877793948e-17,,,
a,cell_basis,Cycle-basis 2-cells,2,93,10,0.7792831105710813,0.01351843379826033,0.8351015964866395,6.237701555044711e-16,,,
a,cell_basis,Cycle-basis 2-cells,2,94,10,0.7798298906439853,0.013531017761969773,0.835828927507326,2.1862593939276816e-16,,,
a,cell_basis,Cycle-basis 2-cells,2,95,10,0.7804374240583232,0.012811770762278683,0.8365447135911677,7.670454735394362e-16,,,
a,cell_basis,Cycle-basis 2-cells,2,96,10,0.7809234507897934,0.012802164094356127,0.8372491379911523,6.599370864641318e-16,,,
a,cell_basis,Cycle-basis 2-cells,2,97,10,0.7813487241798299,0.012802964925334708,0.8379423810514425,6.12582035365918e-16,,,
a,cell_basis,Cycle-basis 2-cells,2,98,10,0.7825030376670716,0.013158549813481732,0.8386246202536368,1.60886601221371e-16,,,
a,cell_basis,Cycle-basis 2-cells,2,99,10,0.7836573511543135,0.013265484334576345,0.8392960302621487,5.733167046599012e-17,,,
a,cell_basis,Cycle-basis 2-cells,2,100,10,0.784325637910085,0.01333501630875197,0.8399567829689409,1.1466334093198023e-16,,,
a,cell_basis,Cycle-basis 2-cells,2,101,10,0.7854799513973268,0.012419233924412213,0.840607047537526,6.215706770213032e-16,,,
a,cell_basis,Cycle-basis 2-cells,2,102,10,0.7862697448359659,0.011997139951462565,0.8412469904462899,6.483170143248365e-16,,,
a,cell_basis,Cycle-basis 2-cells,2,103,10,0.7865127582017011,0.012185046546500728,0.8418767755311112,6.448220184362827e-16,,,
a,cell_basis,Cycle-basis 2-cells,2,104,10,0.7866342648845686,0.012274246690887508,0.8424965640272737,2.1705420125865487e-16,,,
a,cell_basis,Cycle-basis 2-cells,2,105,10,0.7868772782503037,0.012061914273250578,0.8431065146108118,2.232747783547962e-16,,,
a,cell_basis,Cycle-basis 2-cells,2,106,10,0.7869987849331713,0.012171576448920333,0.8437067834390442,7.021666937153402e-17,,,
a,cell_basis,Cycle-basis 2-cells,2,107,10,0.7875455650060753,0.012164330108121681,0.8442975241906421,6.698243350643887e-16,,,
a,cell_basis,Cycle-basis 2-cells,2,108,10,0.7880315917375456,0.012313110190421143,0.844878888104922,1.0202245531417481e-16,,,
a,cell_basis,Cycle-basis 2-cells,2,109,10,0.7886391251518834,0.011592590862977797,0.8454510240205524,6.495832596998485e-16,,,
a,cell_basis,Cycle-basis 2-cells,2,110,10,0.7896719319562575,0.010435908061593406,0.846014078413712,5.671925051606764e-16,,,
a,cell_basis,Cycle-basis 2-cells,2,111,10,0.7902187120291616,0.010719899885972375,0.8465681954355595,5.916561726981507e-16,,,
a,cell_basis,Cycle-basis 2-cells,2,112,10,0.7903402187120292,0.010774848652477157,0.8471135169491182,2.465928387256741e-16,,,
a,cell_basis,Cycle-basis 2-cells,2,113,10,0.7908262454434994,0.010565765125181314,0.847650182565635,0.0,,,
a,cell_basis,Cycle-basis 2-cells,2,114,10,0.7910085054678008,0.010750270911289585,0.8481783296802974,6.864854097929496e-16,,,
a,cell_basis,Cycle-basis 2-cells,2,115,10,0.7916160388821385,0.011286249326118077,0.8486980935074323,2.386907782032965e-16,,,
a,cell_basis,Cycle-basis 2-cells,2,116,10,0.7921628189550425,0.011754197247531838,0.8492096071151003,6.477886815711839e-16,,,
a,cell_basis,Cycle-basis 2-cells,2,117,10,0.7924665856622115,0.011864456846445739,0.849713001459139,6.747136286761164e-16,,,
a,cell_basis,Cycle-basis 2-cells,2,118,10,0.792588092345079,0.011774242085419814,0.8502084054167692,5.60757275425174e-16,,,
a,cell_basis,Cycle-basis 2-cells,2,119,10,0.7927703523693803,0.011861864108123314,0.8506959458195166,1.0532500405730103e-16,,,
a,cell_basis,Cycle-basis 2-cells,2,120,10,0.7928918590522478,0.011823771960600037,0.8511757474857078,6.268364598597971e-16,,,
a,cell_basis,Cycle-basis 2-cells,2,121,10,0.7931956257594168,0.011531404583130312,0.8516479332524373,6.362696236650299e-16,,,
a,cell_basis,Cycle-basis 2-cells,2,122,10,0.7934386391251518,0.011615739489428914,0.8521126240070004,6.262900065610383e-16,,,
a,cell_basis,Cycle-basis 2-cells,2,123,10,0.794228432563791,0.01178416471473949,0.8525699387178343,6.130290124668822e-16,,,
a,cell_basis,Cycle-basis 2-cells,2,124,10,0.7942891859052248,0.011746344304042708,0.8530199944650125,6.240994087105632e-16,,,
a,cell_basis,Cycle-basis 2-cells,2,125,10,0.7944714459295261,0.01173883547190947,0.8534629064701637,2.366740426650598e-16,,,
a,cell_basis,Cycle-basis 2-cells,2,126,10,0.7949574726609964,0.011602492110677357,0.8538987881260326,7.762744877793948e-17,,,
a,cell_basis,Cycle-basis 2-cells,2,127,10,0.795321992709599,0.011214985648402228,0.8543277510254615,5.903816744199307e-16,,,
a,cell_basis,Cycle-basis 2-cells,2,128,10,0.7955650060753341,0.011495963531377027,0.8547499049899694,6.031190002964404e-16,,,
a,cell_basis,Cycle-basis 2-cells,2,129,10,0.7957472660996354,0.011678415431042062,0.8551653580979004,2.512693045744634e-16,,,
a,cell_basis,Cycle-basis 2-cells,2,130,10,0.7959295261239367,0.011428699527894994,0.8555742167120621,5.720013449644549e-16,,,
a,cell_basis,Cycle-basis 2-cells,2,131,10,0.7962332928311058,0.011232341934072977,0.8559765855069459,5.647727308795045e-16,,,
a,cell_basis,Cycle-basis 2-cells,2,132,10,0.7965978128797084,0.01119064162466899,0.8563725674955606,6.561909611028909e-16,,,
a,cell_basis,Cycle-basis 2-cells,2,133,10,0.7966585662211422,0.011088478828629442,0.8567622640557875,6.058378074674761e-16,,,
a,cell_basis,Cycle-basis 2-cells,2,134,10,0.7973268529769137,0.011225037295247438,0.8571457749563329,6.2977911437486275e-16,,,
a,cell_basis,Cycle-basis 2-cells,2,135,10,0.7974483596597813,0.011195771081204784,0.8575231983822613,6.12582035365918e-16,,,
a,cell_basis,Cycle-basis 2-cells,2,136,10,0.797812879708384,0.010634438146800018,0.8578946309601557,5.829111427325427e-16,,,
a,cell_basis,Cycle-basis 2-cells,2,137,10,0.7981773997569866,0.010821752597521434,0.8582601677828461,6.171482040823093e-16,,,
a,cell_basis,Cycle-basis 2-cells,2,138,10,0.7985419198055893,0.010346714003495693,0.8586199024337556,6.355158132343884e-16,,,
a,cell_basis,Cycle-basis 2-cells,2,139,10,0.7985419198055893,0.010346714003495693,0.8589739270108374,1.8906416838689213e-16,,,
a,cell_basis,Cycle-basis 2-cells,2,140,10,0.7985419198055893,0.010346714003495693,0.8593223321501771,2.0438023527630727e-16,,,
a,cell_basis,Cycle-basis 2-cells,2,141,10,0.7988456865127581,0.010551782560348182,0.8596652070492251,1.1702778228589004e-16,,,
a,cell_basis,Cycle-basis 2-cells,2,142,10,0.7988456865127581,0.010551782560348182,0.8600026394895466,5.032194638293272e-16,,,
a,cell_basis,Cycle-basis 2-cells,2,143,10,0.7990886998784933,0.010440819123645398,0.860334715859398,1.9442115379207106e-16,,,
a,cell_basis,Cycle-basis 2-cells,2,144,10,0.7992102065613609,0.010527657942948585,0.8606615211757488,5.851389114294502e-17,,,
a,cell_basis,Cycle-basis 2-cells,2,145,10,0.7998177399756987,0.010480807387710959,0.8609831391061358,1.9894722988601306e-16,,,
a,cell_basis,Cycle-basis 2-cells,2,146,10,0.7999392466585662,0.010302424505838573,0.8612996519900028,6.113511632867871e-16,,,
a,cell_basis,Cycle-basis 2-cells,2,147,10,0.8,0.010201416924378212,0.8616111408598328,9.140161986704471e-17,,,
a,cell_basis,Cycle-basis 2-cells,2,148,10,0.800303766707169,0.010150031175221527,0.8619176854619013,5.3628867073790325e-17,,,
a,cell_basis,Cycle-basis 2-cells,2,149,10,0.8009113001215067,0.00976284332450097,0.8622193642766263,5.518948818633869e-16,,,
a,cell_basis,Cycle-basis 2-cells,2,150,10,0.8009720534629405,0.009683336412972761,0.8625162545387479,6.165931646642558e-16,,,
a,cell_basis,Cycle-basis 2-cells,2,151,10,0.8011543134872419,0.009788015064938807,0.8628084322570091,1.199177923332954e-16,,,
a,cell_basis,Cycle-basis 2-cells,2,152,10,0.8012150668286756,0.009744974002517707,0.8630959722337194,2.080331362368544e-16,,,
a,cell_basis,Cycle-basis 2-cells,2,153,10,0.8018226002430133,0.009677405331794118,0.8633789480838165,1.975656351854947e-16,,,
a,cell_basis,Cycle-basis 2-cells,2,154,10,0.8029161603888214,0.008306413450266633,0.8636574322537527,6.018687758287804e-16,,,
a,cell_basis,Cycle-basis 2-cells,2,155,10,0.8029161603888214,0.008306413450266633,0.8639314960400414,5.851389114294502e-17,,,
a,cell_basis,Cycle-basis 2-cells,2,156,10,0.803584447144593,0.008186310808147277,0.8642012096075031,2.3434795139979835e-16,,,
a,cell_basis,Cycle-basis 2-cells,2,157,10,0.803827460510328,0.008148148322133205,0.864466642007215,6.174809882553651e-16,,,
a,cell_basis,Cycle-basis 2-cells,2,158,10,0.804678007290401,0.007989571301976053,0.8647278611942383,9.140161986704471e-17,,,
a,cell_basis,Cycle-basis 2-cells,2,159,10,0.8050425273390036,0.0079494327921449,0.8649849340449712,2.352229312377619e-16,,,
a,cell_basis,Cycle-basis 2-cells,2,160,10,0.8053462940461724,0.008241979411477508,0.8652379263742429,2.352229312377619e-16,,,
a,cell_basis,Cycle-basis 2-cells,2,161,10,0.805528554070474,0.008356866937345204,0.8654869029522774,5.767700923000835e-16,,,
a,cell_basis,Cycle-basis 2-cells,2,162,10,0.8057715674362089,0.00835490373371505,0.8657319275211272,7.401486830834377e-17,,,
a,cell_basis,Cycle-basis 2-cells,2,163,10,0.806075334143378,0.007842176820568687,0.8659730628111033,4.944337241810607e-16,,,
a,cell_basis,Cycle-basis 2-cells,2,164,10,0.8063183475091129,0.007987261101554517,0.8662103705567994,1.2218059171227445e-16,,,
a,cell_basis,Cycle-basis 2-cells,2,165,10,0.8064398541919806,0.0081770376562462,0.8664439115128773,1.8280323973408943e-16,,,
a,cell_basis,Cycle-basis 2-cells,2,166,10,0.8064398541919806,0.0081770376562462,0.866673745469648,7.021666937153402e-17,,,
a,cell_basis,Cycle-basis 2-cells,2,167,10,0.8065613608748482,0.008202076105612828,0.866899931268384,3.510833468576701e-17,,,
a,cell_basis,Cycle-basis 2-cells,2,168,10,0.8078979343863912,0.007667661120258737,0.8671225268163436,5.832634613762132e-16,,,
a,cell_basis,Cycle-basis 2-cells,2,169,10,0.8079586877278251,0.007724413004604176,0.8673415891016314,2.0571606802743646e-16,,,
a,cell_basis,Cycle-basis 2-cells,2,170,10,0.8084447144592952,0.0074134014390190225,0.8675571742077925,6.224514010578348e-16,,,
a,cell_basis,Cycle-basis 2-cells,2,171,10,0.8085662211421628,0.0074761999871732696,0.867769337328147,5.823234713030388e-16,,,
a,cell_basis,Cycle-basis 2-cells,2,172,10,0.8092952612393681,0.006533613180086428,0.8679781327799164,4.681111291435601e-17,,,
a,cell_basis,Cycle-basis 2-cells,2,173,10,0.8092952612393681,0.006533613180086428,0.8681836140181701,5.469092794022609e-16,,,
a,cell_basis,Cycle-basis 2-cells,2,174,10,0.809356014580802,0.0065546070275874484,0.8683858336494701,2.409749525270948e-16,,,
a,cell_basis,Cycle-basis 2-cells,2,175,10,0.809356014580802,0.0065546070275874484,0.8685848434453449,5.832634613762132e-16,,,
a,cell_basis,Cycle-basis 2-cells,2,176,10,0.8095382746051033,0.0065761575055202585,0.8687806943555749,5.490336922328614e-16,,,
a,cell_basis,Cycle-basis 2-cells,2,177,10,0.8096597812879708,0.006493316829281891,0.8689734365211997,2.2235278634319104e-16,,,
a,cell_basis,Cycle-basis 2-cells,2,178,10,0.8100850546780073,0.00666258566706462,0.8691631192873623,5.68639427167739e-16,,,
a,cell_basis,Cycle-basis 2-cells,2,179,10,0.8102065613608749,0.006594528870788452,0.8693497912159796,5.922345834069146e-16,,,
a,cell_basis,Cycle-basis 2-cells,2,180,10,0.8102065613608749,0.006594528870788452,0.8695335000980977,0.0,,,
a,cell_basis,Cycle-basis 2-cells,2,181,10,0.8102065613608749,0.006594528870788452,0.8697142929662149,5.939664359685442e-16,,,
a,cell_basis,Cycle-basis 2-cells,2,182,10,0.8108748481166463,0.005486893446559325,0.8698922161062826,2.352229312377619e-16,,,
a,cell_basis,Cycle-basis 2-cells,2,183,10,0.8110571081409479,0.005655828288282278,0.8700673150695115,9.140161986704471e-17,,,
a,cell_basis,Cycle-basis 2-cells,2,184,10,0.8110571081409479,0.005655828288282278,0.8702396346841106,5.464082171995862e-16,,,
a,cell_basis,Cycle-basis 2-cells,2,185,10,0.8110571081409479,0.005655828288282278,0.8704092190667467,5.710428166915377e-16,,,
a,cell_basis,Cycle-basis 2-cells,2,186,10,0.8111178614823815,0.005709593152434147,0.8705761116337725,1.3031662313448182e-16,,,
a,cell_basis,Cycle-basis 2-cells,2,187,10,0.8111178614823815,0.005709593152434147,0.8707403551124479,6.152590271515499e-16,,,
a,cell_basis,Cycle-basis 2-cells,2,188,10,0.8111178614823815,0.005709593152434147,0.8709019915517622,2.2480302876233914e-16,,,
a,cell_basis,Cycle-basis 2-cells,2,189,10,0.8111786148238153,0.005776361761363166,0.8710610623333246,6.040266291023252e-16,,,
a,cell_basis,Cycle-basis 2-cells,2,190,10,0.8111786148238153,0.005776361761363166,0.871217608181832,2.352229312377619e-16,,,
a,cell_basis,Cycle-basis 2-cells,2,191,10,0.8111786148238153,0.005776361761363166,0.8713716691756114,9.362222582871203e-17,,,
a,cell_basis,Cycle-basis 2-cells,2,192,10,0.8111786148238153,0.005776361761363166,0.8715232847567893,6.180352303454554e-16,,,
a,cell_basis,Cycle-basis 2-cells,2,193,10,0.8111786148238153,0.005776361761363166,0.8716724937414497,6.319500243438062e-16,,,
a,cell_basis,Cycle-basis 2-cells,2,194,10,0.8116646415552855,0.0059387923445180886,0.8718193343295122,0.0,,,
a,cell_basis,Cycle-basis 2-cells,2,195,10,0.8116646415552855,0.0059387923445180886,0.8719638441145916,2.1862593939276816e-16,,,
a,cell_basis,Cycle-basis 2-cells,2,196,10,0.8117253948967192,0.005886424383214811,0.8721060600935715,2.080331362368544e-16,,,
a,cell_basis,Cycle-basis 2-cells,2,197,10,0.8118469015795868,0.0059941244368437435,0.8722460186760508,5.311566036783556e-16,,,
a,cell_basis,Cycle-basis 2-cells,2,198,10,0.8123329283110572,0.00578806450461944,0.8723837556937302,2.2080757800230292e-16,,,
a,cell_basis,Cycle-basis 2-cells,2,199,10,0.8123936816524908,0.005860939639986948,0.8725193064095402,6.1925281682775e-16,,,
a,cell_basis,Cycle-basis 2-cells,2,200,10,0.8123936816524908,0.005860939639986948,0.8726527055266802,5.971857898247963e-16,,,
b,cell_basis,Cycle-basis 2-cells,2,,10,,,,,0.8809234507897934,0.0,
a,cell_basis,Cycle-basis 2-cells,4,1,10,0.5721142162818955,0.012228218835939397,0.6877974960829525,2.997373716831188e-16,,,
a,cell_basis,Cycle-basis 2-cells,4,2,10,0.6073511543134873,0.00958051065067113,0.6971273794409893,4.035337863427314e-16,,,
a,cell_basis,Cycle-basis 2-cells,4,3,10,0.6243620899149454,0.010898223025102708,0.7060188516006541,3.6635490702621416e-16,,,
a,cell_basis,Cycle-basis 2-cells,4,4,10,0.6434993924665857,0.00888652471422205,0.7144927803143848,3.36950604901947e-16,,,
a,cell_basis,Cycle-basis 2-cells,4,5,10,0.654921020656136,0.007921266591983774,0.7225690396458782,8.701863570530227e-16,,,
a,cell_basis,Cycle-basis 2-cells,4,6,10,0.6634872417982989,0.007558034736622971,0.7302665572886428,5.213978435523688e-16,,,
a,cell_basis,Cycle-basis 2-cells,4,7,10,0.6756379100850547,0.006627097707050113,0.7376033596311709,6.947153981126369e-16,,,
a,cell_basis,Cycle-basis 2-cells,4,8,10,0.6839611178614824,0.009961407403572584,0.744596614676211,3.744889033148481e-16,,,
a,cell_basis,Cycle-basis 2-cells,4,9,10,0.6946537059538275,0.009499477808578412,0.7512626729162648,3.9789445977202613e-16,,,
a,cell_basis,Cycle-basis 2-cells,4,10,10,0.7026731470230863,0.007728393908651862,0.7576171062626307,9.185749112327714e-16,,,
a,cell_basis,Cycle-basis 2-cells,4,11,10,0.7102673147023086,0.010485501863279583,0.7636747451206974,5.734361332008611e-16,,,
a,cell_basis,Cycle-basis 2-cells,4,12,10,0.718408262454435,0.009670834534648624,0.7694497136996652,2.969832179842721e-16,,,
a,cell_basis,Cycle-basis 2-cells,4,13,10,0.7242405832320777,0.01024814412455644,0.7749554636409931,7.659734318226237e-16,,,
a,cell_basis,Cycle-basis 2-cells,4,14,10,0.7286755771567436,0.011290608915281955,0.7802048060453424,7.229248575812844e-16,,,
a,cell_basis,Cycle-basis 2-cells,4,15,10,0.7340826245443499,0.012187907024349633,0.7852099419745568,7.958749647321227e-16,,,
a,cell_basis,Cycle-basis 2-cells,4,16,10,0.738456865127582,0.013043509583543665,0.7899824915010702,3.105097951117579e-16,,,
a,cell_basis,Cycle-basis 2-cells,4,17,10,0.7422843256379101,0.014023951145725683,0.7945335213740743,4.509747244882934e-16,,,
a,cell_basis,Cycle-basis 2-cells,4,18,10,0.7490886998784934,0.013726013125014598,0.7988735713681816,9.306468371642932e-16,,,
a,cell_basis,Cycle-basis 2-cells,4,19,10,0.753037667071689,0.01354328722427921,0.8030126793775118,9.152141234291868e-16,,,
a,cell_basis,Cycle-basis 2-cells,4,20,10,0.7574119076549211,0.012833679031816899,0.8069604053146323,7.267038946088164e-16,,,
a,cell_basis,Cycle-basis 2-cells,4,21,10,0.7617253948967193,0.012581141974632497,0.810725853871667,6.852873540635224e-16,,,
a,cell_basis,Cycle-basis 2-cells,4,22,10,0.7645200486026732,0.013518888844363829,0.8143176961973889,2.520855578491895e-16,,,
a,cell_basis,Cycle-basis 2-cells,4,23,10,0.7679222357229648,0.0155050018165662,0.8177441905421252,3.0874049412768256e-16,,,
a,cell_basis,Cycle-basis 2-cells,4,24,10,0.7704131227217497,0.015266304530761077,0.821013201919546,3.680333042899703e-16,,,
a,cell_basis,Cycle-basis 2-cells,4,25,10,0.7719927095990279,0.015573751699026438,0.8241322208322656,6.2977911437486275e-16,,,
a,cell_basis,Cycle-basis 2-cells,4,26,10,0.7749088699878494,0.01576533277168813,0.827108381105614,6.525282766239114e-16,,,
a,cell_basis,Cycle-basis 2-cells,4,27,10,0.7775212636695018,0.01538231734849495,0.8299484768722802,2.7718543476901547e-16,,,
a,cell_basis,Cycle-basis 2-cells,4,28,10,0.779951397326853,0.013722427280970744,0.8326589787481161,3.159750121719031e-16,,,
a,cell_basis,Cycle-basis 2-cells,4,29,10,0.782989064398542,0.013746315239309947,0.8352460492377197,8.634715510359738e-16,,,
a,cell_basis,Cycle-basis 2-cells,4,30,10,0.7862089914945323,0.015242108132632515,0.837715557406311,3.95996838265572e-16,,,
a,cell_basis,Cycle-basis 2-cells,4,31,10,0.7876670716889429,0.016527315996188216,0.8400730928530755,3.431928258429678e-16,,,
a,cell_basis,Cycle-basis 2-cells,4,32,10,0.7890643985419199,0.015384983215198114,0.8423239790190223,8.27180313634587e-16,,,
a,cell_basis,Cycle-basis 2-cells,4,33,10,0.7903402187120292,0.016057102905131126,0.8444732858611796,6.469424517108089e-16,,,
a,cell_basis,Cycle-basis 2-cells,4,34,10,0.7922235722964763,0.016965067672033828,0.8465258419232177,9.068709305609912e-16,,,
a,cell_basis,Cycle-basis 2-cells,4,35,10,0.7962332928311058,0.017224640774483418,0.8484862458313126,3.3183103333940837e-16,,,
a,cell_basis,Cycle-basis 2-cells,4,36,10,0.7970838396111786,0.016885106185237607,0.8503588772425965,7.659734318226237e-16,,,
a,cell_basis,Cycle-basis 2-cells,4,37,10,0.8009720534629405,0.01453629406980292,0.8521479072721927,6.731895390209797e-16,,,
a,cell_basis,Cycle-basis 2-cells,4,38,10,0.8019441069258809,0.014408208510567655,0.8538573084238024,7.97937265658008e-16,,,
a,cell_basis,Cycle-basis 2-cells,4,39,10,0.8025516403402188,0.014496176725940287,0.8554908640473853,2.0303561386744092e-16,,,
a,cell_basis,Cycle-basis 2-cells,4,40,10,0.8039489671931956,0.013475895185414439,0.8570521773464085,3.992688834149398e-16,,,
a,cell_basis,Cycle-basis 2-cells,4,41,10,0.8058323207776427,0.013433679799925387,0.8585446799562559,7.271748933585094e-16,,,
a,cell_basis,Cycle-basis 2-cells,4,42,10,0.8077156743620899,0.01345823265588704,0.859971640114148,7.688288878825305e-16,,,
a,cell_basis,Cycle-basis 2-cells,4,43,10,0.8092952612393681,0.013816692500617029,0.861336170439959,2.4990295782562634e-16,,,
a,cell_basis,Cycle-basis 2-cells,4,44,10,0.8103280680437424,0.014227182162538474,0.8626412353465082,7.656157510037639e-16,,,
a,cell_basis,Cycle-basis 2-cells,4,45,10,0.8128797083839612,0.015246278027313653,0.8638896580970752,5.074203724161744e-16,,,
a,cell_basis,Cycle-basis 2-cells,4,46,10,0.8133657351154314,0.015272616167602627,0.8650841275268106,4.1934501720602e-16,,,
a,cell_basis,Cycle-basis 2-cells,4,47,10,0.814823815309842,0.014602724170708804,0.8662272044439374,6.18810335301563e-16,,,
a,cell_basis,Cycle-basis 2-cells,4,48,10,0.8167679222357229,0.014193705035312988,0.8673213277263987,8.419496270874941e-16,,,
a,cell_basis,Cycle-basis 2-cells,4,49,10,0.8182867557715674,0.012939970491870593,0.8683688201279451,7.592388766969604e-16,,,
a,cell_basis,Cycle-basis 2-cells,4,50,10,0.8188335358444714,0.012874357921804023,0.8693718938078412,5.63801913262941e-16,,,
a,cell_basis,Cycle-basis 2-cells,4,51,10,0.8213244228432564,0.01092978709265101,0.8703326555972968,2.1705420125865487e-16,,,
a,cell_basis,Cycle-basis 2-cells,4,52,10,0.8216281895504253,0.01084597930218962,0.8712531120150631,2.709389041673412e-16,,,
a,cell_basis,Cycle-basis 2-cells,4,53,10,0.8227825030376671,0.010077040510974515,0.8721351740441282,1.0792601309996586e-15,,,
a,cell_basis,Cycle-basis 2-cells,4,54,10,0.8236938031591737,0.009866262841177842,0.8729806616811236,1.0205600981444537e-15,,,
a,cell_basis,Cycle-basis 2-cells,4,55,10,0.8241190765492101,0.00975107427501295,0.8737913082688934,3.510833468576701e-16,,,
a,cell_basis,Cycle-basis 2-cells,4,56,10,0.824969623329283,0.009641954897537143,0.8745687646229168,1.0073230516295058e-15,,,
a,cell_basis,Cycle-basis 2-cells,4,57,10,0.8268529769137303,0.00933310540445758,0.8753146029611172,9.919787327620748e-16,,,
a,cell_basis,Cycle-basis 2-cells,4,58,10,0.8277035236938032,0.00912963694665077,0.8760303206466054,9.70978035670078e-16,,,
a,cell_basis,Cycle-basis 2-cells,4,59,10,0.8283718104495748,0.009294577353068394,0.8767173437521608,4.1226348088329765e-16,,,
a,cell_basis,Cycle-basis 2-cells,4,60,10,0.8286148238153098,0.009352638786147296,0.8773770304550004,9.894904878747548e-16,,,
a,cell_basis,Cycle-basis 2-cells,4,61,10,0.8300729040097206,0.009164831680194012,0.8780106742698935,4.993947219036105e-16,,,
a,cell_basis,Cycle-basis 2-cells,4,62,10,0.830741190765492,0.008578444477028001,0.8786195071282524,4.740708649316343e-16,,,
a,cell_basis,Cycle-basis 2-cells,4,63,10,0.8332320777642771,0.007464122111778902,0.8792047023107503,3.744889033148481e-16,,,
a,cell_basis,Cycle-basis 2-cells,4,64,10,0.8343256379100851,0.007044652011156649,0.8797673772401055,6.812786191483497e-16,,,
a,cell_basis,Cycle-basis 2-cells,4,65,10,0.8368165249088699,0.004725067017607097,0.8803085961409878,4.479275630745906e-16,,,
a,cell_basis,Cycle-basis 2-cells,4,66,10,0.8371202916160388,0.004838702665897069,0.880829372573244,7.309319573405317e-16,,,
a,cell_basis,Cycle-basis 2-cells,4,67,10,0.8378493317132442,0.004242596260438219,0.8813306718445368,3.449839284292668e-16,,,
a,cell_basis,Cycle-basis 2-cells,4,68,10,0.8380315917375455,0.004259478922684449,0.8818134133079549,3.951312703709894e-16,,,
a,cell_basis,Cycle-basis 2-cells,4,69,10,0.8388213851761848,0.003906418332731291,0.882278472550375,0.0,,,
a,cell_basis,Cycle-basis 2-cells,4,70,10,0.839307411907655,0.0040527533609132195,0.8827266834765382,3.680333042899703e-16,,,
a,cell_basis,Cycle-basis 2-cells,4,71,10,0.8402794653705954,0.003639007384736102,0.8831588402939042,4.3489640171823483e-16,,,
a,cell_basis,Cycle-basis 2-cells,4,72,10,0.840400972053463,0.003449234956248554,0.8835756994028998,3.3183103333940837e-16,,,
a,cell_basis,Cycle-basis 2-cells,4,73,10,0.8413122721749696,0.0035976375846419155,0.8839779811973433,2.2842911802117413e-16,,,
a,cell_basis,Cycle-basis 2-cells,4,74,10,0.8417982989064399,0.003613561445637173,0.8843663717789744,4.949874015372748e-16,,,
a,cell_basis,Cycle-basis 2-cells,4,75,10,0.8419198055893075,0.0036765672638024217,0.8847415245904097,8.288343451076123e-16,,,
a,cell_basis,Cycle-basis 2-cells,4,76,10,0.8422235722964763,0.003679354865434078,0.8851040619702377,7.49343429207797e-16,,,
a,cell_basis,Cycle-basis 2-cells,4,77,10,0.8422235722964763,0.003679354865434078,0.8854545766343037,7.037253342429935e-16,,,
a,cell_basis,Cycle-basis 2-cells,4,78,10,0.8425273390036452,0.003665395657107738,0.8857936330861346,6.85986474186814e-16,,,
a,cell_basis,Cycle-basis 2-cells,4,79,10,0.8429526123936817,0.004093030160268887,0.8861217689604697,8.074916977726412e-16,,,
a,cell_basis,Cycle-basis 2-cells,4,80,10,0.8435601458080194,0.003918996047056225,0.8864394963026776,5.311566036783556e-16,,,
a,cell_basis,Cycle-basis 2-cells,4,81,10,0.8441676792223571,0.003887475459791912,0.8867473027872318,7.762744877793948e-17,,,
a,cell_basis,Cycle-basis 2-cells,4,82,10,0.844471445929526,0.004060335693755256,0.8870456528783093,4.887223668490978e-16,,,
a,cell_basis,Cycle-basis 2-cells,4,83,10,0.845078979343864,0.0036899285456234534,0.8873349889349409,4.916559846500421e-16,,,
a,cell_basis,Cycle-basis 2-cells,4,84,10,0.8455042527339003,0.0035661515678109337,0.8876157322636379,8.456016499361916e-16,,,
a,cell_basis,Cycle-basis 2-cells,4,85,10,0.845625759416768,0.0035011593052490715,0.8878882841208791,2.8570122661173844e-16,,,
a,cell_basis,Cycle-basis 2-cells,4,86,10,0.8458687727825029,0.0033771426755011807,0.8881530266678948,8.919482614569756e-16,,,
a,cell_basis,Cycle-basis 2-cells,4,87,10,0.8461117861482382,0.003519850979249418,0.8884103238798777,5.875913554950075e-16,,,
a,cell_basis,Cycle-basis 2-cells,4,88,10,0.8463547995139733,0.0037170587029261805,0.888660522411995,4.704458624755238e-16,,,
a,cell_basis,Cycle-basis 2-cells,4,89,10,0.8464155528554069,0.00365418989668369,0.8889039524241467,4.225983244416238e-16,,,
a,cell_basis,Cycle-basis 2-cells,4,90,10,0.8465370595382746,0.0035907914555369297,0.8891409283664162,9.485027754305461e-16,,,
a,cell_basis,Cycle-basis 2-cells,4,91,10,0.846719319562576,0.0034492349562485996,0.8893717497271638,7.312129589363577e-16,,,
a,cell_basis,Cycle-basis 2-cells,4,92,10,0.8469015795868773,0.0035424981135147838,0.8895967017454438,2.95132837241391e-16,,,
a,cell_basis,Cycle-basis 2-cells,4,93,10,0.8471445929526125,0.0037582051712149373,0.8898160560895393,3.680333042899703e-16,,,
a,cell_basis,Cycle-basis 2-cells,4,94,10,0.8472660996354799,0.0038763827019863747,0.8900300715031377,8.381183023262266e-16,,,
a,cell_basis,Cycle-basis 2-cells,4,95,10,0.8475698663426489,0.004064878304566654,0.89023899442083,3.853040874452409e-16,,,
a,cell_basis,Cycle-basis 2-cells,4,96,10,0.8477521263669502,0.004259478922684468,0.890443059554209,4.2518304777254294e-16,,,
a,cell_basis,Cycle-basis 2-cells,4,97,10,0.8481166464155528,0.004080486366871192,0.8906424904500604,7.133896886570248e-16,,,
a,cell_basis,Cycle-basis 2-cells,4,98,10,0.8482381530984204,0.004098537267127919,0.8908375000220579,3.2347122585540446e-16,,,
a,cell_basis,Cycle-basis 2-cells,4,99,10,0.8482381530984204,0.004098537267127919,0.8910282910570355,1.8724445165742405e-16,,,
a,cell_basis,Cycle-basis 2-cells,4,100,10,0.8482381530984204,0.004098537267127919,0.8912150566972159,4.2855183991760767e-16,,,
a,cell_basis,Cycle-basis 2-cells,4,101,10,0.8484204131227218,0.004072941547411666,0.891397980899488,1.1027967003104999e-15,,,
a,cell_basis,Cycle-basis 2-cells,4,102,10,0.8486026731470231,0.004187624795646127,0.8915772388727244,8.539019365573343e-16,,,
a,cell_basis,Cycle-basis 2-cells,4,103,10,0.8489671931956257,0.004521035645970308,0.8917529974944183,5.81499733536094e-16,,,
a,cell_basis,Cycle-basis 2-cells,4,104,10,0.8489671931956257,0.004521035645970308,0.8919254157072839,5.971857898247963e-16,,,
a,cell_basis,Cycle-basis 2-cells,4,105,10,0.849453219927096,0.003775624523749347,0.892094644897201,1.130757290732951e-15,,,
a,cell_basis,Cycle-basis 2-cells,4,106,10,0.850546780072904,0.005058726608666187,0.892260829252988,2.8570122661173844e-16,,,
a,cell_basis,Cycle-basis 2-cells,4,107,10,0.8508505467800729,0.0050930645362330116,0.8924241061090908,8.315563043070464e-16,,,
a,cell_basis,Cycle-basis 2-cells,4,108,10,0.851093560145808,0.005467425695552279,0.8925846062719991,6.135872759579183e-16,,,
a,cell_basis,Cycle-basis 2-cells,4,109,10,0.8511543134872419,0.005523767394485961,0.8927424543310764,7.428268766003998e-16,,,
a,cell_basis,Cycle-basis 2-cells,4,110,10,0.8512758201701093,0.005455035125907859,0.8928977689545519,7.079939031228903e-16,,,
a,cell_basis,Cycle-basis 2-cells,4,111,10,0.8516403402187119,0.006233923097066006,0.8930506631715096,2.145154682951613e-16,,,
a,cell_basis,Cycle-basis 2-cells,4,112,10,0.8518226002430133,0.006185381070924889,0.8932012446403986,4.931856774513482e-16,,,
a,cell_basis,Cycle-basis 2-cells,4,113,10,0.8518833535844472,0.00608747268523712,0.8933496159047258,6.718658647451894e-16,,,
a,cell_basis,Cycle-basis 2-cells,4,114,10,0.8519441069258809,0.0060486114060436975,0.8934958746366408,1.0151106134037545e-15,,,
a,cell_basis,Cycle-basis 2-cells,4,115,10,0.8525516403402188,0.005756804322913071,0.893640113868876,1.0215660718713353e-15,,,
a,cell_basis,Cycle-basis 2-cells,4,116,10,0.8525516403402188,0.005756804322913071,0.8937824222156522,1.0509720368914124e-15,,,
a,cell_basis,Cycle-basis 2-cells,4,117,10,0.8529769137302552,0.0061823967284219475,0.8939228840830508,1.061087746219614e-15,,,
a,cell_basis,Cycle-basis 2-cells,4,118,10,0.8533414337788578,0.006170444924621525,0.8940615798694198,5.899175378116936e-16,,,
a,cell_basis,Cycle-basis 2-cells,4,119,10,0.8536452004860268,0.005851485658250337,0.8941985861561423,5.926969055564841e-16,,,
a,cell_basis,Cycle-basis 2-cells,4,120,10,0.8536452004860268,0.005851485658250337,0.8943339758894757,5.202144904716252e-16,,,
a,cell_basis,Cycle-basis 2-cells,4,121,10,0.8543134872417983,0.0061544730818081424,0.894467818553513,3.3017600539857414e-16,,,
a,cell_basis,Cycle-basis 2-cells,4,122,10,0.8544957472660997,0.00601597844370714,0.8946001803351408,2.409749525270948e-16,,,
a,cell_basis,Cycle-basis 2-cells,4,123,10,0.8548602673147023,0.00590034194462867,0.8947311242809445,8.087627385369306e-16,,,
a,cell_basis,Cycle-basis 2-cells,4,124,10,0.8550425273390037,0.005707797174549299,0.8948607104467833,4.832269716666798e-16,,,
a,cell_basis,Cycle-basis 2-cells,4,125,10,0.8551640340218712,0.005628206805233846,0.8949889960401911,4.2534407146616735e-16,,,
a,cell_basis,Cycle-basis 2-cells,4,126,10,0.855224787363305,0.005627113701904616,0.8951160355559414,1.080211440246498e-15,,,
a,cell_basis,Cycle-basis 2-cells,4,127,10,0.8556500607533414,0.005772100335654859,0.8952418809052611,1.0963198622281286e-15,,,
a,cell_basis,Cycle-basis 2-cells,4,128,10,0.855771567436209,0.005988306060194799,0.8953665815388238,8.854758492368089e-16,,,
a,cell_basis,Cycle-basis 2-cells,4,129,10,0.8558323207776428,0.0059045108160469964,0.8954901845638696,2.401209334702682e-16,,,
a,cell_basis,Cycle-basis 2-cells,4,130,10,0.8559538274605103,0.005934993064371765,0.8956127348558374,7.460463753944988e-16,,,
a,cell_basis,Cycle-basis 2-cells,4,131,10,0.8560145808019441,0.0058972133570518405,0.8957342751645754,1.0906210770260937e-15,,,
a,cell_basis,Cycle-basis 2-cells,4,132,10,0.8562575941676792,0.006269347127060128,0.895854846215588,7.639144800551789e-16,,,
a,cell_basis,Cycle-basis 2-cells,4,133,10,0.8563791008505468,0.006288940925619752,0.8959744868063482,7.815493467934152e-16,,,
a,cell_basis,Cycle-basis 2-cells,4,134,10,0.8566221142162819,0.006169115517103202,0.8960932338981475,4.1934501720602e-16,,,
a,cell_basis,Cycle-basis 2-cells,4,135,10,0.8569866342648845,0.006137123345443763,0.8962111227035253,5.24540400445458e-16,,,
a,cell_basis,Cycle-basis 2-cells,4,136,10,0.8572904009720534,0.00633604245576844,0.8963281867694437,6.023237031619334e-16,,,
a,cell_basis,Cycle-basis 2-cells,4,137,10,0.8575334143377885,0.006802987862389957,0.8964444580567118,4.392830758622045e-16,,,
a,cell_basis,Cycle-basis 2-cells,4,138,10,0.8578979343863912,0.006533613180086416,0.8965599670153624,8.863261164958364e-16,,,
a,cell_basis,Cycle-basis 2-cells,4,139,10,0.8578979343863912,0.006533613180086416,0.8966747426566712,4.35368516641099e-16,,,
a,cell_basis,Cycle-basis 2-cells,4,140,10,0.8582017010935601,0.006243126405183532,0.8967888126216206,4.147475171041126e-16,,,
a,cell_basis,Cycle-basis 2-cells,4,141,10,0.8582017010935601,0.006243126405183532,0.8969022032461338,1.0862800915938287e-15,,,
a,cell_basis,Cycle-basis 2-cells,4,142,10,0.8583232077764278,0.00629936603169922,0.8970149396231963,7.494348069813467e-16,,,
a,cell_basis,Cycle-basis 2-cells,4,143,10,0.8586269744835967,0.006352848963953916,0.8971270456620551,2.443611834245489e-16,,,
a,cell_basis,Cycle-basis 2-cells,4,144,10,0.8591130012150667,0.00631009888296712,0.8972385441445235,2.98133874049279e-16,,,
a,cell_basis,Cycle-basis 2-cells,4,145,10,0.8594775212636694,0.006352848963953929,0.8973494567787099,7.556225718950969e-16,,,
a,cell_basis,Cycle-basis 2-cells,4,146,10,0.8594775212636694,0.006352848963953929,0.8974598042500617,1.0607650211456268e-15,,,
a,cell_basis,Cycle-basis 2-cells,4,147,10,0.8595382746051033,0.006377011107623846,0.897569606270111,2.232747783547962e-16,,,
a,cell_basis,Cycle-basis 2-cells,4,148,10,0.8596597812879709,0.006397557310219249,0.8976788816227967,9.417646724636512e-16,,,
a,cell_basis,Cycle-basis 2-cells,4,149,10,0.8597812879708384,0.006240498273555749,0.89778764820863,2.026980648162706e-16,,,
a,cell_basis,Cycle-basis 2-cells,4,150,10,0.859902794653706,0.006327946515154109,0.8978959230867257,1.1397448610402182e-15,,,
a,cell_basis,Cycle-basis 2-cells,4,151,10,0.8600850546780073,0.006182728393169813,0.8980037225149001,6.939263968380647e-16,,,
a,cell_basis,Cycle-basis 2-cells,4,152,10,0.8603280680437424,0.006030957136625304,0.8981110619877517,2.0967250860301e-16,,,
a,cell_basis,Cycle-basis 2-cells,4,153,10,0.8603280680437424,0.006030957136625304,0.8982179562730284,4.622227044373279e-16,,,
a,cell_basis,Cycle-basis 2-cells,4,154,10,0.8605103280680437,0.006353817213858806,0.8983244194462318,3.861916815434371e-16,,,
a,cell_basis,Cycle-basis 2-cells,4,155,10,0.8613001215066829,0.006055387804545743,0.8984304649234881,2.296250901643844e-16,,,
a,cell_basis,Cycle-basis 2-cells,4,156,10,0.8614216281895505,0.006165458168392516,0.8985361054930472,5.574503892267373e-16,,,
a,cell_basis,Cycle-basis 2-cells,4,157,10,0.861543134872418,0.006336042455768446,0.8986413533450657,8.006787373911834e-16,,,
a,cell_basis,Cycle-basis 2-cells,4,158,10,0.8619684082624545,0.006026535488523556,0.8987462201001273,1.9193983409904102e-16,,,
a,cell_basis,Cycle-basis 2-cells,4,159,10,0.8619684082624545,0.006026535488523556,0.8988507168363002,9.685065410798006e-16,,,
a,cell_basis,Cycle-basis 2-cells,4,160,10,0.8620291616038882,0.006010522391394402,0.8989548541150272,2.5344013803554234e-16,,,
a,cell_basis,Cycle-basis 2-cells,4,161,10,0.8620291616038882,0.006010522391394402,0.8990586420056358,4.538505783563301e-16,,,
a,cell_basis,Cycle-basis 2-cells,4,162,10,0.8620291616038882,0.006010522391394402,0.8991620901087867,5.369267300602242e-16,,,
a,cell_basis,Cycle-basis 2-cells,4,163,10,0.8621506682867558,0.0058514856582503275,0.8992652075787907,2.779255841100109e-16,,,
a,cell_basis,Cycle-basis 2-cells,4,164,10,0.8625759416767922,0.006200942635562465,0.8993680031448148,5.438959822042073e-16,,,
a,cell_basis,Cycle-basis 2-cells,4,165,10,0.8626366950182259,0.0061521403902998935,0.8994704851311385,3.918246744117944e-16,,,
a,cell_basis,Cycle-basis 2-cells,4,166,10,0.8626366950182259,0.0061521403902998935,0.8995726614764088,6.520033563582585e-16,,,
a,cell_basis,Cycle-basis 2-cells,4,167,10,0.8627582017010935,0.006071620304047967,0.8996745397519484,4.780982383240069e-16,,,
a,cell_basis,Cycle-basis 2-cells,4,168,10,0.8627582017010935,0.006071620304047967,0.8997761271793306,3.510833468576701e-17,,,
a,cell_basis,Cycle-basis 2-cells,4,169,10,0.8627582017010935,0.006071620304047967,0.899877430646899,3.359329323725947e-16,,,
a,cell_basis,Cycle-basis 2-cells,4,170,10,0.8628797083839611,0.005848681543720914,0.8999784567256736,6.686988370286788e-16,,,
a,cell_basis,Cycle-basis 2-cells,4,171,10,0.8630619684082624,0.005722149214240382,0.9000792116844838,9.403093097142117e-16,,,
a,cell_basis,Cycle-basis 2-cells,4,172,10,0.8631227217496962,0.005706719316514113,0.9001797015042909,1.0137605521421694e-15,,,
a,cell_basis,Cycle-basis 2-cells,4,173,10,0.8631227217496962,0.005706719316514113,0.9002799318918505,1.015447848260207e-15,,,
a,cell_basis,Cycle-basis 2-cells,4,174,10,0.8631227217496962,0.005706719316514113,0.9003799082928525,8.742688127521894e-16,,,
a,cell_basis,Cycle-basis 2-cells,4,175,10,0.8631227217496962,0.005706719316514113,0.9004796359042263,1.0283140065386892e-15,,,
a,cell_basis,Cycle-basis 2-cells,4,176,10,0.86318347509113,0.005712106572803487,0.9005791196860835,6.080941944488118e-16,,,
a,cell_basis,Cycle-basis 2-cells,4,177,10,0.8634264884568651,0.00574789257986451,0.9006783643728461,7.7768461516828425e-16,,,
a,cell_basis,Cycle-basis 2-cells,4,178,10,0.8634264884568651,0.00574789257986451,0.9007773744841197,1.797814904575515e-16,,,
a,cell_basis,Cycle-basis 2-cells,4,179,10,0.8634872417982988,0.0057139011961701595,0.9008761543347885,2.423916311195031e-16,,,
a,cell_basis,Cycle-basis 2-cells,4,180,10,0.8635479951397327,0.0056862011940693215,0.9009747080448187,5.758195022971231e-16,,,
a,cell_basis,Cycle-basis 2-cells,4,181,10,0.8637910085054678,0.005762144752945731,0.9010730395484832,8.023874007458556e-16,,,
a,cell_basis,Cycle-basis 2-cells,4,182,10,0.8638517618469015,0.005788064504619442,0.9011711526032071,9.721057689603553e-17,,,
a,cell_basis,Cycle-basis 2-cells,4,183,10,0.8638517618469015,0.005788064504619442,0.9012690507979999,3.9234862116835754e-16,,,
a,cell_basis,Cycle-basis 2-cells,4,184,10,0.8638517618469015,0.005788064504619442,0.9013667375613984,3.6635490702621416e-16,,,
a,cell_basis,Cycle-basis 2-cells,4,185,10,0.8639125151883353,0.005670311867152689,0.9014642161691382,3.2788670198715954e-16,,,
a,cell_basis,Cycle-basis 2-cells,4,186,10,0.8639732685297691,0.005637307756822372,0.9015614897513997,3.730231876972494e-16,,,
a,cell_basis,Cycle-basis 2-cells,4,187,10,0.8639732685297691,0.005637307756822372,0.9016585612997069,8.664008628368102e-16,,,
a,cell_basis,Cycle-basis 2-cells,4,188,10,0.8640947752126367,0.005890603104316006,0.9017554336735776,6.665448816545584e-16,,,
a,cell_basis,Cycle-basis 2-cells,4,189,10,0.8644592952612393,0.005830421926614854,0.9018521096067035,9.388516909341255e-16,,,
a,cell_basis,Cycle-basis 2-cells,4,190,10,0.8645200486026731,0.005799036477633189,0.9019485917129553,4.135901568172935e-16,,,
a,cell_basis,Cycle-basis 2-cells,4,191,10,0.8645200486026731,0.005799036477633189,0.9020448824921503,2.0303561386744092e-16,,,
a,cell_basis,Cycle-basis 2-cells,4,192,10,0.8645200486026731,0.005799036477633189,0.9021409843353526,1.0828074211919598e-15,,,
a,cell_basis,Cycle-basis 2-cells,4,193,10,0.864580801944107,0.005788064504619434,0.9022368995300803,8.807458336360884e-16,,,
a,cell_basis,Cycle-basis 2-cells,4,194,10,0.864580801944107,0.005788064504619434,0.9023326302652844,1.0469899551635461e-15,,,
a,cell_basis,Cycle-basis 2-cells,4,195,10,0.8647630619684084,0.005722149214240391,0.9024281786359097,3.7081375155272613e-16,,,
a,cell_basis,Cycle-basis 2-cells,4,196,10,0.8648845686512757,0.005671758190825545,0.9025235466474409,2.791548054292249e-16,,,
a,cell_basis,Cycle-basis 2-cells,4,197,10,0.865127582017011,0.00557549611095027,0.9026187362201181,5.767700923000835e-16,,,
a,cell_basis,Cycle-basis 2-cells,4,198,10,0.8651883353584446,0.005702405847026656,0.9027137491929962,6.620091075326061e-16,,,
a,cell_basis,Cycle-basis 2-cells,4,199,10,0.865370595382746,0.005635488742300896,0.902808587327755,1.1831387246272068e-15,,,
a,cell_basis,Cycle-basis 2-cells,4,200,10,0.865370595382746,0.005635488742300896,0.9029032523124216,1.9721872423271692e-16,,,
b,cell_basis,Cycle-basis 2-cells,4,,10,,,,,0.9878493317132442,0.0,
a,cell_basis,Cycle-basis 2-cells,8,1,10,0.5832320777642771,0.019569325148688595,0.7014639971230151,1.4043333874306804e-16,,,
a,cell_basis,Cycle-basis 2-cells,8,2,10,0.6383961117861483,0.01746956437641073,0.722405994074468,3.2705025495624708e-16,,,
a,cell_basis,Cycle-basis 2-cells,8,3,10,0.6682260024301336,0.013970186498640999,0.7411117326356909,3.4794861136165283e-16,,,
a,cell_basis,Cycle-basis 2-cells,8,4,10,0.6945321992709599,0.015583623541746527,0.7578287354555892,5.973004458285071e-16,,,
a,cell_basis,Cycle-basis 2-cells,8,5,10,0.712089914945322,0.013153718099252207,0.772777032866435,4.0200363375931493e-16,,,
a,cell_basis,Cycle-basis 2-cells,8,6,10,0.7308019441069259,0.019206449298491572,0.7861522174760704,6.121347318850488e-16,,,
a,cell_basis,Cycle-basis 2-cells,8,7,10,0.7462940461725395,0.01803645644326066,0.7981281593621504,2.5344013803554234e-16,,,
a,cell_basis,Cycle-basis 2-cells,8,8,10,0.7573511543134872,0.0174540636373187,0.8088594195792836,3.566948443285124e-16,,,
a,cell_basis,Cycle-basis 2-cells,8,9,10,0.7693195625759417,0.01654913784559513,0.8184833954998749,3.1314500328051913e-16,,,
a,cell_basis,Cycle-basis 2-cells,8,10,10,0.7808626974483597,0.019207730411706602,0.8271222277849237,8.600546806238345e-16,,,
a,cell_basis,Cycle-basis 2-cells,8,11,10,0.78955042527339,0.019392913221625507,0.8348844954702678,2.8184022174837167e-16,,,
a,cell_basis,Cycle-basis 2-cells,8,12,10,0.7961117861482381,0.01929751576566601,0.8418667227110855,4.094300213216723e-16,,,
a,cell_basis,Cycle-basis 2-cells,8,13,10,0.8035236938031591,0.017383431530971983,0.8481547181113763,5.823234713030388e-16,,,
a,cell_basis,Cycle-basis 2-cells,8,14,10,0.8082017010935602,0.01805202505139402,0.8538247652402304,4.915166856007381e-16,,,
a,cell_basis,Cycle-basis 2-cells,8,15,10,0.8133049817739975,0.014759853109872552,0.858944680869504,2.8761229291112057e-16,,,
a,cell_basis,Cycle-basis 2-cells,8,16,10,0.8176792223572296,0.015838520269451577,0.8635747556306532,4.716088948127248e-16,,,
a,cell_basis,Cycle-basis 2-cells,8,17,10,0.8221142162818955,0.01571726503940688,0.867768590155247,7.460463753944988e-16,,,
a,cell_basis,Cycle-basis 2-cells,8,18,10,0.8261846901579586,0.015255555313965429,0.8715738383118843,7.660628259329616e-16,,,
a,cell_basis,Cycle-basis 2-cells,8,19,10,0.828311057108141,0.014626295976480358,0.8750328678624207,5.004904878330104e-16,,,
a,cell_basis,Cycle-basis 2-cells,8,20,10,0.8309234507897933,0.015195219177161825,0.8781833477128792,3.1488955718743137e-16,,,
a,cell_basis,Cycle-basis 2-cells,8,21,10,0.8342041312272175,0.013685468376469884,0.8810587699153052,3.557336600312149e-16,,,
a,cell_basis,Cycle-basis 2-cells,8,22,10,0.8373633049817739,0.013261155473785978,0.8836889136703988,6.045932051851523e-16,,,
a,cell_basis,Cycle-basis 2-cells,8,23,10,0.8405224787363306,0.011798772326687725,0.8861002577753412,2.8208308282036137e-16,,,
a,cell_basis,Cycle-basis 2-cells,8,24,10,0.8422843256379101,0.010697496326752005,0.8883163472449708,6.944196276891926e-16,,,
a,cell_basis,Cycle-basis 2-cells,8,25,10,0.8434993924665857,0.010943848801889965,0.8903581191983708,5.122556149039271e-16,,,
a,cell_basis,Cycle-basis 2-cells,8,26,10,0.8452004860267316,0.011031932492571008,0.8922441925366609,2.2932668186396046e-16,,,
a,cell_basis,Cycle-basis 2-cells,8,27,10,0.8481773997569867,0.009264524910742063,0.8939911254354511,2.352229312377619e-16,,,
a,cell_basis,Cycle-basis 2-cells,8,28,10,0.8492709599027947,0.008990445426811832,0.8956136442278305,7.688288878825305e-16,,,
a,cell_basis,Cycle-basis 2-cells,8,29,10,0.8519441069258809,0.008548992764321302,0.8971248468569482,6.107908559898144e-16,,,
a,cell_basis,Cycle-basis 2-cells,8,30,10,0.8532199270959904,0.009338376856673684,0.8985363837236309,5.518948818633869e-16,,,
a,cell_basis,Cycle-basis 2-cells,8,31,10,0.8551640340218712,0.009867925367576231,0.8998586184406754,6.2464777838731825e-16,,,
a,cell_basis,Cycle-basis 2-cells,8,32,10,0.8568043742405832,0.009686935654819106,0.9011007707266184,2.5746112102895806e-16,,,
a,cell_basis,Cycle-basis 2-cells,8,33,10,0.8582017010935601,0.010118263878222046,0.9022710434230803,6.210195902235158e-16,,,
a,cell_basis,Cycle-basis 2-cells,8,34,10,0.8592345078979344,0.010015808635753392,0.9033767354001367,4.987086455776025e-16,,,
a,cell_basis,Cycle-basis 2-cells,8,35,10,0.8628189550425274,0.009849622143144844,0.9044243419174579,2.9139682792692303e-16,,,
a,cell_basis,Cycle-basis 2-cells,8,36,10,0.865066828675577,0.007724413004604169,0.905419643835045,2.2842911802117413e-16,,,
a,cell_basis,Cycle-basis 2-cells,8,37,10,0.8663426488456866,0.008150916078371056,0.9063677869125382,5.804389243823509e-16,,,
a,cell_basis,Cycle-basis 2-cells,8,38,10,0.8679829890643985,0.007038828058432326,0.9072733522983392,4.915166856007381e-16,,,
a,cell_basis,Cycle-basis 2-cells,8,39,10,0.8693195625759417,0.007029499697758221,0.908140419187438,3.9443744846543383e-16,,,
a,cell_basis,Cycle-basis 2-cells,8,40,10,0.8712029161603889,0.007446243949311563,0.908972620518124,5.696019998874606e-16,,,
a,cell_basis,Cycle-basis 2-cells,8,41,10,0.8716889428918589,0.007646237046197929,0.909773192480897,5.833808536409375e-16,,,
a,cell_basis,Cycle-basis 2-cells,8,42,10,0.8727217496962332,0.007733963731846214,0.9105450185272245,2.1097483484280642e-16,,,
a,cell_basis,Cycle-basis 2-cells,8,43,10,0.8736938031591738,0.0072194581673918415,0.9112906684893781,3.159750121719031e-16,,,
a,cell_basis,Cycle-basis 2-cells,8,44,10,0.8738153098420414,0.007228541392709299,0.9120124333541473,4.762326219937489e-16,,,
a,cell_basis,Cycle-basis 2-cells,8,45,10,0.8745443499392467,0.007201257345765322,0.9127123561738841,2.443611834245489e-16,,,
a,cell_basis,Cycle-basis 2-cells,8,46,10,0.875820170109356,0.006327946515154098,0.9133922595434629,1.6550227688315153e-16,,,
a,cell_basis,Cycle-basis 2-cells,8,47,10,0.8761239368165249,0.006342511767700528,0.914053770025299,2.026980648162706e-16,,,
a,cell_basis,Cycle-basis 2-cells,8,48,10,0.8765492102065613,0.006187701231095268,0.914698339861004,2.6168207644729585e-16,,,
a,cell_basis,Cycle-basis 2-cells,8,49,10,0.8772782503037668,0.007148385012038401,0.9153272662714859,4.564083509149711e-16,,,
a,cell_basis,Cycle-basis 2-cells,8,50,10,0.8780072904009721,0.00738430145003051,0.9159417086133722,3.053954279949072e-16,,,
a,cell_basis,Cycle-basis 2-cells,8,51,10,0.8783110571081408,0.007534122004764332,0.9165427036298052,4.485386514393286e-16,,,
a,cell_basis,Cycle-basis 2-cells,8,52,10,0.8795261239368166,0.007609947154372666,0.9171311790074311,5.186324863305829e-16,,,
a,cell_basis,Cycle-basis 2-cells,8,53,10,0.879708383961118,0.007528404331891908,0.91770796542794,3.7375676399616836e-16,,,
a,cell_basis,Cycle-basis 2-cells,8,54,10,0.8801944106925881,0.007362052826246578,0.9182738072809833,1.751511464191092e-16,,,
a,cell_basis,Cycle-basis 2-cells,8,55,10,0.8805589307411907,0.007380968431828641,0.918829372187741,4.937407543602365e-16,,,
a,cell_basis,Cycle-basis 2-cells,8,56,10,0.881044957472661,0.0075599336381175,0.9193752594667528,1.4616765322647736e-16,,,
a,cell_basis,Cycle-basis 2-cells,8,57,10,0.8814702308626975,0.007454225657956146,0.919912007660073,5.343699215785019e-16,,,
a,cell_basis,Cycle-basis 2-cells,8,58,10,0.8822600243013365,0.007505490083368799,0.9204401012235446,4.213000162292041e-16,,,
a,cell_basis,Cycle-basis 2-cells,8,59,10,0.8824422843256379,0.0074310826779703295,0.9209599764747034,2.7693827873701494e-16,,,
a,cell_basis,Cycle-basis 2-cells,8,60,10,0.882685297691373,0.007590521603468025,0.9214720268801792,4.1885484168231196e-16,,,
a,cell_basis,Cycle-basis 2-cells,8,61,10,0.8829283110571081,0.007801542827456608,0.9219766077564964,4.675256240624557e-16,,,
a,cell_basis,Cycle-basis 2-cells,8,62,10,0.8831713244228432,0.007754087747089653,0.9224740404490699,5.122556149039271e-16,,,
a,cell_basis,Cycle-basis 2-cells,8,63,10,0.8835965978128797,0.00818205147587005,0.922964616047555,2.232747783547962e-16,,,
a,cell_basis,Cycle-basis 2-cells,8,64,10,0.8839003645200485,0.007902865810435778,0.9234485986890446,3.7758465807882843e-16,,,
a,cell_basis,Cycle-basis 2-cells,8,65,10,0.8845078979343863,0.0075145004426804525,0.9239262284948712,5.563437258427861e-16,,,
a,cell_basis,Cycle-basis 2-cells,8,66,10,0.884629404617254,0.007404544986740118,0.9243977241816067,5.691209170314552e-16,,,
a,cell_basis,Cycle-basis 2-cells,8,67,10,0.8852369380315916,0.0074871629668685664,0.9248632853827656,6.892727750100718e-16,,,
a,cell_basis,Cycle-basis 2-cells,8,68,10,0.8854799513973269,0.007425561813405877,0.9253230947129986,3.8901837384065565e-16,,,
a,cell_basis,Cycle-basis 2-cells,8,69,10,0.8856622114216283,0.007283647472714132,0.9257773196035821,2.729533475477815e-16,,,
a,cell_basis,Cycle-basis 2-cells,8,70,10,0.886269744835966,0.007940915955060326,0.9262261139345938,4.733480853301196e-16,,,
a,cell_basis,Cycle-basis 2-cells,8,71,10,0.8866950182260025,0.008167251855032736,0.9266696194862029,4.317357755179869e-16,,,
a,cell_basis,Cycle-basis 2-cells,8,72,10,0.8868772782503038,0.008200075843150299,0.927107967229525,3.9789445977202613e-16,,,
a,cell_basis,Cycle-basis 2-cells,8,73,10,0.8871202916160389,0.008387971248994057,0.9275412784743432,4.503669415645669e-16,,,
a,cell_basis,Cycle-basis 2-cells,8,74,10,0.8873025516403402,0.008291835798936104,0.9279696658900669,2.409749525270948e-16,,,
a,cell_basis,Cycle-basis 2-cells,8,75,10,0.8874240583232078,0.00823127440598736,0.9283932344138404,4.987086455776025e-16,,,
a,cell_basis,Cycle-basis 2-cells,8,76,10,0.8878493317132442,0.008111575990158574,0.9288120820580745,2.9045531713639305e-16,,,
a,cell_basis,Cycle-basis 2-cells,8,77,10,0.8882746051032807,0.00813807581896627,0.9292263006291046,2.6272671962866383e-16,,,
a,cell_basis,Cycle-basis 2-cells,8,78,10,0.8894289185905224,0.007827520490112472,0.9296359763663243,4.447055726863821e-16,,,
a,cell_basis,Cycle-basis 2-cells,8,79,10,0.8896111786148237,0.007827782450939508,0.9300411905109757,4.723343357811471e-16,,,
a,cell_basis,Cycle-basis 2-cells,8,80,10,0.8899149453219927,0.007683689974321259,0.9304420198121752,5.219229170424792e-16,,,
a,cell_basis,Cycle-basis 2-cells,8,81,10,0.8909477521263669,0.0073812462408293185,0.930838536977328,3.6654177513682335e-16,,,
a,cell_basis,Cycle-basis 2-cells,8,82,10,0.891190765492102,0.007213775343646444,0.9312308110730081,3.105097951117579e-16,,,
a,cell_basis,Cycle-basis 2-cells,8,83,10,0.8913122721749696,0.007116473061325591,0.9316189078817387,5.74390667583045e-16,,,
a,cell_basis,Cycle-basis 2-cells,8,84,10,0.8914945321992709,0.0071380508222147225,0.9320028902197371,5.786665876514103e-16,,,
a,cell_basis,Cycle-basis 2-cells,8,85,10,0.8914945321992709,0.0071380508222147225,0.9323828182198233,5.525149190006904e-16,,,
a,cell_basis,Cycle-basis 2-cells,8,86,10,0.8919198055893075,0.006743651306158697,0.9327587495833903,2.7420485960113414e-16,,,
a,cell_basis,Cycle-basis 2-cells,8,87,10,0.8921020656136088,0.006563360680098707,0.933130739804857,5.945425991033043e-16,,,
a,cell_basis,Cycle-basis 2-cells,8,88,10,0.8924058323207775,0.006743651306158682,0.9334988423717417,4.515816893988974e-16,,,
a,cell_basis,Cycle-basis 2-cells,8,89,10,0.8928311057108141,0.006525762352733193,0.9338631089429288,4.931856774513482e-16,,,
a,cell_basis,Cycle-basis 2-cells,8,90,10,0.8930133657351155,0.006577404643309867,0.9342235895075882,3.9443744846543383e-16,,,
a,cell_basis,Cycle-basis 2-cells,8,91,10,0.8931348724179831,0.0067375671734637745,0.9345803325270164,3.8743089709162367e-16,,,
a,cell_basis,Cycle-basis 2-cells,8,92,10,0.8933171324422844,0.006538319151631302,0.9349333850610735,6.410943844870877e-16,,,
a,cell_basis,Cycle-basis 2-cells,8,93,10,0.8935601458080195,0.006479090601362746,0.9352827928810902,5.418778083346824e-16,,,
a,cell_basis,Cycle-basis 2-cells,8,94,10,0.8944106925880924,0.00673360953928567,0.935628600570718,1.751511464191092e-16,,,
a,cell_basis,Cycle-basis 2-cells,8,95,10,0.8966585662211422,0.004980703701786301,0.9359708516159472,3.6051395581293713e-16,,,
a,cell_basis,Cycle-basis 2-cells,8,96,10,0.8970230862697448,0.005259444679311687,0.9363095884856774,3.2028004727485766e-16,,,
a,cell_basis,Cycle-basis 2-cells,8,97,10,0.8970838396111785,0.005397596192452861,0.9366448527036679,1.797814904575515e-16,,,
a,cell_basis,Cycle-basis 2-cells,8,98,10,0.8973268529769138,0.005441485962958438,0.9369766849130438,5.861912152474223e-16,,,
a,cell_basis,Cycle-basis 2-cells,8,99,10,0.8974483596597812,0.005417314889711677,0.9373051249339911,2.401209334702682e-16,,,
a,cell_basis,Cycle-basis 2-cells,8,100,10,0.8976306196840825,0.005686561799149044,0.937630211815522,2.923353064529547e-16,,,
a,cell_basis,Cycle-basis 2-cells,8,101,10,0.8977521263669501,0.005973563693308153,0.9379519838818476,3.5186266712149677e-16,,,
a,cell_basis,Cycle-basis 2-cells,8,102,10,0.8987849331713245,0.006430804883726482,0.9382704787741559,4.0691352531643863e-16,,,
a,cell_basis,Cycle-basis 2-cells,8,103,10,0.8989671931956258,0.006352848963953938,0.9385857334879606,2.923353064529547e-16,,,
a,cell_basis,Cycle-basis 2-cells,8,104,10,0.8990279465370594,0.006479090601362739,0.9388977844069549,2.443611834245489e-16,,,
a,cell_basis,Cycle-basis 2-cells,8,105,10,0.8992102065613607,0.006361880232272335,0.939206667333289,3.116105068056653e-16,,,
a,cell_basis,Cycle-basis 2-cells,8,106,10,0.9,0.006939959494727868,0.9395124175150279,5.804389243823509e-16,,,
a,cell_basis,Cycle-basis 2-cells,8,107,10,0.9004252733900364,0.006725382396020157,0.9398150696709096,5.192922404280464e-16,,,
a,cell_basis,Cycle-basis 2-cells,8,108,10,0.9017618469015796,0.006643167917213812,0.9401146580127673,5.175751305185576e-16,,,
a,cell_basis,Cycle-basis 2-cells,8,109,10,0.9020656136087485,0.006610678254549428,0.9404112162658164,4.485386514393286e-16,,,
a,cell_basis,Cycle-basis 2-cells,8,110,10,0.9024908869987849,0.006513496166899714,0.9407047776871262,2.1097483484280642e-16,,,
a,cell_basis,Cycle-basis 2-cells,8,111,10,0.9027339003645201,0.006406845615793517,0.9409953750823734,5.181040781584064e-16,,,
a,cell_basis,Cycle-basis 2-cells,8,112,10,0.9027946537059538,0.0063718642051649515,0.9412830408211061,4.966447300634869e-16,,,
a,cell_basis,Cycle-basis 2-cells,8,113,10,0.9029769137302551,0.006307498656676444,0.9415678068507976,3.918246744117944e-16,,,
a,cell_basis,Cycle-basis 2-cells,8,114,10,0.9030376670716891,0.006418037738150311,0.9418497047095146,4.0012550075538863e-16,,,
a,cell_basis,Cycle-basis 2-cells,8,115,10,0.9033414337788578,0.006316594765769154,0.9421287655377757,2.423916311195031e-16,,,
a,cell_basis,Cycle-basis 2-cells,8,116,10,0.9033414337788578,0.006316594765769154,0.9424050200892422,4.0623982696478914e-16,,,
a,cell_basis,Cycle-basis 2-cells,8,117,10,0.9037667071688944,0.00603605501345053,0.942678498740704,2.401209334702682e-16,,,
a,cell_basis,Cycle-basis 2-cells,8,118,10,0.9040097205346294,0.005918039366627174,0.9429492315012638,2.2842911802117413e-16,,,
a,cell_basis,Cycle-basis 2-cells,8,119,10,0.9042527339003644,0.005960849216520123,0.9432172480209392,4.2582677720666966e-16,,,
a,cell_basis,Cycle-basis 2-cells,8,120,10,0.9044349939246658,0.006055387804545721,0.9434825775984852,4.866160977449997e-16,,,
a,cell_basis,Cycle-basis 2-cells,8,121,10,0.904678007290401,0.005921156950284498,0.9437452491888484,5.45906695095563e-16,,,
a,cell_basis,Cycle-basis 2-cells,8,122,10,0.9047995139732686,0.005987278700899754,0.9440052914100804,5.737942696778685e-16,,,
a,cell_basis,Cycle-basis 2-cells,8,123,10,0.904921020656136,0.005885030816816694,0.9442627325498222,4.628149182669326e-16,,,
a,cell_basis,Cycle-basis 2-cells,8,124,10,0.9050425273390037,0.005883636920345976,0.9445176005713117,4.802418669405364e-16,,,
a,cell_basis,Cycle-basis 2-cells,8,125,10,0.9051640340218713,0.005907288429191856,0.9447699231192598,4.746482961626408e-16,,,
a,cell_basis,Cycle-basis 2-cells,8,126,10,0.9051640340218713,0.005907288429191856,0.9450197275251847,2.8570122661173844e-16,,,
a,cell_basis,Cycle-basis 2-cells,8,127,10,0.9057108140947753,0.005964975800064946,0.9452670408126348,5.213978435523688e-16,,,
a,cell_basis,Cycle-basis 2-cells,8,128,10,0.9068043742405832,0.006163795019764076,0.9455118897019972,3.3532084635114423e-16,,,
a,cell_basis,Cycle-basis 2-cells,8,129,10,0.9069258809234508,0.006134449799969299,0.9457543006152296,2.4797742478323306e-16,,,
a,cell_basis,Cycle-basis 2-cells,8,130,10,0.9070473876063183,0.006095551617372404,0.945994299680345,5.4149856335063e-16,,,
a,cell_basis,Cycle-basis 2-cells,8,131,10,0.9070473876063183,0.006095551617372404,0.9462319127355855,4.1276148406169847e-16,,,
a,cell_basis,Cycle-basis 2-cells,8,132,10,0.9072904009720535,0.005877709172514143,0.9464671653336515,3.276777904004921e-16,,,
a,cell_basis,Cycle-basis 2-cells,8,133,10,0.9074726609963548,0.005883636920345975,0.9467000827455747,4.317357755179869e-16,,,
a,cell_basis,Cycle-basis 2-cells,8,134,10,0.9074726609963548,0.005883636920345975,0.9469306899644969,4.887223668490978e-16,,,
a,cell_basis,Cycle-basis 2-cells,8,135,10,0.9078979343863912,0.005995150623019006,0.9471590117094868,5.832634613762132e-16,,,
a,cell_basis,Cycle-basis 2-cells,8,136,10,0.9081409477521264,0.006141131481287665,0.9473850724289606,5.433921414455764e-16,,,
a,cell_basis,Cycle-basis 2-cells,8,137,10,0.9082624544349939,0.006202265221188157,0.9476088963042011,4.053961296325412e-16,,,
a,cell_basis,Cycle-basis 2-cells,8,138,10,0.9083839611178615,0.006266729991848173,0.947830507252745,5.129235713943532e-16,,,
a,cell_basis,Cycle-basis 2-cells,8,139,10,0.9086269744835966,0.005947073258153957,0.948049928931602,5.04171115698379e-16,,,
a,cell_basis,Cycle-basis 2-cells,8,140,10,0.909356014580802,0.006012910023457474,0.9482671847404761,3.8262895150262325e-16,,,
a,cell_basis,Cycle-basis 2-cells,8,141,10,0.9094775212636694,0.006068580017728517,0.9484822978248681,5.219229170424792e-16,,,
a,cell_basis,Cycle-basis 2-cells,8,142,10,0.9099027946537059,0.006339924835088491,0.9486952910791103,5.238872556267653e-16,,,
a,cell_basis,Cycle-basis 2-cells,8,143,10,0.9100243013365734,0.006361880232272332,0.9489061871493158,4.055650095105736e-16,,,
a,cell_basis,Cycle-basis 2-cells,8,144,10,0.9115431348724179,0.007452850111145544,0.9491150084363204,4.819499050541896e-16,,,
a,cell_basis,Cycle-basis 2-cells,8,145,10,0.9116646415552856,0.007491269948015317,0.9493217770985571,3.766767830981465e-16,,,
a,cell_basis,Cycle-basis 2-cells,8,146,10,0.9118469015795869,0.007459725308739679,0.9495265150547514,5.053920350272213e-16,,,
a,cell_basis,Cycle-basis 2-cells,8,147,10,0.9119076549210205,0.007479216408513318,0.9497292439868097,2.386907782032965e-16,,,
a,cell_basis,Cycle-basis 2-cells,8,148,10,0.9122721749696232,0.007392072648174507,0.9499299853423638,2.366740426650598e-16,,,
a,cell_basis,Cycle-basis 2-cells,8,149,10,0.9123329283110572,0.007228541392709276,0.95012876033759,5.238872556267653e-16,,,
a,cell_basis,Cycle-basis 2-cells,8,150,10,0.9127582017010936,0.007653742293650656,0.9503255899596527,5.714024532234769e-16,,,
a,cell_basis,Cycle-basis 2-cells,8,151,10,0.9129404617253949,0.007722289016661453,0.9505204949693595,2.671208799726945e-16,,,
a,cell_basis,Cycle-basis 2-cells,8,152,10,0.9130619684082625,0.0077456208501433315,0.9507134959037324,4.053961296325412e-16,,,
a,cell_basis,Cycle-basis 2-cells,8,153,10,0.9131834750911301,0.00794427216267854,0.950904613078368,2.41258953748256e-16,,,
a,cell_basis,Cycle-basis 2-cells,8,154,10,0.9134872417982989,0.008065945161296531,0.9510938665900058,4.769510303399906e-16,,,
a,cell_basis,Cycle-basis 2-cells,8,155,10,0.9139125151883354,0.007711660301946104,0.9512812763189291,5.857237580636282e-16,,,
a,cell_basis,Cycle-basis 2-cells,8,156,10,0.914034021871203,0.0077551454592412385,0.9514668619312652,2.220446049250313e-16,,,
a,cell_basis,Cycle-basis 2-cells,8,157,10,0.9141555285540705,0.0077540877470896686,0.9516506428814508,4.546043582783968e-16,,,
a,cell_basis,Cycle-basis 2-cells,8,158,10,0.9142162818955043,0.007763337842273446,0.951832638414524,2.5344013803554234e-16,,,
a,cell_basis,Cycle-basis 2-cells,8,159,10,0.9143377885783718,0.0076042864947422585,0.9520128675683501,3.051711199014825e-16,,,
a,cell_basis,Cycle-basis 2-cells,8,160,10,0.9144592952612394,0.007752765403972735,0.952191349175979,5.494077358953467e-16,,,
a,cell_basis,Cycle-basis 2-cells,8,161,10,0.9144592952612394,0.007752765403972735,0.9523681018678039,5.129235713943532e-16,,,
a,cell_basis,Cycle-basis 2-cells,8,162,10,0.9144592952612394,0.007752765403972735,0.9525431440738299,5.761761573342905e-16,,,
a,cell_basis,Cycle-basis 2-cells,8,163,10,0.9147023086269744,0.007707138659633055,0.9527164940258119,3.142364844681375e-16,,,
a,cell_basis,Cycle-basis 2-cells,8,164,10,0.9148845686512758,0.00775620302715278,0.9528881697594265,4.605901901869106e-16,,,
a,cell_basis,Cycle-basis 2-cells,8,165,10,0.9150668286755771,0.007592412379834004,0.9530581891164382,2.553244772742079e-16,,,
a,cell_basis,Cycle-basis 2-cells,8,166,10,0.9150668286755771,0.007592412379834004,0.9532265697466652,5.24540400445458e-16,,,
a,cell_basis,Cycle-basis 2-cells,8,167,10,0.9151883353584447,0.0075999707812874975,0.9533933291102734,3.236828524569469e-16,,,
a,cell_basis,Cycle-basis 2-cells,8,168,10,0.9152490886998784,0.007605634652982549,0.9535584844796196,2.3288234633381846e-16,,,
a,cell_basis,Cycle-basis 2-cells,8,169,10,0.9153098420413123,0.007447345383227678,0.953722052941451,4.266300731049751e-16,,,
a,cell_basis,Cycle-basis 2-cells,8,170,10,0.9157351154313487,0.007021327215691932,0.95388405139876,2.8208308282036137e-16,,,
a,cell_basis,Cycle-basis 2-cells,8,171,10,0.9162818955042527,0.006919838481731917,0.9540444965729165,5.704429186199679e-16,,,
a,cell_basis,Cycle-basis 2-cells,8,172,10,0.9165249088699878,0.006699416161404717,0.9542034050055308,3.342982125383114e-16,,,
a,cell_basis,Cycle-basis 2-cells,8,173,10,0.9172539489671931,0.005193137440202379,0.9543607930604328,5.161177293315538e-16,,,
a,cell_basis,Cycle-basis 2-cells,8,174,10,0.9178007290400971,0.005242262010437616,0.9545166769255535,4.0892796102084093e-16,,,
a,cell_basis,Cycle-basis 2-cells,8,175,10,0.9178614823815311,0.005240305869464835,0.9546710726148995,4.392830758622045e-16,,,
a,cell_basis,Cycle-basis 2-cells,8,176,10,0.9188942891859053,0.005405568171340254,0.9548239959703752,4.114321360548729e-16,,,
a,cell_basis,Cycle-basis 2-cells,8,177,10,0.9189550425273391,0.005502939756752918,0.9549754626635772,3.95996838265572e-16,,,
a,cell_basis,Cycle-basis 2-cells,8,178,10,0.9190157958687728,0.005479414035439925,0.955125488197776,5.175751305185576e-16,,,
a,cell_basis,Cycle-basis 2-cells,8,179,10,0.9193803159173755,0.005449393735389205,0.9552740879096122,4.568582360423483e-16,,,
a,cell_basis,Cycle-basis 2-cells,8,180,10,0.9194410692588093,0.00539759619245288,0.9554212769709215,4.716088948127248e-16,,,
a,cell_basis,Cycle-basis 2-cells,8,181,10,0.9201093560145808,0.0054809107341937495,0.9555670703905527,4.411497262360816e-16,,,
a,cell_basis,Cycle-basis 2-cells,8,182,10,0.9201701093560146,0.005427902978615133,0.9557114830160579,4.24538342249647e-16,,,
a,cell_basis,Cycle-basis 2-cells,8,183,10,0.9202916160388821,0.0053410753030732235,0.9558545295354579,4.515816893988974e-16,,,
a,cell_basis,Cycle-basis 2-cells,8,184,10,0.9207168894289186,0.005196689923190088,0.9559962244789751,1.691851022339591e-16,,,
a,cell_basis,Cycle-basis 2-cells,8,185,10,0.9207776427703523,0.005219918548027101,0.9561365822207172,4.417701902926904e-16,,,
a,cell_basis,Cycle-basis 2-cells,8,186,10,0.9208991494532199,0.005287053502496787,0.9562756169803412,5.186324863305829e-16,,,
a,cell_basis,Cycle-basis 2-cells,8,187,10,0.9212029161603889,0.00538885144593395,0.9564133428247648,2.0934566115783667e-16,,,
a,cell_basis,Cycle-basis 2-cells,8,188,10,0.9213244228432563,0.005133168025774223,0.9565497736697353,3.0718399630568783e-16,,,
a,cell_basis,Cycle-basis 2-cells,8,189,10,0.9214459295261239,0.0051872112287087635,0.9566849232815186,2.4575834280036907e-16,,,
a,cell_basis,Cycle-basis 2-cells,8,190,10,0.9216889428918591,0.0050623734143365046,0.9568188052784983,3.2600167817912923e-16,,,
a,cell_basis,Cycle-basis 2-cells,8,191,10,0.9218104495747266,0.005059131939111044,0.9569514331327325,5.025386091489268e-16,,,
a,cell_basis,Cycle-basis 2-cells,8,192,10,0.9218104495747266,0.005059131939111044,0.9570828201715779,4.768074352651299e-16,,,
a,cell_basis,Cycle-basis 2-cells,8,193,10,0.9218712029161604,0.005027825883736839,0.9572129795792005,1.8724445165742405e-16,,,
a,cell_basis,Cycle-basis 2-cells,8,194,10,0.9222357229647631,0.00489390278395894,0.9573419243981398,5.852559275112978e-16,,,
a,cell_basis,Cycle-basis 2-cells,8,195,10,0.9223572296476306,0.004991807129672472,0.9574696675308159,2.3288234633381846e-16,,,
a,cell_basis,Cycle-basis 2-cells,8,196,10,0.9224179829890644,0.0050753186128135695,0.9575962217410616,5.30640667079009e-16,,,
a,cell_basis,Cycle-basis 2-cells,8,197,10,0.9224179829890644,0.0050753186128135695,0.9577215996556013,5.27144887165599e-16,,,
a,cell_basis,Cycle-basis 2-cells,8,198,10,0.9224179829890644,0.0050753186128135695,0.9578458137655155,5.052565230164659e-16,,,
a,cell_basis,Cycle-basis 2-cells,8,199,10,0.9225394896719319,0.005133168025774234,0.957968876427695,2.8689713483893424e-16,,,
a,cell_basis,Cycle-basis 2-cells,8,200,10,0.9226002430133657,0.005116763611941279,0.9580907998663262,5.10112276570874e-16,,,
b,cell_basis,Cycle-basis 2-cells,8,,10,,,,,1.0,0.0,
a,cell_basis,Cycle-basis 2-cells,16,1,10,0.5936208991494532,0.018656211513520635,0.7310657271922161,4.503669415645669e-16,,,
a,cell_basis,Cycle-basis 2-cells,16,2,10,0.685176184690158,0.024586219996472633,0.7723789085506305,4.562582906278591e-16,,,
a,cell_basis,Cycle-basis 2-cells,16,3,10,0.7273997569866343,0.021408885227373574,0.8046985645695722,5.343699215785019e-16,,,
a,cell_basis,Cycle-basis 2-cells,16,4,10,0.7584447144592953,0.019477318709367288,0.8301236266731589,4.3803422308401776e-16,,,
a,cell_basis,Cycle-basis 2-cells,16,5,10,0.7829283110571081,0.018259835390581534,0.8502555285259724,5.470344732414657e-16,,,
a,cell_basis,Cycle-basis 2-cells,16,6,10,0.8022478736330498,0.016395274726747795,0.8663165373780723,3.541903396947236e-16,,,
a,cell_basis,Cycle-basis 2-cells,16,7,10,0.8142162818955043,0.014421864504639014,0.8792399177549539,3.918246744117944e-16,,,
a,cell_basis,Cycle-basis 2-cells,16,8,10,0.8258809234507899,0.013021324453566688,0.8897386337289322,3.2600167817912923e-16,,,
a,cell_basis,Cycle-basis 2-cells,16,9,10,0.8349331713244229,0.01033422096122673,0.8983576993039953,3.766767830981465e-16,,,
a,cell_basis,Cycle-basis 2-cells,16,10,10,0.8436208991494532,0.012188411744870968,0.905514069909046,3.2452797883654927e-16,,,
a,cell_basis,Cycle-basis 2-cells,16,11,10,0.8515188335358446,0.011159080377949996,0.9115270411072371,5.102464989851351e-16,,,
a,cell_basis,Cycle-basis 2-cells,16,12,10,0.8586877278250304,0.01215134330513282,0.9166414144291183,4.3850295967943206e-16,,,
a,cell_basis,Cycle-basis 2-cells,16,13,10,0.8642162818955044,0.010295256769925095,0.9210451521788411,4.809542866571309e-16,,,
a,cell_basis,Cycle-basis 2-cells,16,14,10,0.8686512758201701,0.0103371968645783,0.9248828331130102,4.711730941083936e-16,,,
a,cell_basis,Cycle-basis 2-cells,16,15,10,0.8719319562575942,0.009226154976772724,0.9282659085478946,5.450279209566124e-16,,,
a,cell_basis,Cycle-basis 2-cells,16,16,10,0.874726609963548,0.009181596834659824,0.9312805204740278,4.2534407146616735e-16,,,
a,cell_basis,Cycle-basis 2-cells,16,17,10,0.8796476306196841,0.010563435983013588,0.9339934619411876,4.32369749098139e-16,,,
a,cell_basis,Cycle-basis 2-cells,16,18,10,0.8829283110571081,0.00977543729687382,0.9364567218297744,1.9617431058417877e-16,,,
a,cell_basis,Cycle-basis 2-cells,16,19,10,0.884872417982989,0.010429815133104975,0.9387109508701161,3.853040874452409e-16,,,
a,cell_basis,Cycle-basis 2-cells,16,20,10,0.8877885783718105,0.00961042844947394,0.9407881055759922,4.1226348088329765e-16,,,
a,cell_basis,Cycle-basis 2-cells,16,21,10,0.8899756986634264,0.009448615017597648,0.9427134656574404,5.785482388235745e-16,,,
a,cell_basis,Cycle-basis 2-cells,16,22,10,0.8933778857837181,0.010713011473225256,0.9445071739239804,5.383277985150942e-16,,,
a,cell_basis,Cycle-basis 2-cells,16,23,10,0.8955042527339003,0.011825679482103224,0.9461854122187614,4.2855183991760767e-16,,,
a,cell_basis,Cycle-basis 2-cells,16,24,10,0.8964763061968408,0.011950559581632833,0.9477612998996415,1.5213611697165703e-16,,,
a,cell_basis,Cycle-basis 2-cells,16,25,10,0.8978736330498178,0.011316912375432139,0.9492455807909357,3.2283551369326685e-16,,,
a,cell_basis,Cycle-basis 2-cells,16,26,10,0.8993317132442284,0.011010536352442523,0.9506471488415705,5.212664925379273e-16,,,
a,cell_basis,Cycle-basis 2-cells,16,27,10,0.9020048602673146,0.01042116098916446,0.9519734507710226,2.145154682951613e-16,,,
a,cell_basis,Cycle-basis 2-cells,16,28,10,0.9031591737545565,0.009888683363858454,0.9532307948761469,2.340555645717801e-16,,,
a,cell_basis,Cycle-basis 2-cells,16,29,10,0.9040704738760631,0.010058302364617635,0.9544245882329265,3.510833468576701e-16,,,
a,cell_basis,Cycle-basis 2-cells,16,30,10,0.905528554070474,0.01115558848450118,0.9555595192383173,2.98133874049279e-16,,,
a,cell_basis,Cycle-basis 2-cells,16,31,10,0.906865127582017,0.011477398032643587,0.9566396984091947,4.094300213216723e-16,,,
a,cell_basis,Cycle-basis 2-cells,16,32,10,0.9074726609963548,0.011672268387776784,0.9576687672845123,3.6654177513682335e-16,,,
a,cell_basis,Cycle-basis 2-cells,16,33,10,0.908505467800729,0.011995088749221795,0.9586499829377988,6.12582035365918e-16,,,
a,cell_basis,Cycle-basis 2-cells,16,34,10,0.909599027946537,0.011762393613158215,0.9595862838244053,4.59995112173319e-16,,,
a,cell_basis,Cycle-basis 2-cells,16,35,10,0.9108748481166463,0.011919118146354817,0.9604803413292172,2.691638992575471e-16,,,
a,cell_basis,Cycle-basis 2-cells,16,36,10,0.9120291616038882,0.01190448595772862,0.9613346003454787,5.804389243823509e-16,,,
a,cell_basis,Cycle-basis 2-cells,16,37,10,0.9134872417982989,0.011477933996501665,0.9621513114261665,4.2211192682281006e-16,,,
a,cell_basis,Cycle-basis 2-cells,16,38,10,0.9139732685297691,0.011370238483183595,0.9629325564482858,1.1934538910164826e-16,,,
a,cell_basis,Cycle-basis 2-cells,16,39,10,0.9147630619684083,0.011279161399819063,0.9636802692717691,4.568582360423483e-16,,,
a,cell_basis,Cycle-basis 2-cells,16,40,10,0.9161603888213852,0.011028958124090786,0.9643962525253389,1.5525489755587895e-16,,,
a,cell_basis,Cycle-basis 2-cells,16,41,10,0.9169501822600242,0.011055142198718641,0.9650821913853447,4.442433807312389e-16,,,
a,cell_basis,Cycle-basis 2-cells,16,42,10,0.9182260024301337,0.010570227879801584,0.965739665010353,3.276777904004921e-16,,,
a,cell_basis,Cycle-basis 2-cells,16,43,10,0.9187120291616038,0.010400479958682514,0.9663701561392468,4.411497262360816e-16,,,
a,cell_basis,Cycle-basis 2-cells,16,44,10,0.9198663426488457,0.010532331536287288,0.9669750592426632,3.3183103333940837e-16,,,
a,cell_basis,Cycle-basis 2-cells,16,45,10,0.9204131227217497,0.010635209400972767,0.9675556875269841,4.0268441940155016e-16,,,
a,cell_basis,Cycle-basis 2-cells,16,46,10,0.9218104495747266,0.00994183258910973,0.9681132790214946,2.709389041673412e-16,,,
a,cell_basis,Cycle-basis 2-cells,16,47,10,0.9224179829890644,0.010093306274373085,0.9686490019267424,4.0691352531643863e-16,,,
a,cell_basis,Cycle-basis 2-cells,16,48,10,0.9230862697448361,0.010032786848370062,0.9691639593618276,3.2262333127554173e-16,,,
a,cell_basis,Cycle-basis 2-cells,16,49,10,0.9236938031591737,0.009725596090111789,0.9696591936174166,3.627861250862591e-16,,,
a,cell_basis,Cycle-basis 2-cells,16,50,10,0.9252126366950183,0.009760322579990996,0.970135689998299,5.362886707379033e-16,,,
a,cell_basis,Cycle-basis 2-cells,16,51,10,0.9259416767922236,0.00923792686099238,0.9705943803206786,2.122691711248235e-16,,,
a,cell_basis,Cycle-basis 2-cells,16,52,10,0.9266707168894289,0.009623221890241142,0.9710361461158052,5.767700923000835e-16,,,
a,cell_basis,Cycle-basis 2-cells,16,53,10,0.9281287970838396,0.009610428449473947,0.9714618215810011,2.8208308282036137e-16,,,
a,cell_basis,Cycle-basis 2-cells,16,54,10,0.928857837181045,0.009793879162131635,0.9718721963107801,6.558778181783044e-16,,,
a,cell_basis,Cycle-basis 2-cells,16,55,10,0.929404617253949,0.009736553561990399,0.9722680178344956,3.8029527907997864e-16,,,
a,cell_basis,Cycle-basis 2-cells,16,56,10,0.9298298906439854,0.009598472520173396,0.9726499939819974,3.7758465807882843e-16,,,
a,cell_basis,Cycle-basis 2-cells,16,57,10,0.9303766707168893,0.009503793987550068,0.97301879509511,2.916317306881066e-16,,,
a,cell_basis,Cycle-basis 2-cells,16,58,10,0.9306804374240583,0.0092468013784921,0.9733750560997431,3.2028004727485766e-16,,,
a,cell_basis,Cycle-basis 2-cells,16,59,10,0.9311664641555286,0.009101968930765333,0.9737193784507584,4.473156398885146e-16,,,
a,cell_basis,Cycle-basis 2-cells,16,60,10,0.9312879708383962,0.008990445426811863,0.9740523319605435,4.515816893988974e-16,,,
a,cell_basis,Cycle-basis 2-cells,16,61,10,0.9316524908869989,0.009276911236165543,0.974374456520172,4.24538342249647e-16,,,
a,cell_basis,Cycle-basis 2-cells,16,62,10,0.9328675577156744,0.008276984737823331,0.9746862637211391,3.8884230758414213e-16,,,
a,cell_basis,Cycle-basis 2-cells,16,63,10,0.9335358444714459,0.00805067741116763,0.9749882383848227,1.2873056051447903e-16,,,
a,cell_basis,Cycle-basis 2-cells,16,64,10,0.9344471445929526,0.008302709694140872,0.9752808400055857,5.086334923177759e-16,,,
a,cell_basis,Cycle-basis 2-cells,16,65,10,0.9350546780072904,0.008067216169508095,0.9755645041135012,5.30640667079009e-16,,,
a,cell_basis,Cycle-basis 2-cells,16,66,10,0.935419198055893,0.008191318951774983,0.9758396435614303,5.032194638293272e-16,,,
a,cell_basis,Cycle-basis 2-cells,16,67,10,0.935965978128797,0.008055769876355983,0.9761066497413233,6.135872759579183e-16,,,
a,cell_basis,Cycle-basis 2-cells,16,68,10,0.9360874848116646,0.007987261101554509,0.9763658937336974,5.827936558538461e-16,,,
a,cell_basis,Cycle-basis 2-cells,16,69,10,0.9363304981773999,0.0080486395229155,0.9766177273946631,2.41258953748256e-16,,,
a,cell_basis,Cycle-basis 2-cells,16,70,10,0.9366950182260025,0.007747473774522695,0.9768624843834439,3.2452797883654927e-16,,,
a,cell_basis,Cycle-basis 2-cells,16,71,10,0.9369987849331712,0.007812049253101162,0.9771004811344856,3.717359458432082e-16,,,
a,cell_basis,Cycle-basis 2-cells,16,72,10,0.9371810449574726,0.007828568280825957,0.9773320177766955,4.704458624755238e-16,,,
a,cell_basis,Cycle-basis 2-cells,16,73,10,0.9379100850546781,0.007406483240607502,0.9775573790031489,4.922127866230951e-16,,,
a,cell_basis,Cycle-basis 2-cells,16,74,10,0.9384568651275821,0.007335544941337255,0.977776834893832,4.657646926676369e-16,,,
a,cell_basis,Cycle-basis 2-cells,16,75,10,0.9388213851761847,0.006980321283077219,0.9779906416939242,2.709389041673412e-16,,,
a,cell_basis,Cycle-basis 2-cells,16,76,10,0.9391251518833537,0.00687822753028878,0.9781990425503931,4.095972380006151e-16,,,
a,cell_basis,Cycle-basis 2-cells,16,77,10,0.9391859052247874,0.0068282599722569335,0.9784022682087536,2.220446049250313e-16,,,
a,cell_basis,Cycle-basis 2-cells,16,78,10,0.9396719319562576,0.0066308096739433175,0.9786005376724617,3.9234862116835754e-16,,,
a,cell_basis,Cycle-basis 2-cells,16,79,10,0.9400364520048603,0.006686241891461479,0.9787940588268901,3.463706049917663e-16,,,
a,cell_basis,Cycle-basis 2-cells,16,80,10,0.9402187120291616,0.00664409385880551,0.9789830290297363,3.5899118678562583e-16,,,
a,cell_basis,Cycle-basis 2-cells,16,81,10,0.940400972053463,0.006773990002181339,0.9791676356697779,5.767700923000835e-16,,,
a,cell_basis,Cycle-basis 2-cells,16,82,10,0.9405832320777643,0.0067396972446600685,0.9793480566956181,2.553244772742079e-16,,,
a,cell_basis,Cycle-basis 2-cells,16,83,10,0.9409477521263669,0.006739697244660049,0.9795244611160545,4.616297308712766e-16,,,
a,cell_basis,Cycle-basis 2-cells,16,84,10,0.9414945321992709,0.006209204173820137,0.9796970094736628,4.4099447382014006e-16,,,
a,cell_basis,Cycle-basis 2-cells,16,85,10,0.9420413122721749,0.006163795019764064,0.9798658542929173,6.017549902571372e-16,,,
a,cell_basis,Cycle-basis 2-cells,16,86,10,0.9421020656136088,0.006136120902400236,0.9800311405043939,3.105097951117579e-16,,,
a,cell_basis,Cycle-basis 2-cells,16,87,10,0.9421020656136088,0.006136120902400236,0.9801930058460462,4.1276148406169847e-16,,,
a,cell_basis,Cycle-basis 2-cells,16,88,10,0.9422235722964762,0.0061387937200822135,0.9803515812432415,3.4239377277779376e-16,,,
a,cell_basis,Cycle-basis 2-cells,16,89,10,0.9425273390036452,0.006069931444093729,0.9805069911681686,5.438959822042073e-16,,,
a,cell_basis,Cycle-basis 2-cells,16,90,10,0.9427703523693804,0.005888862330879186,0.9806593539802819,4.2016070561971274e-16,,,
a,cell_basis,Cycle-basis 2-cells,16,91,10,0.9429526123936818,0.005773876311923985,0.9808087822481955,5.383277985150942e-16,,,
a,cell_basis,Cycle-basis 2-cells,16,92,10,0.9431956257594167,0.00605674217445855,0.9809553830546447,2.7194799110210365e-16,,,
a,cell_basis,Cycle-basis 2-cells,16,93,10,0.9432563791008505,0.0060699314440937095,0.9810992582849192,4.503669415645669e-16,,,
a,cell_basis,Cycle-basis 2-cells,16,94,10,0.9434993924665858,0.006175759692983745,0.981240504899964,3.328612470361145e-16,,,
a,cell_basis,Cycle-basis 2-cells,16,95,10,0.9435601458080194,0.006091850103448488,0.9813792151948352,4.593992633323155e-16,,,
a,cell_basis,Cycle-basis 2-cells,16,96,10,0.9436208991494531,0.006073983919082199,0.9815154770433253,4.966447300634869e-16,,,
a,cell_basis,Cycle-basis 2-cells,16,97,10,0.9439854191980558,0.006053694416049687,0.9816493741294942,6.259619056008303e-16,,,
a,cell_basis,Cycle-basis 2-cells,16,98,10,0.9439854191980558,0.006053694416049687,0.981780986166927,5.520189450057573e-16,,,
a,cell_basis,Cycle-basis 2-cells,16,99,10,0.9440461725394897,0.0059694430464439065,0.9819103891061081,3.7007434154171886e-16,,,
a,cell_basis,Cycle-basis 2-cells,16,100,10,0.9441676792223571,0.005900341944628652,0.982037655330845,2.6402671133462276e-16,,,
a,cell_basis,Cycle-basis 2-cells,16,101,10,0.944471445929526,0.005919425162072111,0.9821628538441409,2.5746112102895806e-16,,,
a,cell_basis,Cycle-basis 2-cells,16,102,10,0.9447752126366951,0.006024153256823078,0.9822860504441072,2.1610567144161218e-16,,,
a,cell_basis,Cycle-basis 2-cells,16,103,10,0.9449574726609964,0.006190351777899651,0.9824073078906519,4.0217393820828435e-16,,,
a,cell_basis,Cycle-basis 2-cells,16,104,10,0.945321992709599,0.006142466945363741,0.9825266860630005,4.485386514393286e-16,,,
a,cell_basis,Cycle-basis 2-cells,16,105,10,0.9459295261239369,0.006281110740895418,0.9826442421090688,3.819124172567929e-16,,,
a,cell_basis,Cycle-basis 2-cells,16,106,10,0.9460510328068044,0.006273270782681764,0.982760030586743,6.259619056008303e-16,,,
a,cell_basis,Cycle-basis 2-cells,16,107,10,0.9461117861482382,0.0062487075147506475,0.9828741035975932,4.114321360548729e-16,,,
a,cell_basis,Cycle-basis 2-cells,16,108,10,0.9464763061968409,0.006178747241183808,0.9829865109135986,3.8884230758414213e-16,,,
a,cell_basis,Cycle-basis 2-cells,16,109,10,0.9473876063183475,0.005344145769152129,0.9830973000969697,5.805568877865527e-16,,,
a,cell_basis,Cycle-basis 2-cells,16,110,10,0.9479951397326852,0.005367118274111765,0.9832065166137156,5.433921414455764e-16,,,
a,cell_basis,Cycle-basis 2-cells,16,111,10,0.9480558930741191,0.005359854300472273,0.9833142039410084,5.939664359685442e-16,,,
a,cell_basis,Cycle-basis 2-cells,16,112,10,0.9482989064398542,0.005330699422987355,0.9834204036690795,3.351165692402871e-16,,,
a,cell_basis,Cycle-basis 2-cells,16,113,10,0.9485419198055893,0.005342994551150936,0.9835251555974466,2.923353064529547e-16,,,
a,cell_basis,Cycle-basis 2-cells,16,114,10,0.9486026731470231,0.005412770797015186,0.983628497826144,2.3434795139979835e-16,,,
a,cell_basis,Cycle-basis 2-cells,16,115,10,0.949149453219927,0.00627490491508665,0.9837304668421435,1.6383889520024605e-16,,,
a,cell_basis,Cycle-basis 2-cells,16,116,10,0.9492709599027946,0.006256578252642932,0.9838310976010872,3.4418903352869814e-16,,,
a,cell_basis,Cycle-basis 2-cells,16,117,10,0.9493317132442284,0.006249691899063442,0.983930423604743,2.8880028761227e-16,,,
a,cell_basis,Cycle-basis 2-cells,16,118,10,0.9495747266099634,0.006208873923351923,0.9840284769743638,1.7199501139797033e-16,,,
a,cell_basis,Cycle-basis 2-cells,16,119,10,0.9498784933171324,0.005592021576137738,0.9841252885201047,3.3998534588685e-16,,,
a,cell_basis,Cycle-basis 2-cells,16,120,10,0.9499392466585663,0.0055696085738161216,0.9842208878067968,3.6051395581293713e-16,,,
a,cell_basis,Cycle-basis 2-cells,16,121,10,0.9500607533414337,0.005566662470159149,0.9843153032162666,2.5666196404353564e-16,,,
a,cell_basis,Cycle-basis 2-cells,16,122,10,0.9501215066828677,0.00553452233128202,0.984408562006274,3.59562980915103e-16,,,
a,cell_basis,Cycle-basis 2-cells,16,123,10,0.950243013365735,0.00566633257350883,0.9845006903664275,3.966879327499133e-16,,,
a,cell_basis,Cycle-basis 2-cells,16,124,10,0.9504252733900364,0.005693408956113607,0.9845917134710817,2.1862593939276816e-16,,,
a,cell_basis,Cycle-basis 2-cells,16,125,10,0.950850546780073,0.005549322524389623,0.9846816555294933,3.4239377277779376e-16,,,
a,cell_basis,Cycle-basis 2-cells,16,126,10,0.9511543134872419,0.0054655501421042455,0.9847705398332559,3.342982125383114e-16,,,
a,cell_basis,Cycle-basis 2-cells,16,127,10,0.9513365735115432,0.005459919616099321,0.9848583888013307,1.1761146561888094e-16,,,
a,cell_basis,Cycle-basis 2-cells,16,128,10,0.9516403402187119,0.005510387235809436,0.9849452240226164,1.7199501139797033e-16,,,
a,cell_basis,Cycle-basis 2-cells,16,129,10,0.9517618469015796,0.005502939756752958,0.9850310662963588,1.7397430568082641e-16,,,
a,cell_basis,Cycle-basis 2-cells,16,130,10,0.9520048602673146,0.005634033107834574,0.9851159356703667,3.6635490702621416e-16,,,
a,cell_basis,Cycle-basis 2-cells,16,131,10,0.9520048602673146,0.005634033107834574,0.9851998514772772,3.342982125383114e-16,,,
a,cell_basis,Cycle-basis 2-cells,16,132,10,0.9521263669501823,0.0054700503899989235,0.985282832368861,3.7081375155272613e-16,,,
a,cell_basis,Cycle-basis 2-cells,16,133,10,0.9522478736330499,0.005344145769152127,0.9853648963486167,3.5186266712149677e-16,,,
a,cell_basis,Cycle-basis 2-cells,16,134,10,0.9523086269744836,0.005313747170272153,0.9854460608025439,1.0789428415231562e-16,,,
a,cell_basis,Cycle-basis 2-cells,16,135,10,0.9524908869987849,0.005371700985868082,0.9855263425284267,1.5917499294642454e-16,,,
a,cell_basis,Cycle-basis 2-cells,16,136,10,0.9525516403402188,0.005338387196556383,0.98560575776349,1.5213611697165703e-16,,,
a,cell_basis,Cycle-basis 2-cells,16,137,10,0.9527339003645201,0.005439978417296328,0.9856843222106775,4.160662724737088e-16,,,
a,cell_basis,Cycle-basis 2-cells,16,138,10,0.9528554070473876,0.005397596192452866,0.9857620510635405,3.4099092437943086e-16,,,
a,cell_basis,Cycle-basis 2-cells,16,139,10,0.9529161603888214,0.005397976077465299,0.9858389590298089,3.8029527907997864e-16,,,
a,cell_basis,Cycle-basis 2-cells,16,140,10,0.9530376670716889,0.0054493937353891995,0.9859150603537902,1.1466334093198023e-16,,,
a,cell_basis,Cycle-basis 2-cells,16,141,10,0.9530376670716889,0.0054493937353891995,0.9859903688375582,8.75755732095546e-17,,,
a,cell_basis,Cycle-basis 2-cells,16,142,10,0.9531591737545565,0.0055788051201108736,0.9860648978610638,3.541903396947236e-16,,,
a,cell_basis,Cycle-basis 2-cells,16,143,10,0.9534629404617254,0.005502939756752947,0.9861386604012152,3.3017600539857414e-16,,,
a,cell_basis,Cycle-basis 2-cells,16,144,10,0.9536452004860267,0.005479414035439951,0.9862116690499766,3.992688834149398e-16,,,
a,cell_basis,Cycle-basis 2-cells,16,145,10,0.9537059538274605,0.005514850895703629,0.9862839360314993,3.861916815434371e-16,,,
a,cell_basis,Cycle-basis 2-cells,16,146,10,0.9537059538274605,0.005514850895703629,0.9863554732183877,2.1610567144161218e-16,,,
a,cell_basis,Cycle-basis 2-cells,16,147,10,0.9537667071688943,0.0055196824538392315,0.9864262921471975,1.5213611697165703e-16,,,
a,cell_basis,Cycle-basis 2-cells,16,148,10,0.9538274605103281,0.005388470917638764,0.9864964040330069,3.9582387610913778e-16,,,
a,cell_basis,Cycle-basis 2-cells,16,149,10,0.9538882138517618,0.005399495350244478,0.9865658197833858,3.359329323725947e-16,,,
a,cell_basis,Cycle-basis 2-cells,16,150,10,0.9538882138517618,0.005399495350244478,0.9866345500115301,1.4043333874306804e-16,,,
a,cell_basis,Cycle-basis 2-cells,16,151,10,0.9538882138517618,0.005399495350244478,0.9867026050488243,1.3291800990276768e-16,,,
a,cell_basis,Cycle-basis 2-cells,16,152,10,0.9540704738760631,0.005480536597824543,0.9867699949567059,4.502148676309507e-16,,,
a,cell_basis,Cycle-basis 2-cells,16,153,10,0.9543134872417983,0.005544516795025552,0.9868367295379625,4.392830758622045e-16,,,
a,cell_basis,Cycle-basis 2-cells,16,154,10,0.9549817739975699,0.006323083975170772,0.9869028183474275,4.213000162292041e-16,,,
a,cell_basis,Cycle-basis 2-cells,16,155,10,0.9551032806804374,0.006323083975170773,0.9869682707021564,4.290309365903226e-16,,,
a,cell_basis,Cycle-basis 2-cells,16,156,10,0.9551640340218712,0.006331833858521755,0.9870330956911161,4.3787786604777306e-16,,,
a,cell_basis,Cycle-basis 2-cells,16,157,10,0.9553462940461726,0.006328270551640228,0.9870973021843419,1.3031662313448182e-16,,,
a,cell_basis,Cycle-basis 2-cells,16,158,10,0.9562575941676792,0.005380854700521029,0.9871608988416462,1.5213611697165703e-16,,,
a,cell_basis,Cycle-basis 2-cells,16,159,10,0.9563183475091129,0.005384283331426101,0.9872238941209442,1.4616765322647736e-16,,,
a,cell_basis,Cycle-basis 2-cells,16,160,10,0.9567436208991495,0.005455035125907857,0.9872862962860909,3.481453592492223e-16,,,
a,cell_basis,Cycle-basis 2-cells,16,161,10,0.9568043742405832,0.005384283331426093,0.987348113414394,4.3221134288322437e-16,,,
a,cell_basis,Cycle-basis 2-cells,16,162,10,0.9570473876063182,0.0051792990654260344,0.9874093534037272,4.055650095105736e-16,,,
a,cell_basis,Cycle-basis 2-cells,16,163,10,0.9570473876063182,0.0051792990654260344,0.9874700239792803,4.704458624755238e-16,,,
a,cell_basis,Cycle-basis 2-cells,16,164,10,0.9572296476306196,0.005092661906520843,0.9875301327000241,3.7025933247631223e-16,,,
a,cell_basis,Cycle-basis 2-cells,16,165,10,0.9574119076549209,0.005237566044720189,0.9875896869648105,1.2218059171227445e-16,,,
a,cell_basis,Cycle-basis 2-cells,16,166,10,0.9574119076549209,0.005237566044720189,0.987648694018203,4.055650095105736e-16,,,
a,cell_basis,Cycle-basis 2-cells,16,167,10,0.9574726609963549,0.005280844394655853,0.9877071609560533,1.3291800990276768e-16,,,
a,cell_basis,Cycle-basis 2-cells,16,168,10,0.9575941676792225,0.005371700985868087,0.9877650947307275,4.423897841319463e-16,,,
a,cell_basis,Cycle-basis 2-cells,16,169,10,0.9575941676792225,0.005371700985868087,0.9878225021561727,3.557336600312149e-16,,,
a,cell_basis,Cycle-basis 2-cells,16,170,10,0.9575941676792225,0.005371700985868087,0.9878793899126798,2.691638992575471e-16,,,
a,cell_basis,Cycle-basis 2-cells,16,171,10,0.9576549210206562,0.005373609295632313,0.98793576455147,3.819124172567929e-16,,,
a,cell_basis,Cycle-basis 2-cells,16,172,10,0.9577764277035238,0.005321459434374626,0.9879916324990052,1.8906416838689213e-16,,,
a,cell_basis,Cycle-basis 2-cells,16,173,10,0.9578371810449575,0.005266847138540616,0.9880470000611459,2.791548054292249e-16,,,
a,cell_basis,Cycle-basis 2-cells,16,174,10,0.9578371810449575,0.005266847138540616,0.988101873427109,2.0967250860301e-16,,,
a,cell_basis,Cycle-basis 2-cells,16,175,10,0.9578371810449575,0.005266847138540616,0.98815625867321,3.8029527907997864e-16,,,
a,cell_basis,Cycle-basis 2-cells,16,176,10,0.9578979343863911,0.005312203373850763,0.9882101617664516,1.5744477859371569e-16,,,
a,cell_basis,Cycle-basis 2-cells,16,177,10,0.9579586877278251,0.00526373158243329,0.9882635885679821,4.291905166354878e-16,,,
a,cell_basis,Cycle-basis 2-cells,16,178,10,0.9580194410692588,0.005315290518306517,0.9883165448363231,1.2604277892459475e-16,,,
a,cell_basis,Cycle-basis 2-cells,16,179,10,0.9581409477521264,0.005315290518306517,0.9883690362305237,4.1803660522659606e-16,,,
a,cell_basis,Cycle-basis 2-cells,16,180,10,0.9581409477521264,0.005315290518306517,0.9884210683131199,2.1862593939276816e-16,,,
a,cell_basis,Cycle-basis 2-cells,16,181,10,0.9582017010935602,0.0054021530494843895,0.9884726465529898,7.49343429207797e-17,,,
a,cell_basis,Cycle-basis 2-cells,16,182,10,0.9582624544349938,0.0053044776522323195,0.9885237763280731,8.75755732095546e-17,,,
a,cell_basis,Cycle-basis 2-cells,16,183,10,0.9585054678007291,0.0054116341776493495,0.9885744629279781,3.7758465807882843e-16,,,
a,cell_basis,Cycle-basis 2-cells,16,184,10,0.9585054678007291,0.0054116341776493495,0.9886247115564633,1.6383889520024605e-16,,,
a,cell_basis,Cycle-basis 2-cells,16,185,10,0.9586269744835967,0.005391894705499392,0.9886745273338073,9.064933036736789e-17,,,
a,cell_basis,Cycle-basis 2-cells,16,186,10,0.9586269744835967,0.005391894705499392,0.9887239152991144,3.6635490702621416e-16,,,
a,cell_basis,Cycle-basis 2-cells,16,187,10,0.9588699878493318,0.005419207137102423,0.9887728804124679,3.9443744846543383e-16,,,
a,cell_basis,Cycle-basis 2-cells,16,188,10,0.9589307411907655,0.005351814227349994,0.9888214275570231,1.0532500405730103e-16,,,
a,cell_basis,Cycle-basis 2-cells,16,189,10,0.9589914945321993,0.005329160537440569,0.9888695615410154,2.3434795139979835e-16,,,
a,cell_basis,Cycle-basis 2-cells,16,190,10,0.9590522478736331,0.005313361263218344,0.9889172870996793,3.174884146624992e-16,,,
a,cell_basis,Cycle-basis 2-cells,16,191,10,0.9591130012150668,0.00541163417764935,0.9889646088970652,8.75755732095546e-17,,,
a,cell_basis,Cycle-basis 2-cells,16,192,10,0.9592952612393681,0.00533492906938821,0.9890115315278358,4.2855183991760767e-16,,,
a,cell_basis,Cycle-basis 2-cells,16,193,10,0.959356014580802,0.005346063914926228,0.9890580595189308,3.2452797883654927e-16,,,
a,cell_basis,Cycle-basis 2-cells,16,194,10,0.959356014580802,0.005346063914926228,0.9891041973311914,1.4849160899213605e-16,,,
a,cell_basis,Cycle-basis 2-cells,16,195,10,0.9595382746051033,0.005227769234592969,0.9891499493609499,3.5496283862699463e-16,,,
a,cell_basis,Cycle-basis 2-cells,16,196,10,0.9597205346294047,0.005179299065426028,0.9891953199414752,1.8466672561297192e-16,,,
a,cell_basis,Cycle-basis 2-cells,16,197,10,0.9597812879708384,0.0051135566146898815,0.9892403133444819,9.064933036736789e-17,,,
a,cell_basis,Cycle-basis 2-cells,16,198,10,0.9597812879708384,0.0051135566146898815,0.9892849337814548,4.3094199699121907e-16,,,
a,cell_basis,Cycle-basis 2-cells,16,199,10,0.9598420413122721,0.005221882326189227,0.9893291854050128,4.0892796102084093e-16,,,
a,cell_basis,Cycle-basis 2-cells,16,200,10,0.9598420413122721,0.005221882326189227,0.9893730723101891,1.975656351854947e-16,,,
b,cell_basis,Cycle-basis 2-cells,16,,10,,,,,1.0,0.0,
a,cell_basis,Cycle-basis 2-cells,32,1,10,0.6169501822600243,0.022904806501162334,0.8008677934119541,4.1688837616501636e-16,,,
a,cell_basis,Cycle-basis 2-cells,32,2,10,0.7331713244228433,0.013876963991872816,0.8695717425192575,3.06291017682959e-16,,,
a,cell_basis,Cycle-basis 2-cells,32,3,10,0.7936816524908871,0.019811344922679035,0.9094469078638753,6.22011194919988e-16,,,
a,cell_basis,Cycle-basis 2-cells,32,4,10,0.8298906439854191,0.00890588636180478,0.9336554531314739,3.7025933247631223e-16,,,
a,cell_basis,Cycle-basis 2-cells,32,5,10,0.8546172539489671,0.014042216358215913,0.9491112033467953,3.053954279949072e-16,,,
a,cell_basis,Cycle-basis 2-cells,32,6,10,0.8724787363304982,0.011258781521963215,0.9595014703465908,4.471625282496328e-16,,,
a,cell_basis,Cycle-basis 2-cells,32,7,10,0.8828675577156744,0.0077209612274846,0.9668343350278574,3.717359458432082e-16,,,
a,cell_basis,Cycle-basis 2-cells,32,8,10,0.8922235722964762,0.006992941547556175,0.9722340253080164,2.398355846665908e-16,,,
a,cell_basis,Cycle-basis 2-cells,32,9,10,0.9004860267314703,0.008978349065327431,0.9763521399399646,5.161177293315538e-16,,,
a,cell_basis,Cycle-basis 2-cells,32,10,10,0.905224787363305,0.008747918617438295,0.9795820420124517,4.562582906278591e-16,,,
a,cell_basis,Cycle-basis 2-cells,32,11,10,0.9111178614823816,0.008481566834892467,0.982171974854886,2.8880028761227e-16,,,
a,cell_basis,Cycle-basis 2-cells,32,12,10,0.9153098420413123,0.009333984186570037,0.9842857431438888,7.670454735394362e-16,,,
a,cell_basis,Cycle-basis 2-cells,32,13,10,0.919501822600243,0.010179080892557478,0.9860360031514281,8.666379406529416e-16,,,
a,cell_basis,Cycle-basis 2-cells,32,14,10,0.9219319562575942,0.010472978585581938,0.9875030619881766,3.433922985862513e-16,,,
a,cell_basis,Cycle-basis 2-cells,32,15,10,0.924483596597813,0.010019902402226848,0.988745874756581,3.6429303136519523e-16,,,
a,cell_basis,Cycle-basis 2-cells,32,16,10,0.9268529769137303,0.008428940767365337,0.9898087413584248,4.733480853301196e-16,,,
a,cell_basis,Cycle-basis 2-cells,32,17,10,0.9300729040097206,0.010232124506142594,0.9907255611178266,5.166481690700444e-16,,,
a,cell_basis,Cycle-basis 2-cells,32,18,10,0.9340218712029161,0.009089118608455795,0.9915226497093151,5.374366321030183e-16,,,
a,cell_basis,Cycle-basis 2-cells,32,19,10,0.9360874848116646,0.00920390287024107,0.9922206749102047,2.1736945807150596e-16,,,
a,cell_basis,Cycle-basis 2-cells,32,20,10,0.9375455650060754,0.00900571380133645,0.9928360292043477,3.0427223394331407e-16,,,
a,cell_basis,Cycle-basis 2-cells,32,21,10,0.9414337788578372,0.007791811770873283,0.9933818277748385,6.943210095494226e-16,,,
a,cell_basis,Cycle-basis 2-cells,32,22,10,0.9429526123936818,0.007665788904110617,0.9938686482793372,7.656157510037639e-16,,,
a,cell_basis,Cycle-basis 2-cells,32,23,10,0.9451397326852977,0.006753374517561345,0.9943050872974573,4.055650095105736e-16,,,
a,cell_basis,Cycle-basis 2-cells,32,24,10,0.9467800729040098,0.006557109263612014,0.9946981835490748,1.9582493486507355e-16,,,
a,cell_basis,Cycle-basis 2-cells,32,25,10,0.9481166464155528,0.007109265920608396,0.995053742559523,3.21773202442742e-16,,,
a,cell_basis,Cycle-basis 2-cells,32,26,10,0.948906439854192,0.007332189759758475,0.9953765874524088,3.383702044679182e-16,,,
a,cell_basis,Cycle-basis 2-cells,32,27,10,0.9493924665856621,0.007501390887692634,0.9956707538226972,2.1097483484280642e-16,,,
a,cell_basis,Cycle-basis 2-cells,32,28,10,0.950850546780073,0.007326594376037709,0.995939641964258,3.6259732146947156e-16,,,
a,cell_basis,Cycle-basis 2-cells,32,29,10,0.9517618469015796,0.007166720111118944,0.9961861363851924,4.3850295967943206e-16,,,
a,cell_basis,Cycle-basis 2-cells,32,30,10,0.9524908869987849,0.007198694164567996,0.996412700109954,4.746482961626408e-16,,,
a,cell_basis,Cycle-basis 2-cells,32,31,10,0.9538274605103281,0.006202265221188162,0.9966214494665586,3.3998534588685e-16,,,
a,cell_basis,Cycle-basis 2-cells,32,32,10,0.9541919805589307,0.006196973185052898,0.9968142137097358,4.1557222962484375e-16,,,
a,cell_basis,Cycle-basis 2-cells,32,33,10,0.9551032806804374,0.006470539851187536,0.9969925828160522,2.6168207644729585e-16,,,
a,cell_basis,Cycle-basis 2-cells,32,34,10,0.9564398541919805,0.005959817124188516,0.9971579460165568,3.5899118678562583e-16,,,
a,cell_basis,Cycle-basis 2-cells,32,35,10,0.9572296476306198,0.0059608492165201254,0.9973115230464652,1.9193983409904102e-16,,,
a,cell_basis,Cycle-basis 2-cells,32,36,10,0.9578371810449575,0.00559165487417492,0.9974543896435147,4.3410840251730974e-16,,,
a,cell_basis,Cycle-basis 2-cells,32,37,10,0.9583232077764278,0.005671758190825537,0.9975874984834411,4.682573910215688e-16,,,
a,cell_basis,Cycle-basis 2-cells,32,38,10,0.9590522478736331,0.005547474659623796,0.9977116964775288,1.751511464191092e-16,,,
a,cell_basis,Cycle-basis 2-cells,32,39,10,0.9592345078979344,0.005578805120110871,0.9978277391549744,4.546043582783968e-16,,,
a,cell_basis,Cycle-basis 2-cells,32,40,10,0.959902794653706,0.005612153284953843,0.9979363026958783,4.114321360548729e-16,,,
a,cell_basis,Cycle-basis 2-cells,32,41,10,0.9605103280680437,0.005713542316592111,0.9980379940602375,5.737942696778685e-16,,,
a,cell_basis,Cycle-basis 2-cells,32,42,10,0.9614216281895505,0.005060752936249422,0.998133359564928,2.5666196404353564e-16,,,
a,cell_basis,Cycle-basis 2-cells,32,43,10,0.9620291616038882,0.004655554448186586,0.9982228921876137,3.932203143583111e-16,,,
a,cell_basis,Cycle-basis 2-cells,32,44,10,0.9627582017010935,0.0047583653896099525,0.9983070378202271,5.316720396110707e-16,,,
a,cell_basis,Cycle-basis 2-cells,32,45,10,0.9629404617253948,0.004626836637827404,0.998386200650258,4.859119791621044e-16,,,
a,cell_basis,Cycle-basis 2-cells,32,46,10,0.9632442284325637,0.004879215797147317,0.9984607478136454,3.463706049917663e-16,,,
a,cell_basis,Cycle-basis 2-cells,32,47,10,0.9633049817739975,0.0049786447939632805,0.9985310134355269,3.1856501461435586e-16,,,
a,cell_basis,Cycle-basis 2-cells,32,48,10,0.9635479951397328,0.004826397443423628,0.9985973021538437,3.9094986940344543e-16,,,
a,cell_basis,Cycle-basis 2-cells,32,49,10,0.9641555285540704,0.005107136578743807,0.9986598922034453,1.5525489755587895e-16,,,
a,cell_basis,Cycle-basis 2-cells,32,50,10,0.9642770352369381,0.0049339626837881035,0.9987190381248606,3.433922985862513e-16,,,
a,cell_basis,Cycle-basis 2-cells,32,51,10,0.964580801944107,0.004911051677511182,0.9987749731509454,2.1736945807150596e-16,,,
a,cell_basis,Cycle-basis 2-cells,32,52,10,0.9649453219927097,0.004927724791769931,0.9988279113157418,4.2518304777254294e-16,,,
a,cell_basis,Cycle-basis 2-cells,32,53,10,0.9655528554070474,0.0052108756363590455,0.9988780493228777,3.671018087332943e-16,,,
a,cell_basis,Cycle-basis 2-cells,32,54,10,0.9663426488456865,0.00547304849950875,0.9989255682048693,3.1856501461435586e-16,,,
a,cell_basis,Cycle-basis 2-cells,32,55,10,0.9665856622114216,0.005411255251473222,0.9989706348001128,3.95996838265572e-16,,,
a,cell_basis,Cycle-basis 2-cells,32,56,10,0.9665856622114216,0.005411255251473222,0.9990134030701945,3.383702044679182e-16,,,
a,cell_basis,Cycle-basis 2-cells,32,57,10,0.9667679222357229,0.005312203373850745,0.9990540152771308,2.512693045744634e-16,,,
a,cell_basis,Cycle-basis 2-cells,32,58,10,0.9669501822600243,0.005367118274111762,0.9990926030373014,3.2347122585540446e-16,,,
a,cell_basis,Cycle-basis 2-cells,32,59,10,0.9673754556500608,0.0053506646592501,0.9991292882664828,3.633519473044082e-16,,,
a,cell_basis,Cycle-basis 2-cells,32,60,10,0.9677399756986634,0.005284337915531322,0.9991641840287041,3.7758465807882843e-16,,,
a,cell_basis,Cycle-basis 2-cells,32,61,10,0.9678614823815309,0.005142746329284974,0.9991973952997759,1.3896279205500545e-16,,,
a,cell_basis,Cycle-basis 2-cells,32,62,10,0.9682867557715674,0.0052559346123963735,0.9992290196550787,3.6429303136519523e-16,,,
a,cell_basis,Cycle-basis 2-cells,32,63,10,0.9684690157958687,0.0052140227757891434,0.9992591478900472,1.975656351854947e-16,,,
a,cell_basis,Cycle-basis 2-cells,32,64,10,0.9690157958687727,0.004860267314702313,0.9992878645805574,3.4099092437943086e-16,,,
a,cell_basis,Cycle-basis 2-cells,32,65,10,0.9696233292831107,0.004418271411355091,0.9993152485898731,3.342982125383114e-16,,,
a,cell_basis,Cycle-basis 2-cells,32,66,10,0.9696840826245443,0.004281087375604653,0.9993413735276642,3.0269276043701823e-16,,,
a,cell_basis,Cycle-basis 2-cells,32,67,10,0.969805589307412,0.004372083682857293,0.9993663081663222,2.0134220970077508e-16,,,
a,cell_basis,Cycle-basis 2-cells,32,68,10,0.9699270959902794,0.004279171042753236,0.9993901168188396,3.3121136700345437e-16,,,
a,cell_basis,Cycle-basis 2-cells,32,69,10,0.9706561360874849,0.004381453782938548,0.9994128596824152,3.105097951117579e-16,,,
a,cell_basis,Cycle-basis 2-cells,32,70,10,0.9707776427703523,0.0041939856244970495,0.9994345931510809,3.3100455376630307e-16,,,
a,cell_basis,Cycle-basis 2-cells,32,71,10,0.9710206561360876,0.0038747954299473827,0.9994553701006614,1.797814904575515e-16,,,
a,cell_basis,Cycle-basis 2-cells,32,72,10,0.9713244228432565,0.0036653956571077472,0.9994752401487027,4.055650095105736e-16,,,
a,cell_basis,Cycle-basis 2-cells,32,73,10,0.9713851761846902,0.0035128532566635275,0.9994942498919253,2.41258953748256e-16,,,
a,cell_basis,Cycle-basis 2-cells,32,74,10,0.9716281895504253,0.0034847218468286906,0.9995124431233819,2.2812914531392954e-16,,,
a,cell_basis,Cycle-basis 2-cells,32,75,10,0.9717496962332929,0.003568450827603526,0.9995298610312492,3.2788670198715954e-16,,,
a,cell_basis,Cycle-basis 2-cells,32,76,10,0.9718712029161605,0.0036231953597890593,0.9995465423811376,2.2812914531392954e-16,,,
a,cell_basis,Cycle-basis 2-cells,32,77,10,0.9724179829890645,0.0035099334213517033,0.9995625236833231,1.1466334093198023e-16,,,
a,cell_basis,Cycle-basis 2-cells,32,78,10,0.9730255164034022,0.0028524612169556858,0.99957783934646,1.4043333874306804e-16,,,
a,cell_basis,Cycle-basis 2-cells,32,79,10,0.9737545565006075,0.002287569258232968,0.9995925218189642,1.1934538910164826e-16,,,
a,cell_basis,Cycle-basis 2-cells,32,80,10,0.9739975698663427,0.0021961023429284514,0.9996066017192262,1.0725773414758065e-16,,,
a,cell_basis,Cycle-basis 2-cells,32,81,10,0.9741190765492101,0.00198832526668829,0.9996201079556493,3.383702044679182e-16,,,
a,cell_basis,Cycle-basis 2-cells,32,82,10,0.9743013365735115,0.0020057805612659825,0.9996330678374722,3.59562980915103e-16,,,
a,cell_basis,Cycle-basis 2-cells,32,83,10,0.9746658566221142,0.0015699511902239262,0.999645507177139,3.393805686290811e-16,,,
a,cell_basis,Cycle-basis 2-cells,32,84,10,0.9753948967193196,0.0023832730449452892,0.9996574503850312,3.463706049917663e-16,,,
a,cell_basis,Cycle-basis 2-cells,32,85,10,0.9758809234507899,0.002105531588589715,0.9996689205571763,4.66499221893366e-16,,,
a,cell_basis,Cycle-basis 2-cells,32,86,10,0.9762454434993926,0.002334594214168422,0.999679939556548,3.6933345122594383e-16,,,
a,cell_basis,Cycle-basis 2-cells,32,87,10,0.9766099635479952,0.0024843750802724294,0.9996905280884991,3.3532084635114423e-16,,,
a,cell_basis,Cycle-basis 2-cells,32,88,10,0.9767922235722966,0.002526118449495762,0.999700705770856,1.4849160899213605e-16,,,
a,cell_basis,Cycle-basis 2-cells,32,89,10,0.9769137302551639,0.002577545982453995,0.9997104911990544,3.925231146709438e-16,,,
a,cell_basis,Cycle-basis 2-cells,32,90,10,0.9770352369380315,0.0026528186138214207,0.9997199020068133,3.7903273494864014e-16,,,
a,cell_basis,Cycle-basis 2-cells,32,91,10,0.9771567436208992,0.0026435267512483797,0.9997289549225667,3.4099092437943086e-16,,,
a,cell_basis,Cycle-basis 2-cells,32,92,10,0.9772174969623328,0.002644302320210717,0.9997376658221822,1.0532500405730103e-16,,,
a,cell_basis,Cycle-basis 2-cells,32,93,10,0.9773997569866342,0.0024769355773868944,0.9997460497780672,3.342982125383114e-16,,,
a,cell_basis,Cycle-basis 2-cells,32,94,10,0.9777035236938032,0.0021820516398624395,0.9997541211050855,1.9894722988601306e-16,,,
a,cell_basis,Cycle-basis 2-cells,32,95,10,0.9778857837181045,0.002258702874621086,0.999761893403457,3.717359458432082e-16,,,
a,cell_basis,Cycle-basis 2-cells,32,96,10,0.9778857837181045,0.002258702874621086,0.9997693795988953,3.159750121719031e-16,,,
a,cell_basis,Cycle-basis 2-cells,32,97,10,0.9781287970838395,0.0022368086304550864,0.9997765919801607,3.8901837384065565e-16,,,
a,cell_basis,Cycle-basis 2-cells,32,98,10,0.9781895504252734,0.0022267018237996624,0.9997835422342909,3.618411218528999e-16,,,
a,cell_basis,Cycle-basis 2-cells,32,99,10,0.9784325637910085,0.002313418318913702,0.9997902414795903,7.021666937153402e-17,,,
a,cell_basis,Cycle-basis 2-cells,32,100,10,0.9789185905224788,0.0019008019490088788,0.999796700296591,2.122691711248235e-16,,,
a,cell_basis,Cycle-basis 2-cells,32,101,10,0.9792223572296477,0.002021057100020196,0.9998029287571256,2.553244772742079e-16,,,
a,cell_basis,Cycle-basis 2-cells,32,102,10,0.979404617253949,0.0019518964374275589,0.9998089364516088,1.60886601221371e-16,,,
a,cell_basis,Cycle-basis 2-cells,32,103,10,0.9795868772782503,0.0018382836319012165,0.9998147325147515,1.751511464191092e-16,,,
a,cell_basis,Cycle-basis 2-cells,32,104,10,0.9802551640340219,0.0027357748250519186,0.9998203256496551,3.5186266712149677e-16,,,
a,cell_basis,Cycle-basis 2-cells,32,105,10,0.9803766707168894,0.002562386162476574,0.9998257241505477,3.5803616730494477e-16,,,
a,cell_basis,Cycle-basis 2-cells,32,106,10,0.9803766707168894,0.002562386162476574,0.9998309359241724,3.21773202442742e-16,,,
a,cell_basis,Cycle-basis 2-cells,32,107,10,0.9803766707168894,0.002562386162476574,0.9998359685099297,1.1466334093198023e-16,,,
a,cell_basis,Cycle-basis 2-cells,32,108,10,0.9804374240583232,0.0025743618601977683,0.9998408290988634,1.9050742725914191e-16,,,
a,cell_basis,Cycle-basis 2-cells,32,109,10,0.9805589307411907,0.002513097133655505,0.9998455245515874,4.694258454670627e-16,,,
a,cell_basis,Cycle-basis 2-cells,32,110,10,0.9806196840826246,0.0024876743846216206,0.9998500614151473,3.717359458432082e-16,,,
a,cell_basis,Cycle-basis 2-cells,32,111,10,0.9809842041312272,0.002864655876023803,0.9998544459389682,3.7393993321274882e-16,,,
a,cell_basis,Cycle-basis 2-cells,32,112,10,0.9809842041312272,0.002864655876023803,0.9998586840899264,3.342982125383114e-16,,,
a,cell_basis,Cycle-basis 2-cells,32,113,10,0.981044957472661,0.0029458236607481825,0.9998627815665492,2.729533475477815e-16,,,
a,cell_basis,Cycle-basis 2-cells,32,114,10,0.981044957472661,0.0029458236607481825,0.9998667438124406,2.366740426650598e-16,,,
a,cell_basis,Cycle-basis 2-cells,32,115,10,0.9812272174969623,0.002926969078306559,0.999870576028996,1.6383889520024605e-16,,,
a,cell_basis,Cycle-basis 2-cells,32,116,10,0.9812879708383961,0.002931868946270367,0.9998742831873914,2.366740426650598e-16,,,
a,cell_basis,Cycle-basis 2-cells,32,117,10,0.9814702308626975,0.0026751407074975435,0.9998778700399497,2.0404491062834961e-16,,,
a,cell_basis,Cycle-basis 2-cells,32,118,10,0.9814702308626975,0.0026751407074975435,0.99988134113088,1.816759736522041e-16,,,
a,cell_basis,Cycle-basis 2-cells,32,119,10,0.9814702308626975,0.0026751407074975435,0.9998847008064461,1.6755828462014355e-16,,,
a,cell_basis,Cycle-basis 2-cells,32,120,10,0.9818955042527339,0.0026217176723665006,0.9998879532246011,1.4616765322647736e-16,,,
a,cell_basis,Cycle-basis 2-cells,32,121,10,0.9819562575941678,0.002672072884576059,0.9998911023641,1.2819751242557092e-16,,,
a,cell_basis,Cycle-basis 2-cells,32,122,10,0.9820777642770352,0.002795093912888272,0.9998941520331333,1.5213611697165703e-16,,,
a,cell_basis,Cycle-basis 2-cells,32,123,10,0.9821992709599028,0.0027626260393333294,0.9998971058775226,5.3628867073790325e-17,,,
a,cell_basis,Cycle-basis 2-cells,32,124,10,0.9823815309842041,0.0025934079535977718,0.9998999673884642,6.302138946229738e-17,,,
a,cell_basis,Cycle-basis 2-cells,32,125,10,0.9825030376670718,0.002460322810609569,0.999902739909893,1.4285061330586922e-16,,,
a,cell_basis,Cycle-basis 2-cells,32,126,10,0.9825637910085054,0.002530173867822691,0.9999054266454529,1.6591551666970419e-16,,,
a,cell_basis,Cycle-basis 2-cells,32,127,10,0.9827460510328068,0.002433506502357206,0.9999080306651058,9.435081445006127e-17,,,
a,cell_basis,Cycle-basis 2-cells,32,128,10,0.9828675577156745,0.002476935577386907,0.9999105549114153,2.0303561386744092e-16,,,
a,cell_basis,Cycle-basis 2-cells,32,129,10,0.9830498177399758,0.002600514275818866,0.999913002205488,2.840184954533404e-16,,,
a,cell_basis,Cycle-basis 2-cells,32,130,10,0.9832320777642771,0.0025326040017599654,0.9999153752526387,1.3031662313448182e-16,,,
a,cell_basis,Cycle-basis 2-cells,32,131,10,0.9832928311057108,0.002451137796053092,0.9999176766477449,1.0725773414758065e-16,,,
a,cell_basis,Cycle-basis 2-cells,32,132,10,0.9833535844471445,0.002365135896420647,0.9999199088803419,1.3647667377389076e-16,,,
a,cell_basis,Cycle-basis 2-cells,32,133,10,0.9834143377885785,0.002292046790914684,0.9999220743394626,1.1040378900115146e-16,,,
a,cell_basis,Cycle-basis 2-cells,32,134,10,0.9835358444714458,0.0022450439938299788,0.9999241753182282,1.5525489755587895e-16,,,
a,cell_basis,Cycle-basis 2-cells,32,135,10,0.9835965978128798,0.002308982229848395,0.9999262140182228,1.0467283057891834e-16,,,
a,cell_basis,Cycle-basis 2-cells,32,136,10,0.9836573511543134,0.002334594214168426,0.9999281925536257,1.975656351854947e-16,,,
a,cell_basis,Cycle-basis 2-cells,32,137,10,0.9837181044957474,0.00230542721275945,0.9999301129551725,9.362222582871203e-17,,,
a,cell_basis,Cycle-basis 2-cells,32,138,10,0.9837181044957474,0.00230542721275945,0.9999319771738857,1.4285061330586922e-16,,,
a,cell_basis,Cycle-basis 2-cells,32,139,10,0.9837788578371811,0.0022193225099712325,0.9999337870846524,1.5032490816276445e-16,,,
a,cell_basis,Cycle-basis 2-cells,32,140,10,0.9837788578371811,0.0022193225099712325,0.999935544489602,9.064933036736789e-17,,,
a,cell_basis,Cycle-basis 2-cells,32,141,10,0.9837788578371811,0.0022193225099712325,0.9999372511213351,9.064933036736789e-17,,,
a,cell_basis,Cycle-basis 2-cells,32,142,10,0.9838396111786147,0.0022767872535528837,0.999938908645985,2.080331362368544e-16,,,
a,cell_basis,Cycle-basis 2-cells,32,143,10,0.9838396111786147,0.0022767872535528837,0.9999405186661413,1.2218059171227445e-16,,,
a,cell_basis,Cycle-basis 2-cells,32,144,10,0.9842648845686514,0.0026934742678283823,0.9999420827236231,1.7358025238735565e-16,,,
a,cell_basis,Cycle-basis 2-cells,32,145,10,0.9843863912515187,0.0025941985062616197,0.9999436023021163,1.671491062691557e-16,,,
a,cell_basis,Cycle-basis 2-cells,32,146,10,0.9844471445929527,0.002564785775453633,0.9999450788296933,1.6591551666970419e-16,,,
a,cell_basis,Cycle-basis 2-cells,32,147,10,0.9847509113001214,0.0025846959156965578,0.9999465136812125,1.5700924586837752e-16,,,
a,cell_basis,Cycle-basis 2-cells,32,148,10,0.9847509113001214,0.0025846959156965578,0.9999479081805868,1.199177923332954e-16,,,
a,cell_basis,Cycle-basis 2-cells,32,149,10,0.9847509113001214,0.0025846959156965578,0.9999492636029709,1.5213611697165703e-16,,,
a,cell_basis,Cycle-basis 2-cells,32,150,10,0.9847509113001214,0.0025846959156965578,0.9999505811768163,1.4092011087418584e-16,,,
a,cell_basis,Cycle-basis 2-cells,32,151,10,0.9847509113001214,0.0025846959156965578,0.999951862085854,1.9894722988601306e-16,,,
a,cell_basis,Cycle-basis 2-cells,32,152,10,0.9847509113001214,0.0025846959156965578,0.9999531074709687,1.1466334093198023e-16,,,
a,cell_basis,Cycle-basis 2-cells,32,153,10,0.9847509113001214,0.0025846959156965578,0.9999543184319887,1.8870162890012254e-16,,,
a,cell_basis,Cycle-basis 2-cells,32,154,10,0.9848116646415553,0.0025615857919549455,0.9999554960293974,1.8870162890012254e-16,,,
a,cell_basis,Cycle-basis 2-cells,32,155,10,0.9849331713244229,0.002652818613821437,0.9999566412859583,8.75755732095546e-17,,,
a,cell_basis,Cycle-basis 2-cells,32,156,10,0.9849331713244229,0.002652818613821437,0.9999577551882673,1.5213611697165703e-16,,,
a,cell_basis,Cycle-basis 2-cells,32,157,10,0.9849939246658567,0.002641198677920312,0.9999588386882381,1.5917499294642454e-16,,,
a,cell_basis,Cycle-basis 2-cells,32,158,10,0.9849939246658567,0.002641198677920312,0.999959892704507,1.0202245531417481e-16,,,
a,cell_basis,Cycle-basis 2-cells,32,159,10,0.9849939246658567,0.002641198677920312,0.9999609181237898,1.9442115379207106e-16,,,
a,cell_basis,Cycle-basis 2-cells,32,160,10,0.9850546780072904,0.0027350251949994626,0.9999619158021625,1.4285061330586922e-16,,,
a,cell_basis,Cycle-basis 2-cells,32,161,10,0.9851154313487243,0.002644302320210734,0.9999628865662921,1.4616765322647736e-16,,,
a,cell_basis,Cycle-basis 2-cells,32,162,10,0.985176184690158,0.0026279673061981924,0.999963831214606,6.302138946229738e-17,,,
a,cell_basis,Cycle-basis 2-cells,32,163,10,0.9853584447144593,0.00253664905145755,0.9999647505184172,1.5744477859371569e-16,,,
a,cell_basis,Cycle-basis 2-cells,32,164,10,0.9853584447144593,0.00253664905145755,0.9999656452229881,6.302138946229738e-17,,,
a,cell_basis,Cycle-basis 2-cells,32,165,10,0.9853584447144593,0.00253664905145755,0.999966516048557,1.1761146561888094e-16,,,
a,cell_basis,Cycle-basis 2-cells,32,166,10,0.9853584447144593,0.00253664905145755,0.9999673636913077,5.733167046599012e-17,,,
a,cell_basis,Cycle-basis 2-cells,32,167,10,0.9854191980558931,0.002609173496704159,0.9999681888243093,7.850462293418876e-17,,,
a,cell_basis,Cycle-basis 2-cells,32,168,10,0.9854799513973269,0.0025846959156965556,0.9999689920984066,6.302138946229738e-17,,,
a,cell_basis,Cycle-basis 2-cells,32,169,10,0.9855407047387607,0.002637313988837533,0.9999697741430656,1.3896279205500545e-16,,,
a,cell_basis,Cycle-basis 2-cells,32,170,10,0.9856014580801944,0.002578341398607005,0.9999705355671982,1.1761146561888094e-16,,,
a,cell_basis,Cycle-basis 2-cells,32,171,10,0.9856014580801944,0.002578341398607005,0.9999712769599327,1.0532500405730103e-16,,,
a,cell_basis,Cycle-basis 2-cells,32,172,10,0.9856622114216282,0.0026435267512484,0.9999719988913686,1.9442115379207106e-16,,,
a,cell_basis,Cycle-basis 2-cells,32,173,10,0.985722964763062,0.0025973583107291743,0.9999727019132824,1.199177923332954e-16,,,
a,cell_basis,Cycle-basis 2-cells,32,174,10,0.985722964763062,0.0025973583107291743,0.9999733865598184,1.691851022339591e-16,,,
a,cell_basis,Cycle-basis 2-cells,32,175,10,0.9857837181044957,0.0024835495693407597,0.9999740533481308,9.721057689603553e-17,,,
a,cell_basis,Cycle-basis 2-cells,32,176,10,0.9858444714459296,0.002447789245587971,0.9999747027790205,4.681111291435601e-17,,,
a,cell_basis,Cycle-basis 2-cells,32,177,10,0.9860267314702309,0.0024301336573511437,0.9999753353375308,1.797814904575515e-16,,,
a,cell_basis,Cycle-basis 2-cells,32,178,10,0.9860267314702309,0.0024301336573511437,0.9999759514935225,1.60886601221371e-16,,,
a,cell_basis,Cycle-basis 2-cells,32,179,10,0.9860267314702309,0.0024301336573511437,0.9999765517022139,1.5525489755587895e-16,,,
a,cell_basis,Cycle-basis 2-cells,32,180,10,0.9860267314702309,0.0024301336573511437,0.999977136404727,1.7554167342883506e-16,,,
a,cell_basis,Cycle-basis 2-cells,32,181,10,0.9860267314702309,0.0024301336573511437,0.9999777060285769,9.362222582871203e-17,,,
a,cell_basis,Cycle-basis 2-cells,32,182,10,0.9860267314702309,0.0024301336573511437,0.9999782609881555,1.7397430568082641e-16,,,
a,cell_basis,Cycle-basis 2-cells,32,183,10,0.9860267314702309,0.0024301336573511437,0.999978801685212,2.553244772742079e-16,,,
a,cell_basis,Cycle-basis 2-cells,32,184,10,0.9860267314702309,0.0024301336573511437,0.9999793285092775,2.0134220970077508e-16,,,
a,cell_basis,Cycle-basis 2-cells,32,185,10,0.9860874848116646,0.002504105701846837,0.9999798418381056,5.3628867073790325e-17,,,
a,cell_basis,Cycle-basis 2-cells,32,186,10,0.9860874848116646,0.002504105701846837,0.9999803420380788,7.762744877793948e-17,,,
a,cell_basis,Cycle-basis 2-cells,32,187,10,0.986269744835966,0.002548745682065971,0.9999808294646012,1.4849160899213605e-16,,,
a,cell_basis,Cycle-basis 2-cells,32,188,10,0.986269744835966,0.002548745682065971,0.9999813044624724,5.851389114294502e-17,,,
a,cell_basis,Cycle-basis 2-cells,32,189,10,0.9863304981773998,0.002434348983428779,0.9999817673662574,1.5917499294642454e-16,,,
a,cell_basis,Cycle-basis 2-cells,32,190,10,0.9863304981773998,0.002434348983428779,0.9999822185006335,1.498686858415594e-16,,,
a,cell_basis,Cycle-basis 2-cells,32,191,10,0.9863304981773998,0.002434348983428779,0.999982658180714,1.5032490816276445e-16,,,
a,cell_basis,Cycle-basis 2-cells,32,192,10,0.9863304981773998,0.002434348983428779,0.9999830867123857,1.7397430568082641e-16,,,
a,cell_basis,Cycle-basis 2-cells,32,193,10,0.9864520048602673,0.0023798290069538372,0.9999835043926029,1.2218059171227445e-16,,,
a,cell_basis,Cycle-basis 2-cells,32,194,10,0.9865127582017011,0.0023407344312352998,0.9999839115096922,9.064933036736789e-17,,,
a,cell_basis,Cycle-basis 2-cells,32,195,10,0.9865127582017011,0.0023407344312352998,0.9999843083436429,5.851389114294502e-17,,,
a,cell_basis,Cycle-basis 2-cells,32,196,10,0.9865127582017011,0.0023407344312352998,0.9999846951663647,1.816759736522041e-16,,,
a,cell_basis,Cycle-basis 2-cells,32,197,10,0.9865127582017011,0.0023407344312352998,0.9999850722419668,1.587442073312496e-16,,,
a,cell_basis,Cycle-basis 2-cells,32,198,10,0.9865735115431349,0.0023520951653681027,0.9999854398270042,1.3084103822364793e-16,,,
a,cell_basis,Cycle-basis 2-cells,32,199,10,0.9865735115431349,0.0023520951653681027,0.9999857981707272,1.1934538910164826e-16,,,
a,cell_basis,Cycle-basis 2-cells,32,200,10,0.9865735115431349,0.0023520951653681027,0.9999861475153103,1.4616765322647736e-16,,,
b,cell_basis,Cycle-basis 2-cells,32,,10,,,,,1.0,0.0,
c,cell_basis,Cycle-basis 2-cells,,,,,,,,,,1646
a,cell_simple_coverage,Cycle-span 2-cells,1,1,10,0.08570191263383167,0.0,0.08570191263383167,0.0,,,
a,cell_simple_coverage,Cycle-span 2-cells,1,2,10,0.08570191263383167,0.0,0.08570191263383167,0.0,,,
a,cell_simple_coverage,Cycle-span 2-cells,1,3,10,0.08570191263383167,0.0,0.08570191263383167,0.0,,,
a,cell_simple_coverage,Cycle-span 2-cells,1,4,10,0.08570191263383167,0.0,0.08570191263383167,0.0,,,
a,cell_simple_coverage,Cycle-span 2-cells,1,5,10,0.08570191263383167,0.0,0.08570191263383167,0.0,,,
a,cell_simple_coverage,Cycle-span 2-cells,1,6,10,0.08570191263383167,0.0,0.08570191263383167,0.0,,,
a,cell_simple_coverage,Cycle-span 2-cells,1,7,10,0.08570191263383167,0.0,0.08570191263383167,0.0,,,
a,cell_simple_coverage,Cycle-span 2-cells,1,8,10,0.08570191263383167,0.0,0.08570191263383167,0.0,,,
a,cell_simple_coverage,Cycle-span 2-cells,1,9,10,0.08570191263383167,0.0,0.08570191263383167,0.0,,,
a,cell_simple_coverage,Cycle-span 2-cells,1,10,10,0.08570191263383167,0.0,0.08570191263383167,0.0,,,
a,cell_simple_coverage,Cycle-span 2-cells,1,11,10,0.08570191263383167,0.0,0.08570191263383167,0.0,,,
a,cell_simple_coverage,Cycle-span 2-cells,1,12,10,0.08570191263383167,0.0,0.08570191263383167,0.0,,,
a,cell_simple_coverage,Cycle-span 2-cells,1,13,10,0.08570191263383167,0.0,0.08570191263383167,0.0,,,
a,cell_simple_coverage,Cycle-span 2-cells,1,14,10,0.08570191263383167,0.0,0.08570191263383167,0.0,,,
a,cell_simple_coverage,Cycle-span 2-cells,1,15,10,0.08570191263383167,0.0,0.08570191263383167,0.0,,,
a,cell_simple_coverage,Cycle-span 2-cells,1,16,10,0.08570191263383167,0.0,0.08570191263383167,0.0,,,
a,cell_simple_coverage,Cycle-span 2-cells,1,17,10,0.08570191263383167,0.0,0.08570191263383167,0.0,,,
a,cell_simple_coverage,Cycle-span 2-cells,1,18,10,0.08570191263383167,0.0,0.08570191263383167,0.0,,,
a,cell_simple_coverage,Cycle-span 2-cells,1,19,10,0.08570191263383167,0.0,0.08570191263383167,0.0,,,
a,cell_simple_coverage,Cycle-span 2-cells,1,20,10,0.08570191263383167,0.0,0.08570191263383167,0.0,,,
a,cell_simple_coverage,Cycle-span 2-cells,1,21,10,0.08570191263383167,0.0,0.08570191263383167,0.0,,,
a,cell_simple_coverage,Cycle-span 2-cells,1,22,10,0.08570191263383167,0.0,0.08570191263383167,0.0,,,
a,cell_simple_coverage,Cycle-span 2-cells,1,23,10,0.08570191263383167,0.0,0.08570191263383167,0.0,,,
a,cell_simple_coverage,Cycle-span 2-cells,1,24,10,0.08570191263383167,0.0,0.08570191263383167,0.0,,,
a,cell_simple_coverage,Cycle-span 2-cells,1,25,10,0.08570191263383167,0.0,0.08570191263383167,0.0,,,
a,cell_simple_coverage,Cycle-span 2-cells,1,26,10,0.08570191263383167,0.0,0.08570191263383167,0.0,,,
a,cell_simple_coverage,Cycle-span 2-cells,1,27,10,0.08570191263383167,0.0,0.08570191263383167,0.0,,,
a,cell_simple_coverage,Cycle-span 2-cells,1,28,10,0.08570191263383167,0.0,0.08570191263383167,0.0,,,
a,cell_simple_coverage,Cycle-span 2-cells,1,29,10,0.08570191263383167,0.0,0.08570191263383167,0.0,,,
a,cell_simple_coverage,Cycle-span 2-cells,1,30,10,0.08570191263383167,0.0,0.08570191263383167,0.0,,,
a,cell_simple_coverage,Cycle-span 2-cells,1,31,10,0.08570191263383167,0.0,0.08570191263383167,0.0,,,
a,cell_simple_coverage,Cycle-span 2-cells,1,32,10,0.08570191263383167,0.0,0.08570191263383167,0.0,,,
a,cell_simple_coverage,Cycle-span 2-cells,1,33,10,0.08570191263383167,0.0,0.08570191263383167,0.0,,,
a,cell_simple_coverage,Cycle-span 2-cells,1,34,10,0.08570191263383167,0.0,0.08570191263383167,0.0,,,
a,cell_simple_coverage,Cycle-span 2-cells,1,35,10,0.08570191263383167,0.0,0.08570191263383167,0.0,,,
a,cell_simple_coverage,Cycle-span 2-cells,1,36,10,0.08570191263383167,0.0,0.08570191263383167,0.0,,,
a,cell_simple_coverage,Cycle-span 2-cells,1,37,10,0.08570191263383167,0.0,0.08570191263383167,0.0,,,
a,cell_simple_coverage,Cycle-span 2-cells,1,38,10,0.08570191263383167,0.0,0.08570191263383167,0.0,,,
a,cell_simple_coverage,Cycle-span 2-cells,1,39,10,0.08570191263383167,0.0,0.08570191263383167,0.0,,,
a,cell_simple_coverage,Cycle-span 2-cells,1,40,10,0.08570191263383167,0.0,0.08570191263383167,0.0,,,
a,cell_simple_coverage,Cycle-span 2-cells,1,41,10,0.08570191263383167,0.0,0.08570191263383167,0.0,,,
a,cell_simple_coverage,Cycle-span 2-cells,1,42,10,0.08570191263383167,0.0,0.08570191263383167,0.0,,,
a,cell_simple_coverage,Cycle-span 2-cells,1,43,10,0.08570191263383167,0.0,0.08570191263383167,0.0,,,
a,cell_simple_coverage,Cycle-span 2-cells,1,44,10,0.08570191263383167,0.0,0.08570191263383167,0.0,,,
a,cell_simple_coverage,Cycle-span 2-cells,1,45,10,0.08570191263383167,0.0,0.08570191263383167,0.0,,,
a,cell_simple_coverage,Cycle-span 2-cells,1,46,10,0.08570191263383167,0.0,0.08570191263383167,0.0,,,
a,cell_simple_coverage,Cycle-span 2-cells,1,47,10,0.08570191263383167,0.0,0.08570191263383167,0.0,,,
a,cell_simple_coverage,Cycle-span 2-cells,1,48,10,0.08570191263383167,0.0,0.08570191263383167,0.0,,,
a,cell_simple_coverage,Cycle-span 2-cells,1,49,10,0.08570191263383167,0.0,0.08570191263383167,0.0,,,
a,cell_simple_coverage,Cycle-span 2-cells,1,50,10,0.08570191263383167,0.0,0.08570191263383167,0.0,,,
a,cell_simple_coverage,Cycle-span 2-cells,1,51,10,0.08570191263383167,0.0,0.08570191263383167,0.0,,,
a,cell_simple_coverage,Cycle-span 2-cells,1,52,10,0.08570191263383167,0.0,0.08570191263383167,0.0,,,
a,cell_simple_coverage,Cycle-span 2-cells,1,53,10,0.08570191263383167,0.0,0.08570191263383167,0.0,,,
a,cell_simple_coverage,Cycle-span 2-cells,1,54,10,0.08570191263383167,0.0,0.08570191263383167,0.0,,,
a,cell_simple_coverage,Cycle-span 2-cells,1,55,10,0.08570191263383167,0.0,0.08570191263383167,0.0,,,
a,cell_simple_coverage,Cycle-span 2-cells,1,56,10,0.08570191263383167,0.0,0.08570191263383167,0.0,,,
a,cell_simple_coverage,Cycle-span 2-cells,1,57,10,0.08570191263383167,0.0,0.08570191263383167,0.0,,,
a,cell_simple_coverage,Cycle-span 2-cells,1,58,10,0.08570191263383167,0.0,0.08570191263383167,0.0,,,
a,cell_simple_coverage,Cycle-span 2-cells,1,59,10,0.08570191263383167,0.0,0.08570191263383167,0.0,,,
a,cell_simple_coverage,Cycle-span 2-cells,1,60,10,0.08570191263383167,0.0,0.08570191263383167,0.0,,,
a,cell_simple_coverage,Cycle-span 2-cells,1,61,10,0.08570191263383167,0.0,0.08570191263383167,0.0,,,
a,cell_simple_coverage,Cycle-span 2-cells,1,62,10,0.08570191263383167,0.0,0.08570191263383167,0.0,,,
a,cell_simple_coverage,Cycle-span 2-cells,1,63,10,0.08570191263383167,0.0,0.08570191263383167,0.0,,,
a,cell_simple_coverage,Cycle-span 2-cells,1,64,10,0.08570191263383167,0.0,0.08570191263383167,0.0,,,
a,cell_simple_coverage,Cycle-span 2-cells,1,65,10,0.08570191263383167,0.0,0.08570191263383167,0.0,,,
a,cell_simple_coverage,Cycle-span 2-cells,1,66,10,0.08570191263383167,0.0,0.08570191263383167,0.0,,,
a,cell_simple_coverage,Cycle-span 2-cells,1,67,10,0.08570191263383167,0.0,0.08570191263383167,0.0,,,
a,cell_simple_coverage,Cycle-span 2-cells,1,68,10,0.08570191263383167,0.0,0.08570191263383167,0.0,,,
a,cell_simple_coverage,Cycle-span 2-cells,1,69,10,0.08570191263383167,0.0,0.08570191263383167,0.0,,,
a,cell_simple_coverage,Cycle-span 2-cells,1,70,10,0.08570191263383167,0.0,0.08570191263383167,0.0,,,
a,cell_simple_coverage,Cycle-span 2-cells,1,71,10,0.08570191263383167,0.0,0.08570191263383167,0.0,,,
a,cell_simple_coverage,Cycle-span 2-cells,1,72,10,0.08570191263383167,0.0,0.08570191263383167,0.0,,,
a,cell_simple_coverage,Cycle-span 2-cells,1,73,10,0.08570191263383167,0.0,0.08570191263383167,0.0,,,
a,cell_simple_coverage,Cycle-span 2-cells,1,74,10,0.08570191263383167,0.0,0.08570191263383167,0.0,,,
a,cell_simple_coverage,Cycle-span 2-cells,1,75,10,0.08570191263383167,0.0,0.08570191263383167,0.0,,,
a,cell_simple_coverage,Cycle-span 2-cells,1,76,10,0.08570191263383167,0.0,0.08570191263383167,0.0,,,
a,cell_simple_coverage,Cycle-span 2-cells,1,77,10,0.08570191263383167,0.0,0.08570191263383167,0.0,,,
a,cell_simple_coverage,Cycle-span 2-cells,1,78,10,0.08570191263383167,0.0,0.08570191263383167,0.0,,,
a,cell_simple_coverage,Cycle-span 2-cells,1,79,10,0.08570191263383167,0.0,0.08570191263383167,0.0,,,
a,cell_simple_coverage,Cycle-span 2-cells,1,80,10,0.08570191263383167,0.0,0.08570191263383167,0.0,,,
a,cell_simple_coverage,Cycle-span 2-cells,1,81,10,0.08570191263383167,0.0,0.08570191263383167,0.0,,,
a,cell_simple_coverage,Cycle-span 2-cells,1,82,10,0.08570191263383167,0.0,0.08570191263383167,0.0,,,
a,cell_simple_coverage,Cycle-span 2-cells,1,83,10,0.08570191263383167,0.0,0.08570191263383167,0.0,,,
a,cell_simple_coverage,Cycle-span 2-cells,1,84,10,0.08570191263383167,0.0,0.08570191263383167,0.0,,,
a,cell_simple_coverage,Cycle-span 2-cells,1,85,10,0.08570191263383167,0.0,0.08570191263383167,0.0,,,
a,cell_simple_coverage,Cycle-span 2-cells,1,86,10,0.08570191263383167,0.0,0.08570191263383167,0.0,,,
a,cell_simple_coverage,Cycle-span 2-cells,1,87,10,0.08570191263383167,0.0,0.08570191263383167,0.0,,,
a,cell_simple_coverage,Cycle-span 2-cells,1,88,10,0.08570191263383167,0.0,0.08570191263383167,0.0,,,
a,cell_simple_coverage,Cycle-span 2-cells,1,89,10,0.08570191263383167,0.0,0.08570191263383167,0.0,,,
a,cell_simple_coverage,Cycle-span 2-cells,1,90,10,0.08570191263383167,0.0,0.08570191263383167,0.0,,,
a,cell_simple_coverage,Cycle-span 2-cells,1,91,10,0.08570191263383167,0.0,0.08570191263383167,0.0,,,
a,cell_simple_coverage,Cycle-span 2-cells,1,92,10,0.08570191263383167,0.0,0.08570191263383167,0.0,,,
a,cell_simple_coverage,Cycle-span 2-cells,1,93,10,0.08570191263383167,0.0,0.08570191263383167,0.0,,,
a,cell_simple_coverage,Cycle-span 2-cells,1,94,10,0.08570191263383167,0.0,0.08570191263383167,0.0,,,
a,cell_simple_coverage,Cycle-span 2-cells,1,95,10,0.08570191263383167,0.0,0.08570191263383167,0.0,,,
a,cell_simple_coverage,Cycle-span 2-cells,1,96,10,0.08570191263383167,0.0,0.08570191263383167,0.0,,,
a,cell_simple_coverage,Cycle-span 2-cells,1,97,10,0.08570191263383167,0.0,0.08570191263383167,0.0,,,
a,cell_simple_coverage,Cycle-span 2-cells,1,98,10,0.08570191263383167,0.0,0.08570191263383167,0.0,,,
a,cell_simple_coverage,Cycle-span 2-cells,1,99,10,0.08570191263383167,0.0,0.08570191263383167,0.0,,,
a,cell_simple_coverage,Cycle-span 2-cells,1,100,10,0.08570191263383167,0.0,0.08570191263383167,0.0,,,
a,cell_simple_coverage,Cycle-span 2-cells,1,101,10,0.08570191263383167,0.0,0.08570191263383167,0.0,,,
a,cell_simple_coverage,Cycle-span 2-cells,1,102,10,0.08570191263383167,0.0,0.08570191263383167,0.0,,,
a,cell_simple_coverage,Cycle-span 2-cells,1,103,10,0.08570191263383167,0.0,0.08570191263383167,0.0,,,
a,cell_simple_coverage,Cycle-span 2-cells,1,104,10,0.08570191263383167,0.0,0.08570191263383167,0.0,,,
a,cell_simple_coverage,Cycle-span 2-cells,1,105,10,0.08570191263383167,0.0,0.08570191263383167,0.0,,,
a,cell_simple_coverage,Cycle-span 2-cells,1,106,10,0.08570191263383167,0.0,0.08570191263383167,0.0,,,
a,cell_simple_coverage,Cycle-span 2-cells,1,107,10,0.08570191263383167,0.0,0.08570191263383167,0.0,,,
a,cell_simple_coverage,Cycle-span 2-cells,1,108,10,0.08570191263383167,0.0,0.08570191263383167,0.0,,,
a,cell_simple_coverage,Cycle-span 2-cells,1,109,10,0.08570191263383167,0.0,0.08570191263383167,0.0,,,
a,cell_simple_coverage,Cycle-span 2-cells,1,110,10,0.08570191263383167,0.0,0.08570191263383167,0.0,,,
a,cell_simple_coverage,Cycle-span 2-cells,1,111,10,0.08570191263383167,0.0,0.08570191263383167,0.0,,,
a,cell_simple_coverage,Cycle-span 2-cells,1,112,10,0.08570191263383167,0.0,0.08570191263383167,0.0,,,
a,cell_simple_coverage,Cycle-span 2-cells,1,113,10,0.08570191263383167,0.0,0.08570191263383167,0.0,,,
a,cell_simple_coverage,Cycle-span 2-cells,1,114,10,0.08570191263383167,0.0,0.08570191263383167,0.0,,,
a,cell_simple_coverage,Cycle-span 2-cells,1,115,10,0.08570191263383167,0.0,0.08570191263383167,0.0,,,
a,cell_simple_coverage,Cycle-span 2-cells,1,116,10,0.08570191263383167,0.0,0.08570191263383167,0.0,,,
a,cell_simple_coverage,Cycle-span 2-cells,1,117,10,0.08570191263383167,0.0,0.08570191263383167,0.0,,,
a,cell_simple_coverage,Cycle-span 2-cells,1,118,10,0.08570191263383167,0.0,0.08570191263383167,0.0,,,
a,cell_simple_coverage,Cycle-span 2-cells,1,119,10,0.08570191263383167,0.0,0.08570191263383167,0.0,,,
a,cell_simple_coverage,Cycle-span 2-cells,1,120,10,0.08570191263383167,0.0,0.08570191263383167,0.0,,,
a,cell_simple_coverage,Cycle-span 2-cells,1,121,10,0.08570191263383167,0.0,0.08570191263383167,0.0,,,
a,cell_simple_coverage,Cycle-span 2-cells,1,122,10,0.08570191263383167,0.0,0.08570191263383167,0.0,,,
a,cell_simple_coverage,Cycle-span 2-cells,1,123,10,0.08570191263383167,0.0,0.08570191263383167,0.0,,,
a,cell_simple_coverage,Cycle-span 2-cells,1,124,10,0.08570191263383167,0.0,0.08570191263383167,0.0,,,
a,cell_simple_coverage,Cycle-span 2-cells,1,125,10,0.08570191263383167,0.0,0.08570191263383167,0.0,,,
a,cell_simple_coverage,Cycle-span 2-cells,1,126,10,0.08570191263383167,0.0,0.08570191263383167,0.0,,,
a,cell_simple_coverage,Cycle-span 2-cells,1,127,10,0.08570191263383167,0.0,0.08570191263383167,0.0,,,
a,cell_simple_coverage,Cycle-span 2-cells,1,128,10,0.08570191263383167,0.0,0.08570191263383167,0.0,,,
a,cell_simple_coverage,Cycle-span 2-cells,1,129,10,0.08570191263383167,0.0,0.08570191263383167,0.0,,,
a,cell_simple_coverage,Cycle-span 2-cells,1,130,10,0.08570191263383167,0.0,0.08570191263383167,0.0,,,
a,cell_simple_coverage,Cycle-span 2-cells,1,131,10,0.08570191263383167,0.0,0.08570191263383167,0.0,,,
a,cell_simple_coverage,Cycle-span 2-cells,1,132,10,0.08570191263383167,0.0,0.08570191263383167,0.0,,,
a,cell_simple_coverage,Cycle-span 2-cells,1,133,10,0.08570191263383167,0.0,0.08570191263383167,0.0,,,
a,cell_simple_coverage,Cycle-span 2-cells,1,134,10,0.08570191263383167,0.0,0.08570191263383167,0.0,,,
a,cell_simple_coverage,Cycle-span 2-cells,1,135,10,0.08570191263383167,0.0,0.08570191263383167,0.0,,,
a,cell_simple_coverage,Cycle-span 2-cells,1,136,10,0.08570191263383167,0.0,0.08570191263383167,0.0,,,
a,cell_simple_coverage,Cycle-span 2-cells,1,137,10,0.08570191263383167,0.0,0.08570191263383167,0.0,,,
a,cell_simple_coverage,Cycle-span 2-cells,1,138,10,0.08570191263383167,0.0,0.08570191263383167,0.0,,,
a,cell_simple_coverage,Cycle-span 2-cells,1,139,10,0.08570191263383167,0.0,0.08570191263383167,0.0,,,
a,cell_simple_coverage,Cycle-span 2-cells,1,140,10,0.08570191263383167,0.0,0.08570191263383167,0.0,,,
a,cell_simple_coverage,Cycle-span 2-cells,1,141,10,0.08570191263383167,0.0,0.08570191263383167,0.0,,,
a,cell_simple_coverage,Cycle-span 2-cells,1,142,10,0.08570191263383167,0.0,0.08570191263383167,0.0,,,
a,cell_simple_coverage,Cycle-span 2-cells,1,143,10,0.08570191263383167,0.0,0.08570191263383167,0.0,,,
a,cell_simple_coverage,Cycle-span 2-cells,1,144,10,0.08570191263383167,0.0,0.08570191263383167,0.0,,,
a,cell_simple_coverage,Cycle-span 2-cells,1,145,10,0.08570191263383167,0.0,0.08570191263383167,0.0,,,
a,cell_simple_coverage,Cycle-span 2-cells,1,146,10,0.08570191263383167,0.0,0.08570191263383167,0.0,,,
a,cell_simple_coverage,Cycle-span 2-cells,1,147,10,0.08570191263383167,0.0,0.08570191263383167,0.0,,,
a,cell_simple_coverage,Cycle-span 2-cells,1,148,10,0.08570191263383167,0.0,0.08570191263383167,0.0,,,
a,cell_simple_coverage,Cycle-span 2-cells,1,149,10,0.08570191263383167,0.0,0.08570191263383167,0.0,,,
a,cell_simple_coverage,Cycle-span 2-cells,1,150,10,0.08570191263383167,0.0,0.08570191263383167,0.0,,,
a,cell_simple_coverage,Cycle-span 2-cells,1,151,10,0.08570191263383167,0.0,0.08570191263383167,0.0,,,
a,cell_simple_coverage,Cycle-span 2-cells,1,152,10,0.08570191263383167,0.0,0.08570191263383167,0.0,,,
a,cell_simple_coverage,Cycle-span 2-cells,1,153,10,0.08570191263383167,0.0,0.08570191263383167,0.0,,,
a,cell_simple_coverage,Cycle-span 2-cells,1,154,10,0.08570191263383167,0.0,0.08570191263383167,0.0,,,
a,cell_simple_coverage,Cycle-span 2-cells,1,155,10,0.08570191263383167,0.0,0.08570191263383167,0.0,,,
a,cell_simple_coverage,Cycle-span 2-cells,1,156,10,0.08570191263383167,0.0,0.08570191263383167,0.0,,,
a,cell_simple_coverage,Cycle-span 2-cells,1,157,10,0.08570191263383167,0.0,0.08570191263383167,0.0,,,
a,cell_simple_coverage,Cycle-span 2-cells,1,158,10,0.08570191263383167,0.0,0.08570191263383167,0.0,,,
a,cell_simple_coverage,Cycle-span 2-cells,1,159,10,0.08570191263383167,0.0,0.08570191263383167,0.0,,,
a,cell_simple_coverage,Cycle-span 2-cells,1,160,10,0.08570191263383167,0.0,0.08570191263383167,0.0,,,
a,cell_simple_coverage,Cycle-span 2-cells,1,161,10,0.08570191263383167,0.0,0.08570191263383167,0.0,,,
a,cell_simple_coverage,Cycle-span 2-cells,1,162,10,0.08570191263383167,0.0,0.08570191263383167,0.0,,,
a,cell_simple_coverage,Cycle-span 2-cells,1,163,10,0.08570191263383167,0.0,0.08570191263383167,0.0,,,
a,cell_simple_coverage,Cycle-span 2-cells,1,164,10,0.08570191263383167,0.0,0.08570191263383167,0.0,,,
a,cell_simple_coverage,Cycle-span 2-cells,1,165,10,0.08570191263383167,0.0,0.08570191263383167,0.0,,,
a,cell_simple_coverage,Cycle-span 2-cells,1,166,10,0.08570191263383167,0.0,0.08570191263383167,0.0,,,
a,cell_simple_coverage,Cycle-span 2-cells,1,167,10,0.08570191263383167,0.0,0.08570191263383167,0.0,,,
a,cell_simple_coverage,Cycle-span 2-cells,1,168,10,0.08570191263383167,0.0,0.08570191263383167,0.0,,,
a,cell_simple_coverage,Cycle-span 2-cells,1,169,10,0.08570191263383167,0.0,0.08570191263383167,0.0,,,
a,cell_simple_coverage,Cycle-span 2-cells,1,170,10,0.08570191263383167,0.0,0.08570191263383167,0.0,,,
a,cell_simple_coverage,Cycle-span 2-cells,1,171,10,0.08570191263383167,0.0,0.08570191263383167,0.0,,,
a,cell_simple_coverage,Cycle-span 2-cells,1,172,10,0.08570191263383167,0.0,0.08570191263383167,0.0,,,
a,cell_simple_coverage,Cycle-span 2-cells,1,173,10,0.08570191263383167,0.0,0.08570191263383167,0.0,,,
a,cell_simple_coverage,Cycle-span 2-cells,1,174,10,0.08570191263383167,0.0,0.08570191263383167,0.0,,,
a,cell_simple_coverage,Cycle-span 2-cells,1,175,10,0.08570191263383167,0.0,0.08570191263383167,0.0,,,
a,cell_simple_coverage,Cycle-span 2-cells,1,176,10,0.08570191263383167,0.0,0.08570191263383167,0.0,,,
a,cell_simple_coverage,Cycle-span 2-cells,1,177,10,0.08570191263383167,0.0,0.08570191263383167,0.0,,,
a,cell_simple_coverage,Cycle-span 2-cells,1,178,10,0.08570191263383167,0.0,0.08570191263383167,0.0,,,
a,cell_simple_coverage,Cycle-span 2-cells,1,179,10,0.08570191263383167,0.0,0.08570191263383167,0.0,,,
a,cell_simple_coverage,Cycle-span 2-cells,1,180,10,0.08570191263383167,0.0,0.08570191263383167,0.0,,,
a,cell_simple_coverage,Cycle-span 2-cells,1,181,10,0.08570191263383167,0.0,0.08570191263383167,0.0,,,
a,cell_simple_coverage,Cycle-span 2-cells,1,182,10,0.08570191263383167,0.0,0.08570191263383167,0.0,,,
a,cell_simple_coverage,Cycle-span 2-cells,1,183,10,0.08570191263383167,0.0,0.08570191263383167,0.0,,,
a,cell_simple_coverage,Cycle-span 2-cells,1,184,10,0.08570191263383167,0.0,0.08570191263383167,0.0,,,
a,cell_simple_coverage,Cycle-span 2-cells,1,185,10,0.08570191263383167,0.0,0.08570191263383167,0.0,,,
a,cell_simple_coverage,Cycle-span 2-cells,1,186,10,0.08570191263383167,0.0,0.08570191263383167,0.0,,,
a,cell_simple_coverage,Cycle-span 2-cells,1,187,10,0.08570191263383167,0.0,0.08570191263383167,0.0,,,
a,cell_simple_coverage,Cycle-span 2-cells,1,188,10,0.08570191263383167,0.0,0.08570191263383167,0.0,,,
a,cell_simple_coverage,Cycle-span 2-cells,1,189,10,0.08570191263383167,0.0,0.08570191263383167,0.0,,,
a,cell_simple_coverage,Cycle-span 2-cells,1,190,10,0.08570191263383167,0.0,0.08570191263383167,0.0,,,
a,cell_simple_coverage,Cycle-span 2-cells,1,191,10,0.08570191263383167,0.0,0.08570191263383167,0.0,,,
a,cell_simple_coverage,Cycle-span 2-cells,1,192,10,0.08570191263383167,0.0,0.08570191263383167,0.0,,,
a,cell_simple_coverage,Cycle-span 2-cells,1,193,10,0.08570191263383167,0.0,0.08570191263383167,0.0,,,
a,cell_simple_coverage,Cycle-span 2-cells,1,194,10,0.08570191263383167,0.0,0.08570191263383167,0.0,,,
a,cell_simple_coverage,Cycle-span 2-cells,1,195,10,0.08570191263383167,0.0,0.08570191263383167,0.0,,,
a,cell_simple_coverage,Cycle-span 2-cells,1,196,10,0.08570191263383167,0.0,0.08570191263383167,0.0,,,
a,cell_simple_coverage,Cycle-span 2-cells,1,197,10,0.08570191263383167,0.0,0.08570191263383167,0.0,,,
a,cell_simple_coverage,Cycle-span 2-cells,1,198,10,0.08570191263383167,0.0,0.08570191263383167,0.0,,,
a,cell_simple_coverage,Cycle-span 2-cells,1,199,10,0.08570191263383167,0.0,0.08570191263383167,0.0,,,
a,cell_simple_coverage,Cycle-span 2-cells,1,200,10,0.08570191263383167,0.0,0.08570191263383167,0.0,,,
b,cell_simple_coverage,Cycle-span 2-cells,1,,10,,,,,0.08570191263383167,0.0,
a,cell_simple_coverage,Cycle-span 2-cells,2,1,10,0.08797199101194995,0.004010876717117121,0.08844202986309385,3.191555965927599e-17,,,
a,cell_simple_coverage,Cycle-span 2-cells,2,2,10,0.0892790312947283,0.004386134360565278,0.09113865316828457,2.539630955776215e-16,,,
a,cell_simple_coverage,Cycle-span 2-cells,2,3,10,0.09399668829155254,0.013592400020114812,0.0937924729286562,0.0,,,
a,cell_simple_coverage,Cycle-span 2-cells,2,4,10,0.09527921154454233,0.013006412001503648,0.09640416856577819,5.58462904184108e-16,,,
a,cell_simple_coverage,Cycle-span 2-cells,2,5,10,0.10177523153699627,0.02798714430241288,0.09897440871671977,6.524626846857639e-16,,,
a,cell_simple_coverage,Cycle-span 2-cells,2,6,10,0.10210624962766193,0.027928866645242904,0.10150385140529553,8.777083671441753e-18,,,
a,cell_simple_coverage,Cycle-span 2-cells,2,7,10,0.1076111247741149,0.028046320246545336,0.1039931442099666,1.923541824913745e-15,,,
a,cell_simple_coverage,Cycle-span 2-cells,2,8,10,0.11682555636854672,0.033093359178951176,0.10644292442951138,1.754507705049589e-15,,,
a,cell_simple_coverage,Cycle-span 2-cells,2,9,10,0.11775239174700258,0.03335193477134494,0.10885381924933812,1.8901215273937477e-15,,,
a,cell_simple_coverage,Cycle-span 2-cells,2,10,10,0.11844658266210646,0.03350679459930678,0.11122644589779793,1.070864158994973e-15,,,
a,cell_simple_coverage,Cycle-span 2-cells,2,11,10,0.11922295527207794,0.033457253360242065,0.11356141180536442,1.2206397759866004e-15,,,
a,cell_simple_coverage,Cycle-span 2-cells,2,12,10,0.12108770069976645,0.03606158527035051,0.11585931476178346,1.8506081932305485e-15,,,
a,cell_simple_coverage,Cycle-span 2-cells,2,13,10,0.12137640591036085,0.03586462926644669,0.11812074306851887,3.0476765145512987e-16,,,
a,cell_simple_coverage,Cycle-span 2-cells,2,14,10,0.12322633419232046,0.036222071836489726,0.12034627568870526,1.9791496553046552e-15,,,
a,cell_simple_coverage,Cycle-span 2-cells,2,15,10,0.12343346872436596,0.036062530081204934,0.1225364823932523,2.0452095999797354e-15,,,
a,cell_simple_coverage,Cycle-span 2-cells,2,16,10,0.1245026709050832,0.03659509441225545,0.12469192391184844,2.3825933913353393e-15,,,
a,cell_simple_coverage,Cycle-span 2-cells,2,17,10,0.13001923173863167,0.03797058103831609,0.12681315207317467,1.6247722961401534e-15,,,
a,cell_simple_coverage,Cycle-span 2-cells,2,18,10,0.13048154196078193,0.03804358068020112,0.1289007099453108,1.9082527356737634e-15,,,
a,cell_simple_coverage,Cycle-span 2-cells,2,19,10,0.1306815734281223,0.03812263955003574,0.13095513197978698,1.842121473956735e-15,,,
a,cell_simple_coverage,Cycle-span 2-cells,2,20,10,0.1338694746939954,0.038244755919202136,0.13297694414031555,1.8803272990611845e-15,,,
a,cell_simple_coverage,Cycle-span 2-cells,2,21,10,0.1354018272443011,0.03756554866309787,0.13496666404452812,3.0801269883209967e-15,,,
a,cell_simple_coverage,Cycle-span 2-cells,2,22,10,0.1370408021422232,0.03833216899180006,0.13692480109154317,1.6401121158467358e-15,,,
a,cell_simple_coverage,Cycle-span 2-cells,2,23,10,0.13771826648560218,0.038267231791778974,0.13885185659968297,2.5712844080080557e-16,,,
a,cell_simple_coverage,Cycle-span 2-cells,2,24,10,0.13890119407864085,0.037341556822493883,0.140748323925289,4.3889319109925877e-16,,,
a,cell_simple_coverage,Cycle-span 2-cells,2,25,10,0.13973263453433682,0.03783495400672913,0.14261468859401824,4.022165030534275e-17,,,
a,cell_simple_coverage,Cycle-span 2-cells,2,26,10,0.13997070176751744,0.03763276336167003,0.14445142842769604,3.2786059531870085e-15,,,
a,cell_simple_coverage,Cycle-span 2-cells,2,27,10,0.14245517049646603,0.03706209789356028,0.14625901365912158,1.3519621569402547e-15,,,
a,cell_simple_coverage,Cycle-span 2-cells,2,28,10,0.1435466747728165,0.03841495364206463,0.14803790706357378,3.6188843062238402e-16,,,
a,cell_simple_coverage,Cycle-span 2-cells,2,29,10,0.14448328641237188,0.037561845459583555,0.1497885640638512,2.8488228706695748e-15,,,
a,cell_simple_coverage,Cycle-span 2-cells,2,30,10,0.14494445097892453,0.03770828961648588,0.15151143285690438,2.556944900021178e-15,,,
a,cell_simple_coverage,Cycle-span 2-cells,2,31,10,0.1459575160353595,0.03869757008812664,0.15320695452690292,1.121197767395117e-15,,,
a,cell_simple_coverage,Cycle-span 2-cells,2,32,10,0.1466538455075789,0.03870579255702012,0.15487556315574402,2.39085102727668e-15,,,
a,cell_simple_coverage,Cycle-span 2-cells,2,33,10,0.1479241484341943,0.03985554514484818,0.1565176859325494,8.91372278276094e-16,,,
a,cell_simple_coverage,Cycle-span 2-cells,2,34,10,0.14910256978188247,0.039100936686105876,0.1581337432672748,4.3698752145588193e-16,,,
a,cell_simple_coverage,Cycle-span 2-cells,2,35,10,0.1498490025922367,0.039219565549784785,0.15972414889991837,2.2949756809755587e-15,,,
a,cell_simple_coverage,Cycle-span 2-cells,2,36,10,0.1501040255282618,0.03913032302461807,0.1612893099980786,1.983318823883608e-15,,,
a,cell_simple_coverage,Cycle-span 2-cells,2,37,10,0.15691135833510272,0.043301241051840196,0.1628296272690676,1.896565559297295e-15,,,
a,cell_simple_coverage,Cycle-span 2-cells,2,38,10,0.15708397044514066,0.04326921822625615,0.1643454950585603,2.6802955141014364e-15,,,
a,cell_simple_coverage,Cycle-span 2-cells,2,39,10,0.15725925575157298,0.04315047774356325,0.16583730145736375,7.520856235386824e-16,,,
a,cell_simple_coverage,Cycle-span 2-cells,2,40,10,0.15755834823958562,0.043293518636151176,0.1673054283868301,1.8754249815245576e-15,,,
a,cell_simple_coverage,Cycle-span 2-cells,2,41,10,0.15766703276727762,0.043291295692747145,0.16875025171534522,2.3229351518587316e-16,,,
a,cell_simple_coverage,Cycle-span 2-cells,2,42,10,0.1651124193649402,0.04447362356036391,0.1701721413409963,2.067627900270193e-15,,,
a,cell_simple_coverage,Cycle-span 2-cells,2,43,10,0.1655650297030308,0.04503305620937364,0.1715714612888626,1.4167734421860066e-16,,,
a,cell_simple_coverage,Cycle-span 2-cells,2,44,10,0.16589665881001517,0.04473481632063871,0.1729485698098257,6.348217867566209e-16,,,
a,cell_simple_coverage,Cycle-span 2-cells,2,45,10,0.16625983163445338,0.04476113318539294,0.1743038194637729,5.252334768786427e-16,,,
a,cell_simple_coverage,Cycle-span 2-cells,2,46,10,0.16630894207107036,0.04475954860664853,0.1756375572197265,4.655808792926786e-16,,,
a,cell_simple_coverage,Cycle-span 2-cells,2,47,10,0.16647437473936336,0.04463149589432168,0.1769501245359186,2.069399001510593e-15,,,
a,cell_simple_coverage,Cycle-span 2-cells,2,48,10,0.1668810060994704,0.04444030810369136,0.17824185744892862,1.7104281986455868e-15,,,
a,cell_simple_coverage,Cycle-span 2-cells,2,49,10,0.16712617639735614,0.04472358413237273,0.1795130866652103,2.6814433536895163e-17,,,
a,cell_simple_coverage,Cycle-span 2-cells,2,50,10,0.167258766938518,0.04480074633692308,0.18076413764022178,2.639780771811384e-16,,,
a,cell_simple_coverage,Cycle-span 2-cells,2,51,10,0.168393882504617,0.044427948137234455,0.1819953306627388,2.3405556457178006e-17,,,
a,cell_simple_coverage,Cycle-span 2-cells,2,52,10,0.17301958154547412,0.042311916421683256,0.18320698093966606,2.0869555752635733e-15,,,
a,cell_simple_coverage,Cycle-span 2-cells,2,53,10,0.17337939378015937,0.04222631702417154,0.18439939867222616,2.170691863148714e-15,,,
a,cell_simple_coverage,Cycle-span 2-cells,2,54,10,0.17361990507861488,0.04236911746024157,0.1855728891373704,2.296482006176347e-15,,,
a,cell_simple_coverage,Cycle-span 2-cells,2,55,10,0.17586096018159406,0.0424863481080647,0.18672775277209447,1.892759320503101e-15,,,
a,cell_simple_coverage,Cycle-span 2-cells,2,56,10,0.1759591046777882,0.042450924915632696,0.18786428523779788,1.166248054733415e-16,,,
a,cell_simple_coverage,Cycle-span 2-cells,2,57,10,0.1760760379257829,0.04255520616764112,0.18898277750424256,2.0505341388492447e-15,,,
a,cell_simple_coverage,Cycle-span 2-cells,2,58,10,0.1767217294205885,0.04240329400931153,0.1900835159263596,3.1739403841977723e-16,,,
a,cell_simple_coverage,Cycle-span 2-cells,2,59,10,0.17700111663232246,0.042391757507325795,0.19116678231040551,2.25411427787626e-16,,,
a,cell_simple_coverage,Cycle-span 2-cells,2,60,10,0.17778711274931375,0.041427240482517794,0.19223285398811862,2.2676982831537808e-15,,,
a,cell_simple_coverage,Cycle-span 2-cells,2,61,10,0.17935803570473857,0.0408212372067358,0.19328200389566305,3.190080535996255e-16,,,
a,cell_simple_coverage,Cycle-span 2-cells,2,62,10,0.17944861887398858,0.04086832325066133,0.19431450062764025,2.175237671181043e-15,,,
a,cell_simple_coverage,Cycle-span 2-cells,2,63,10,0.18533339341660465,0.035490698094175904,0.19533060852389153,1.985544548946035e-15,,,
a,cell_simple_coverage,Cycle-span 2-cells,2,64,10,0.1856772428499634,0.035277106491229324,0.1963305877239584,1.1391438882269926e-16,,,
a,cell_simple_coverage,Cycle-span 2-cells,2,65,10,0.18595082540666955,0.03512612455766149,0.1973146942376385,1.8293898067771383e-15,,,
a,cell_simple_coverage,Cycle-span 2-cells,2,66,10,0.19032386919973665,0.03924898591179605,0.19828318001217535,1.7816999436934686e-15,,,
a,cell_simple_coverage,Cycle-span 2-cells,2,67,10,0.19077945824238102,0.039196564833067445,0.19923629299723306,2.94624850472076e-16,,,
a,cell_simple_coverage,Cycle-span 2-cells,2,68,10,0.19089463481845942,0.039225524602864735,0.20017427720651337,2.247742792466969e-15,,,
a,cell_simple_coverage,Cycle-span 2-cells,2,69,10,0.19172851933943028,0.03883584183402785,0.20109737277548975,7.398942132291016e-16,,,
a,cell_simple_coverage,Cycle-span 2-cells,2,70,10,0.19186752555193867,0.03875540990260566,0.2020058160345637,2.3537499097637717e-15,,,
a,cell_simple_coverage,Cycle-span 2-cells,2,71,10,0.19209321970466525,0.03872594907680214,0.2028998395588907,9.179596879196749e-16,,,
a,cell_simple_coverage,Cycle-span 2-cells,2,72,10,0.19218090054640133,0.038758835974052365,0.20377967223376753,1.997158910369722e-15,,,
a,cell_simple_coverage,Cycle-span 2-cells,2,73,10,0.19222412995095067,0.03876815037618918,0.20464553930909335,9.00263360934653e-16,,,
a,cell_simple_coverage,Cycle-span 2-cells,2,74,10,0.19334511576467928,0.0384436503704263,0.20549766246541665,2.835962525803382e-16,,,
a,cell_simple_coverage,Cycle-span 2-cells,2,75,10,0.1934132440842164,0.03840283373871282,0.20633625985660106,1.6520306792795665e-15,,,
a,cell_simple_coverage,Cycle-span 2-cells,2,76,10,0.19379069941510463,0.038223916787170326,0.20716154617796612,2.1656484387500293e-15,,,
a,cell_simple_coverage,Cycle-span 2-cells,2,77,10,0.19383010996766198,0.03821106713747907,0.20797373271558867,1.6641004985786145e-15,,,
a,cell_simple_coverage,Cycle-span 2-cells,2,78,10,0.1939543754114813,0.038199695887907545,0.20877302740235368,2.2932313593244836e-15,,,
a,cell_simple_coverage,Cycle-span 2-cells,2,79,10,0.19396025644354897,0.03819780230046069,0.20955963487522075,2.1006894394715834e-15,,,
a,cell_simple_coverage,Cycle-span 2-cells,2,80,10,0.19423467914769335,0.038174823902596716,0.21033375651298467,1.7753831999522785e-15,,,
a,cell_simple_coverage,Cycle-span 2-cells,2,81,10,0.19570066005037828,0.0385077541238675,0.21109559050510115,1.8799721913280048e-15,,,
a,cell_simple_coverage,Cycle-span 2-cells,2,82,10,0.2007067931266774,0.03864163599928443,0.21184533189523705,1.6570902559197288e-15,,,
a,cell_simple_coverage,Cycle-span 2-cells,2,83,10,0.20612100872684058,0.03511544314847984,0.21258317262752224,2.08275960435669e-15,,,
a,cell_simple_coverage,Cycle-span 2-cells,2,84,10,0.2063655680084076,0.0350572772932315,0.21330930160475342,1.6509448372795576e-15,,,
a,cell_simple_coverage,Cycle-span 2-cells,2,85,10,0.20734823500298635,0.03490290795953894,0.2140239047223364,1.805217555011437e-15,,,
a,cell_simple_coverage,Cycle-span 2-cells,2,86,10,0.20749159470676562,0.03498936348393947,0.21472716493511915,1.9440376253512478e-15,,,
a,cell_simple_coverage,Cycle-span 2-cells,2,87,10,0.20868147261042974,0.03580108543594887,0.21541926228644126,2.6814433536895163e-17,,,
a,cell_simple_coverage,Cycle-span 2-cells,2,88,10,0.20921076549651949,0.03557540101802471,0.21610037396638374,7.446223146375098e-16,,,
a,cell_simple_coverage,Cycle-span 2-cells,2,89,10,0.21073563309692095,0.03502829386333402,0.21677067434772654,6.244559037772356e-16,,,
a,cell_simple_coverage,Cycle-span 2-cells,2,90,10,0.21565782780643614,0.03630266115332116,0.21743033504275538,4.2998752849492583e-17,,,
a,cell_simple_coverage,Cycle-span 2-cells,2,91,10,0.21575643056486932,0.03635630611532823,0.21807952493291732,7.773763683734578e-16,,,
a,cell_simple_coverage,Cycle-span 2-cells,2,92,10,0.21607965819747132,0.03572769432348887,0.21871841022033595,1.798883467963948e-15,,,
a,cell_simple_coverage,Cycle-span 2-cells,2,93,10,0.21611448612763823,0.035669458438627046,0.21934715447196554,1.7319246897684856e-15,,,
a,cell_simple_coverage,Cycle-span 2-cells,2,94,10,0.21688482495146238,0.035498120306295095,0.2199659186562993,2.0414975874719956e-15,,,
a,cell_simple_coverage,Cycle-span 2-cells,2,95,10,0.21745826376657953,0.034101902686871216,0.22057486118570152,2.0202148658153265e-15,,,
a,cell_simple_coverage,Cycle-span 2-cells,2,96,10,0.21763133413885655,0.03423492925511126,0.22117413796281463,2.2332940192015088e-15,,,
a,cell_simple_coverage,Cycle-span 2-cells,2,97,10,0.21768334690298743,0.0342016303675294,0.22176390240859667,3.138003475688944e-16,,,
a,cell_simple_coverage,Cycle-span 2-cells,2,98,10,0.22260363218650664,0.03516392806083088,0.22234430551517725,1.96320208970424e-15,,,
a,cell_simple_coverage,Cycle-span 2-cells,2,99,10,0.2226994089944657,0.03524493273511721,0.22291549587415446,1.85799111647358e-15,,,
a,cell_simple_coverage,Cycle-span 2-cells,2,100,10,0.22327078562950722,0.035710381192615354,0.22347761971724975,2.920423558768634e-16,,,
a,cell_simple_coverage,Cycle-span 2-cells,2,101,10,0.2294377733343313,0.03185964937794071,0.22403082096197538,1.7305180346337123e-15,,,
a,cell_simple_coverage,Cycle-span 2-cells,2,102,10,0.23437295214061932,0.0207546505719619,0.22457524123289446,2.8129301769519513e-16,,,
a,cell_simple_coverage,Cycle-span 2-cells,2,103,10,0.23439601800665094,0.02077606417364013,0.22511101991440255,2.08091555062391e-15,,,
a,cell_simple_coverage,Cycle-span 2-cells,2,104,10,0.23447079112865404,0.020735763239503286,0.22563829416947473,1.315717078593139e-15,,,
a,cell_simple_coverage,Cycle-span 2-cells,2,105,10,0.23453143449828687,0.020633654932843682,0.22615719899319106,6.938585501769077e-16,,,
a,cell_simple_coverage,Cycle-span 2-cells,2,106,10,0.2345643530024578,0.020659245464946085,0.22666786723354057,5.394714207615781e-17,,,
a,cell_simple_coverage,Cycle-span 2-cells,2,107,10,0.2346311065352778,0.02071865816608077,0.22717042962788114,1.3713489101394587e-15,,,
a,cell_simple_coverage,Cycle-span 2-cells,2,108,10,0.23502345538893482,0.020894544307430225,0.2276650148409697,1.421731027519121e-15,,,
a,cell_simple_coverage,Cycle-span 2-cells,2,109,10,0.2350720311862729,0.020836085372972338,0.22815174949488287,8.06855426538569e-16,,,
a,cell_simple_coverage,Cycle-span 2-cells,2,110,10,0.23520065012136313,0.020867352578511276,0.22863075820415876,6.94592175741971e-16,,,
a,cell_simple_coverage,Cycle-span 2-cells,2,111,10,0.23545353450027268,0.021031115920602233,0.2291021635981708,1.2953791424013387e-15,,,
a,cell_simple_coverage,Cycle-span 2-cells,2,112,10,0.23546499105624866,0.02103372791039762,0.2295660863681798,1.2043205064299874e-15,,,
a,cell_simple_coverage,Cycle-span 2-cells,2,113,10,0.23553586894921996,0.020934207487733374,0.23002264528456698,7.092984277480081e-16,,,
a,cell_simple_coverage,Cycle-span 2-cells,2,114,10,0.23554495781696091,0.020942196177915977,0.23047195723265937,1.3703030094273693e-15,,,
a,cell_simple_coverage,Cycle-span 2-cells,2,115,10,0.23631942100093636,0.021263559147717184,0.2309141372463969,1.8737606165960934e-15,,,
a,cell_simple_coverage,Cycle-span 2-cells,2,116,10,0.2363670802737964,0.021268134337931444,0.2313492985307081,2.04868823636661e-15,,,
a,cell_simple_coverage,Cycle-span 2-cells,2,117,10,0.23638487612407907,0.021283122533054633,0.23177755249050466,1.844431732271771e-15,,,
a,cell_simple_coverage,Cycle-span 2-cells,2,118,10,0.23638518163223843,0.02128279015286561,0.23219900876953486,1.745401795101371e-15,,,
a,cell_simple_coverage,Cycle-span 2-cells,2,119,10,0.23651441158364736,0.021366794362092635,0.23261377526755328,2.003867983887564e-15,,,
a,cell_simple_coverage,Cycle-span 2-cells,2,120,10,0.2365597795453122,0.021405667392853347,0.23302195816828672,2.1164746206071312e-15,,,
a,cell_simple_coverage,Cycle-span 2-cells,2,121,10,0.23661324347320006,0.021407119282738928,0.23342366197692943,1.4505545226406697e-15,,,
a,cell_simple_coverage,Cycle-span 2-cells,2,122,10,0.23665097373088093,0.02137764060849648,0.23381898953391528,2.4302644224008883e-17,,,
a,cell_simple_coverage,Cycle-span 2-cells,2,123,10,0.23699390663976158,0.021285866070219567,0.23420804205108608,3.1586663452777116e-16,,,
a,cell_simple_coverage,Cycle-span 2-cells,2,124,10,0.23702644325873332,0.021249918029334177,0.23459091913009308,1.5851352631034378e-15,,,
a,cell_simple_coverage,Cycle-span 2-cells,2,125,10,0.23706745772912732,0.02127424315043047,0.23496771879682427,2.2076570742707523e-15,,,
a,cell_simple_coverage,Cycle-span 2-cells,2,126,10,0.2371261916727641,0.02119977345440656,0.2353385375163523,2.055456075782043e-15,,,
a,cell_simple_coverage,Cycle-span 2-cells,2,127,10,0.23721280323594246,0.02105619327930837,0.23570347022211674,2.151967181195829e-15,,,
a,cell_simple_coverage,Cycle-span 2-cells,2,128,10,0.23727008601582228,0.021097052906292952,0.2360626103474131,2.0966454775500085e-15,,,
a,cell_simple_coverage,Cycle-span 2-cells,2,129,10,0.23727527965453138,0.021100781946559892,0.23641604983530132,2.1805435298241068e-15,,,
a,cell_simple_coverage,Cycle-span 2-cells,2,130,10,0.2372991092909614,0.021073695389914795,0.23676387917227162,1.3622588069870442e-15,,,
a,cell_simple_coverage,Cycle-span 2-cells,2,131,10,0.2373376796960805,0.021091681725157102,0.23710618740833334,5.472613140769022e-16,,,
a,cell_simple_coverage,Cycle-span 2-cells,2,132,10,0.23734837248165802,0.021087590471755784,0.23744306218133668,2.2224574174938156e-15,,,
a,cell_simple_coverage,Cycle-span 2-cells,2,133,10,0.23735646844788105,0.02107365081744222,0.23777458973641052,1.8776122077611762e-15,,,
a,cell_simple_coverage,Cycle-span 2-cells,2,134,10,0.2379403709174563,0.021429847436610038,0.2381008549464946,1.7226081103189993e-15,,,
a,cell_simple_coverage,Cycle-span 2-cells,2,135,10,0.23795526444022505,0.021441042530045817,0.2384219413464214,1.3976248376425305e-15,,,
a,cell_simple_coverage,Cycle-span 2-cells,2,136,10,0.23811153186373724,0.021262317839681927,0.23873793113480316,5.714923269944298e-16,,,
a,cell_simple_coverage,Cycle-span 2-cells,2,137,10,0.23832783164056354,0.0212819275504383,0.239048905214189,2.3679408523863845e-15,,,
a,cell_simple_coverage,Cycle-span 2-cells,2,138,10,0.23843078789026756,0.02117358057091798,0.23935494319611733,5.465648484819204e-17,,,
a,cell_simple_coverage,Cycle-span 2-cells,2,139,10,0.23843926574168978,0.021180274865141215,0.23965612343356354,1.9925354662455233e-15,,,
a,cell_simple_coverage,Cycle-span 2-cells,2,140,10,0.23843926574168978,0.021180274865141215,0.23995252302980358,1.9646229567053057e-15,,,
a,cell_simple_coverage,Cycle-span 2-cells,2,141,10,0.23849288242365732,0.02122260338430019,0.24024421787171385,1.898187381910979e-15,,,
a,cell_simple_coverage,Cycle-span 2-cells,2,142,10,0.23858445849442528,0.021289001612101087,0.24053128263612047,1.8411059015917856e-15,,,
a,cell_simple_coverage,Cycle-span 2-cells,2,143,10,0.23860446927886328,0.021263465057914353,0.24081379081895612,2.7125464708320507e-16,,,
a,cell_simple_coverage,Cycle-span 2-cells,2,144,10,0.23861974468683123,0.021260166125163515,0.24109181474302907,1.4130953276744117e-15,,,
a,cell_simple_coverage,Cycle-span 2-cells,2,145,10,0.23871567424887,0.021307526171359236,0.24136542558926077,1.85194616678062e-15,,,
a,cell_simple_coverage,Cycle-span 2-cells,2,146,10,0.23878028922457445,0.021340565174994164,0.24163469340798258,1.8985841677542244e-15,,,
a,cell_simple_coverage,Cycle-span 2-cells,2,147,10,0.23880610466404031,0.021299959736942757,0.24189968713204202,1.9503567349657514e-15,,,
a,cell_simple_coverage,Cycle-span 2-cells,2,148,10,0.23889661145625046,0.021367809768173773,0.2421604746080269,1.836024275594205e-15,,,
a,cell_simple_coverage,Cycle-span 2-cells,2,149,10,0.23902232806382676,0.021192606674759168,0.2424171225987101,1.9141399960936728e-15,,,
a,cell_simple_coverage,Cycle-span 2-cells,2,150,10,0.2390523442404838,0.021185025677018923,0.24266969681203993,2.029346190031034e-15,,,
a,cell_simple_coverage,Cycle-span 2-cells,2,151,10,0.23923962074217098,0.021241566311083315,0.24291826191204047,6.409141114280067e-16,,,
a,cell_simple_coverage,Cycle-span 2-cells,2,152,10,0.23931592140497093,0.02129330068553598,0.24316288153337653,1.867372538520069e-15,,,
a,cell_simple_coverage,Cycle-span 2-cells,2,153,10,0.23962036028577235,0.02151380308153203,0.24340361830425644,1.7616981771585788e-15,,,
a,cell_simple_coverage,Cycle-span 2-cells,2,154,10,0.24375388568190184,0.018216800775052167,0.24364053385701676,1.7483711759740419e-15,,,
a,cell_simple_coverage,Cycle-span 2-cells,2,155,10,0.24375388568190184,0.018216800775052167,0.24387368884552707,6.643066367368088e-16,,,
a,cell_simple_coverage,Cycle-span 2-cells,2,156,10,0.24388334476443027,0.018286350392682494,0.24410314295881178,1.7383673483363178e-15,,,
a,cell_simple_coverage,Cycle-span 2-cells,2,157,10,0.24393871811831414,0.01828487835285002,0.24432895494583495,1.7800248836389984e-15,,,
a,cell_simple_coverage,Cycle-span 2-cells,2,158,10,0.24415249745282575,0.018424255324712716,0.24455118261444805,1.6722718312802723e-15,,,
a,cell_simple_coverage,Cycle-span 2-cells,2,159,10,0.2441764798433354,0.01842138878152184,0.24476988285972429,1.7558945327078601e-15,,,
a,cell_simple_coverage,Cycle-span 2-cells,2,160,10,0.24420626688887292,0.018437637954621354,0.24498511167351658,1.800243837155696e-15,,,
a,cell_simple_coverage,Cycle-span 2-cells,2,161,10,0.24421558488773337,0.018444659239068305,0.24519692415506386,3.0762951357577496e-16,,,
a,cell_simple_coverage,Cycle-span 2-cells,2,162,10,0.24438453089985898,0.018562608193078436,0.2454053745358399,5.13623990812192e-16,,,
a,cell_simple_coverage,Cycle-span 2-cells,2,163,10,0.24459594254613556,0.018098333705085696,0.24561051617949908,1.903671909331356e-15,,,
a,cell_simple_coverage,Cycle-span 2-cells,2,164,10,0.24461373839641826,0.01809932197182678,0.2458124016058591,1.852593133279165e-15,,,
a,cell_simple_coverage,Cycle-span 2-cells,2,165,10,0.24461373839641826,0.01809932197182678,0.2460110825025003,3.0020819727096215e-16,,,
a,cell_simple_coverage,Cycle-span 2-cells,2,166,10,0.24465650953872853,0.018127513538746608,0.2462066097332476,1.4848267386329789e-15,,,
a,cell_simple_coverage,Cycle-span 2-cells,2,167,10,0.24467109755333788,0.0181385999984347,0.24639903335804753,1.2869099106343188e-15,,,
a,cell_simple_coverage,Cycle-span 2-cells,2,168,10,0.2447978070624321,0.018232226995775466,0.24658840263995377,2.0787445868387475e-15,,,
a,cell_simple_coverage,Cycle-span 2-cells,2,169,10,0.24486555349677,0.018222189919093353,0.24677476605802634,1.8781250045399495e-15,,,
a,cell_simple_coverage,Cycle-span 2-cells,2,170,10,0.2449316960132713,0.018233793492613996,0.24695817132960304,2.94086881781472e-16,,,
a,cell_simple_coverage,Cycle-span 2-cells,2,171,10,0.24500509434855733,0.018284284688683743,0.247138665406106,1.9535579180160437e-15,,,
a,cell_simple_coverage,Cycle-span 2-cells,2,172,10,0.2451267629730221,0.018067037053425373,0.24731629449455395,1.3816002051217405e-15,,,
a,cell_simple_coverage,Cycle-span 2-cells,2,173,10,0.2451269157271018,0.018067097158176643,0.24749110407642014,2.267486894844319e-15,,,
a,cell_simple_coverage,Cycle-span 2-cells,2,174,10,0.2451321093658109,0.018056374769035818,0.24766313890026498,1.6777882600229836e-15,,,
a,cell_simple_coverage,Cycle-span 2-cells,2,175,10,0.2452173461422721,0.018075690442032666,0.2478324430157835,2.2177170013785098e-15,,,
a,cell_simple_coverage,Cycle-span 2-cells,2,176,10,0.24526813687376556,0.01809804125279004,0.24799905976050227,1.917669479524406e-15,,,
a,cell_simple_coverage,Cycle-span 2-cells,2,177,10,0.2452902862153191,0.018103638872572485,0.24816303179933136,2.169021232828415e-15,,,
a,cell_simple_coverage,Cycle-span 2-cells,2,178,10,0.24554454538094578,0.01819805766902133,0.24832440110372428,1.7837741618107815e-15,,,
a,cell_simple_coverage,Cycle-span 2-cells,2,179,10,0.24557272850864664,0.01817452073135584,0.24848320899314974,1.639276868677743e-15,,,
a,cell_simple_coverage,Cycle-span 2-cells,2,180,10,0.24557272850864664,0.01817452073135584,0.24863949612185637,1.6558087180280876e-15,,,
a,cell_simple_coverage,Cycle-span 2-cells,2,181,10,0.24557349227904504,0.01817504538634575,0.24879330250245357,4.725245794869231e-16,,,
a,cell_simple_coverage,Cycle-span 2-cells,2,182,10,0.24629220022393747,0.0169416004405526,0.24894466751055527,2.3255425687046938e-15,,,
a,cell_simple_coverage,Cycle-span 2-cells,2,183,10,0.2463307706290566,0.016968632222058844,0.24909362990086975,2.3307357978266192e-15,,,
a,cell_simple_coverage,Cycle-span 2-cells,2,184,10,0.24633313831729162,0.016969217995552826,0.24924022780762453,1.7355090892696138e-15,,,
a,cell_simple_coverage,Cycle-span 2-cells,2,185,10,0.24633313831729162,0.016969217995552826,0.2493844987658771,5.096842067276482e-16,,,
a,cell_simple_coverage,Cycle-span 2-cells,2,186,10,0.24633436034992906,0.016970132891469352,0.24952647970615033,2.3764151021971143e-15,,,
a,cell_simple_coverage,Cycle-span 2-cells,2,187,10,0.24639569111292042,0.0170090071552581,0.24966620698264563,1.5383812773228886e-15,,,
a,cell_simple_coverage,Cycle-span 2-cells,2,188,10,0.24639569111292042,0.0170090071552581,0.24980371636605234,2.327626766921341e-15,,,
a,cell_simple_coverage,Cycle-span 2-cells,2,189,10,0.24639569111292042,0.0170090071552581,0.24993904305934073,1.3928303534344374e-15,,,
a,cell_simple_coverage,Cycle-span 2-cells,2,190,10,0.24639989185011157,0.01701129660858052,0.2500722217102925,1.335860729277571e-15,,,
a,cell_simple_coverage,Cycle-span 2-cells,2,191,10,0.24639989185011157,0.01701129660858052,0.2502032864155087,1.7657239282686506e-15,,,
a,cell_simple_coverage,Cycle-span 2-cells,2,192,10,0.24639989185011157,0.01701129660858052,0.2503322707263015,2.160771512159163e-15,,,
a,cell_simple_coverage,Cycle-span 2-cells,2,193,10,0.24639989185011157,0.01701129660858052,0.25045920766947694,1.7456764051424194e-15,,,
a,cell_simple_coverage,Cycle-span 2-cells,2,194,10,0.24704031332916826,0.01697457980197174,0.25058412973871563,1.5132488705390735e-15,,,
a,cell_simple_coverage,Cycle-span 2-cells,2,195,10,0.24704031332916826,0.01697457980197174,0.25070706891899974,1.404528420191489e-15,,,
a,cell_simple_coverage,Cycle-span 2-cells,2,196,10,0.24705490134377764,0.0169777043177129,0.2508280566820231,1.7327325671365181e-15,,,
a,cell_simple_coverage,Cycle-span 2-cells,2,197,10,0.247090493044343,0.017000995264928258,0.2509471240071456,2.181093028340941e-15,,,
a,cell_simple_coverage,Cycle-span 2-cells,2,198,10,0.24781760246361778,0.017308962288861963,0.2510643013740431,2.385616436920967e-15,,,
a,cell_simple_coverage,Cycle-span 2-cells,2,199,10,0.24781828985697638,0.0173094035070591,0.25117961878043243,2.377745644062197e-15,,,
a,cell_simple_coverage,Cycle-span 2-cells,2,200,10,0.24781828985697638,0.0173094035070591,0.2512931057542086,2.2714848355670745e-15,,,
b,cell_simple_coverage,Cycle-span 2-cells,2,,10,,,,,0.2583292980797285,0.0,
a,cell_simple_coverage,Cycle-span 2-cells,4,1,10,0.09492459294856617,0.015266843059056375,0.09450283712640513,3.0130662799702128e-15,,,
a,cell_simple_coverage,Cycle-span 2-cells,4,2,10,0.10861510096280898,0.026024785736184088,0.10291143355425914,1.8284122224514954e-15,,,
a,cell_simple_coverage,Cycle-span 2-cells,4,3,10,0.1201643786651432,0.03349510363405077,0.1109463435225921,6.005451147179479e-15,,,
a,cell_simple_coverage,Cycle-span 2-cells,4,4,10,0.12353726512150823,0.03252549412297647,0.11862532101284114,4.008330741589556e-15,,,
a,cell_simple_coverage,Cycle-span 2-cells,4,5,10,0.12514813326876928,0.033261765470094816,0.12596527463353044,1.970469945237035e-15,,,
a,cell_simple_coverage,Cycle-span 2-cells,4,6,10,0.13351920958929012,0.03115893909960431,0.13298230788404264,5.016295929155144e-15,,,
a,cell_simple_coverage,Cycle-span 2-cells,4,7,10,0.14807468757971853,0.03666477124864262,0.13969175749540252,3.453777158210276e-15,,,
a,cell_simple_coverage,Cycle-span 2-cells,4,8,10,0.16020091744100257,0.04580132905326471,0.14610822994000147,6.63127178573698e-15,,,
a,cell_simple_coverage,Cycle-span 2-cells,4,9,10,0.16642740285986188,0.04179035296292743,0.15224563620420836,8.015892675444418e-15,,,
a,cell_simple_coverage,Cycle-span 2-cells,4,10,10,0.17347929494826983,0.04197079729125994,0.15811722490691227,7.596426054286023e-15,,,
a,cell_simple_coverage,Cycle-span 2-cells,4,11,10,0.17498124943671933,0.04223647252423713,0.16373561385002153,3.4565319911891804e-15,,,
a,cell_simple_coverage,Cycle-span 2-cells,4,12,10,0.18203367616440616,0.03637456004137675,0.16911282004326192,8.491484594148256e-15,,,
a,cell_simple_coverage,Cycle-span 2-cells,4,13,10,0.18370274361602512,0.035997781528481834,0.17426028831285972,6.533909185287998e-15,,,
a,cell_simple_coverage,Cycle-span 2-cells,4,14,10,0.186019259234366,0.036119972079694425,0.17918891857076127,8.342288029662281e-15,,,
a,cell_simple_coverage,Cycle-span 2-cells,4,15,10,0.18746736790972846,0.03681784644430815,0.18390909173226444,3.820478780082479e-15,,,
a,cell_simple_coverage,Cycle-span 2-cells,4,16,10,0.18847073308210377,0.03611313520698907,0.18843069445673616,9.051651205891367e-15,,,
a,cell_simple_coverage,Cycle-span 2-cells,4,17,10,0.19453759048769795,0.03977590528250524,0.19276314265986866,5.291694290821038e-15,,,
a,cell_simple_coverage,Cycle-span 2-cells,4,18,10,0.19767172231752378,0.038771018681844224,0.19691540394515847,2.091869562419034e-15,,,
a,cell_simple_coverage,Cycle-span 2-cells,4,19,10,0.1985130154113591,0.03899142828153022,0.20089601895962947,6.183714130104997e-15,,,
a,cell_simple_coverage,Cycle-span 2-cells,4,20,10,0.2059809332357744,0.039013593655006666,0.2047131216976233,3.914409850918755e-15,,,
a,cell_simple_coverage,Cycle-span 2-cells,4,21,10,0.20912720901493476,0.040612849181466536,0.2083744588921057,6.400189390456398e-15,,,
a,cell_simple_coverage,Cycle-span 2-cells,4,22,10,0.21010941774727449,0.0410125023191932,0.2118874084335733,5.778995531520157e-15,,,
a,cell_simple_coverage,Cycle-span 2-cells,4,23,10,0.21194307771974819,0.041851922275161435,0.21525899696023304,3.050264939837667e-15,,,
a,cell_simple_coverage,Cycle-span 2-cells,4,24,10,0.21362971189053032,0.04243057657607258,0.2184959165622567,6.461231993662609e-15,,,
a,cell_simple_coverage,Cycle-span 2-cells,4,25,10,0.21415801187510217,0.04194680521534467,0.22160454070773286,5.446056057009589e-15,,,
a,cell_simple_coverage,Cycle-span 2-cells,4,26,10,0.22182298246230409,0.031323183596946094,0.2245909394489361,9.335177530450356e-15,,,
a,cell_simple_coverage,Cycle-span 2-cells,4,27,10,0.223926864401731,0.030702229464680552,0.22746089382716966,9.055990696486256e-15,,,
a,cell_simple_coverage,Cycle-span 2-cells,4,28,10,0.224342584629579,0.0305335199298765,0.23021990967812087,4.833676857203708e-15,,,
a,cell_simple_coverage,Cycle-span 2-cells,4,29,10,0.22744272867667611,0.03169411493550923,0.23287323068843024,5.684825540140707e-15,,,
a,cell_simple_coverage,Cycle-span 2-cells,4,30,10,0.22836368302306434,0.03250541787131731,0.2354258509298969,5.402400959103433e-15,,,
a,cell_simple_coverage,Cycle-span 2-cells,4,31,10,0.22943097577778557,0.03250946883830762,0.23788252670210736,5.9403423615755794e-15,,,
a,cell_simple_coverage,Cycle-span 2-cells,4,32,10,0.23035590173024545,0.03156840821602568,0.24024778789144766,2.8463023645772196e-15,,,
a,cell_simple_coverage,Cycle-span 2-cells,4,33,10,0.23090161567990078,0.03209306616330494,0.242525948723731,4.493403009445e-15,,,
a,cell_simple_coverage,Cycle-span 2-cells,4,34,10,0.23112830273414525,0.03217643600343281,0.24472111804305535,3.816052397257452e-15,,,
a,cell_simple_coverage,Cycle-span 2-cells,4,35,10,0.23215565029703028,0.03193574093582976,0.24683720911023155,5.187563366398086e-15,,,
a,cell_simple_coverage,Cycle-span 2-cells,4,36,10,0.23229687144369407,0.031759694808453816,0.24887794887258935,8.7935866282147e-15,,,
a,cell_simple_coverage,Cycle-span 2-cells,4,37,10,0.23433102114574728,0.02949331028240845,0.2508468868936232,4.4178414071001234e-15,,,
a,cell_simple_coverage,Cycle-span 2-cells,4,38,10,0.23467036433375546,0.029527723558553733,0.25274740374656035,8.321210240452457e-15,,,
a,cell_simple_coverage,Cycle-span 2-cells,4,39,10,0.23541801917674715,0.029882526430294785,0.2545827190944084,7.54537930881464e-15,,,
a,cell_simple_coverage,Cycle-span 2-cells,4,40,10,0.2356705216704575,0.029685161404816945,0.2563558993366277,9.26443252165319e-15,,,
a,cell_simple_coverage,Cycle-span 2-cells,4,41,10,0.2359300508518331,0.029727868065511007,0.25806986492309925,7.154239133250645e-15,,,
a,cell_simple_coverage,Cycle-span 2-cells,4,42,10,0.23932439925639315,0.02754782712435603,0.2597273972806823,3.2864862321975205e-15,,,
a,cell_simple_coverage,Cycle-span 2-cells,4,43,10,0.2396460229711585,0.02746684433094263,0.26133114545047564,1.036251275688917e-14,,,
a,cell_simple_coverage,Cycle-span 2-cells,4,44,10,0.24003042861267215,0.02751845905175191,0.2628836323963609,9.120519500026013e-15,,,
a,cell_simple_coverage,Cycle-span 2-cells,4,45,10,0.24033242342819872,0.027726357770594706,0.26438726098733495,6.479908197221388e-15,,,
a,cell_simple_coverage,Cycle-span 2-cells,4,46,10,0.24056086715435954,0.027550575435126706,0.2658443197292766,5.029298728205666e-15,,,
a,cell_simple_coverage,Cycle-span 2-cells,4,47,10,0.24202142528721585,0.02626302629327128,0.2672569882254133,7.037788511425021e-15,,,
a,cell_simple_coverage,Cycle-span 2-cells,4,48,10,0.2422243590820702,0.026262127655260006,0.2686273423218296,8.762255428586831e-15,,,
a,cell_simple_coverage,Cycle-span 2-cells,4,49,10,0.2463307706290566,0.028228269462581026,0.269957359096707,9.746910910474846e-15,,,
a,cell_simple_coverage,Cycle-span 2-cells,4,50,10,0.24639614937515947,0.02824702989879077,0.2712489215243285,1.0974067738008275e-14,,,
a,cell_simple_coverage,Cycle-span 2-cells,4,51,10,0.2473676653219216,0.026583579466661962,0.2725038229844355,1.3839810626172573e-14,,,
a,cell_simple_coverage,Cycle-span 2-cells,4,52,10,0.24765507212283872,0.026527886515982813,0.27372377150377064,9.78352434891757e-15,,,
a,cell_simple_coverage,Cycle-span 2-cells,4,53,10,0.24871312325573935,0.025169465873476595,0.2749103938361173,1.031131816284995e-14,,,
a,cell_simple_coverage,Cycle-span 2-cells,4,54,10,0.24927518189192038,0.025531700458982502,0.27606523934012905,1.2347968658287071e-14,,,
a,cell_simple_coverage,Cycle-span 2-cells,4,55,10,0.2507574311040912,0.026766318700644613,0.27718978362943253,7.755474926877031e-15,,,
a,cell_simple_coverage,Cycle-span 2-cells,4,56,10,0.2559657342048463,0.026965196235103843,0.27828543212728274,1.2272444406189887e-14,,,
a,cell_simple_coverage,Cycle-span 2-cells,4,57,10,0.2602258927330302,0.021705093448815233,0.27935352338924047,1.0184006137504611e-14,,,
a,cell_simple_coverage,Cycle-span 2-cells,4,58,10,0.26049420527398737,0.02152064921654851,0.2803953322712016,3.907085164785988e-15,,,
a,cell_simple_coverage,Cycle-span 2-cells,4,59,10,0.26057531769029724,0.021530561481860944,0.28141207300111637,4.886540558382573e-15,,,
a,cell_simple_coverage,Cycle-span 2-cells,4,60,10,0.2606257265365915,0.021550873502149025,0.2824049020208392,2.8350508630043125e-15,,,
a,cell_simple_coverage,Cycle-span 2-cells,4,61,10,0.2621214944848139,0.021363389246699793,0.2833749207898705,1.4006129490505536e-14,,,
a,cell_simple_coverage,Cycle-span 2-cells,4,62,10,0.2623432934085087,0.02122009674521369,0.2843231783415415,1.097690186416195e-14,,,
a,cell_simple_coverage,Cycle-span 2-cells,4,63,10,0.2678271648690057,0.010972044917943066,0.2852506738337238,7.242499998979713e-15,,,
a,cell_simple_coverage,Cycle-span 2-cells,4,64,10,0.2691348161681028,0.012909207192759406,0.28615835889931385,1.0624326141905865e-14,,,
a,cell_simple_coverage,Cycle-span 2-cells,4,65,10,0.2711784366230961,0.011481300737560226,0.28704713990688724,9.669852052754516e-15,,,
a,cell_simple_coverage,Cycle-span 2-cells,4,66,10,0.2714708843086427,0.011384640757655788,0.2879178801272296,1.2397806657854402e-14,,,
a,cell_simple_coverage,Cycle-span 2-cells,4,67,10,0.2715915600315896,0.01122728006127443,0.2887714017709685,1.4922360466768044e-14,,,
a,cell_simple_coverage,Cycle-span 2-cells,4,68,10,0.2716314288463859,0.011237277727354597,0.2896084879707332,8.340947374454881e-15,,,
a,cell_simple_coverage,Cycle-span 2-cells,4,69,10,0.2727165174513898,0.013562313154388892,0.2904298845918533,4.890879312110067e-15,,,
a,cell_simple_coverage,Cycle-span 2-cells,4,70,10,0.27574608911367504,0.01731974972192186,0.2912363020694857,1.2328893526519494e-14,,,
a,cell_simple_coverage,Cycle-span 2-cells,4,71,10,0.2769263435103193,0.016269725196418904,0.2920284170598765,5.985602123327913e-15,,,
a,cell_simple_coverage,Cycle-span 2-cells,4,72,10,0.2769415425412474,0.016261495136906255,0.2928068740321041,1.28228556501823e-14,,,
a,cell_simple_coverage,Cycle-span 2-cells,4,73,10,0.2770921580638115,0.016155152068971074,0.2935722868484106,2.324084543525339e-15,,,
a,cell_simple_coverage,Cycle-span 2-cells,4,74,10,0.277438986201724,0.01626837394526027,0.2943252401869484,1.0431116628001311e-14,,,
a,cell_simple_coverage,Cycle-span 2-cells,4,75,10,0.27757692313567467,0.01626960495463383,0.2950662909259668,8.645422960996556e-15,,,
a,cell_simple_coverage,Cycle-span 2-cells,4,76,10,0.27772051197057346,0.016380108585621122,0.29579596949863635,7.274453442155864e-15,,,
a,cell_simple_coverage,Cycle-span 2-cells,4,77,10,0.27824552774243216,0.01607238779894316,0.2965147811332927,1.0703782187940499e-14,,,
a,cell_simple_coverage,Cycle-span 2-cells,4,78,10,0.27884913548828605,0.01592402467116064,0.29722320705553235,6.744029940364986e-15,,,
a,cell_simple_coverage,Cycle-span 2-cells,4,79,10,0.2788540236188358,0.01592200486742688,0.29792170561979725,1.338331273678991e-14,,,
a,cell_simple_coverage,Cycle-span 2-cells,4,80,10,0.2789858503895993,0.01593327176445849,0.29861071342945494,7.066860013912757e-15,,,
a,cell_simple_coverage,Cycle-span 2-cells,4,81,10,0.2796006091832698,0.015224389153173755,0.2992906463291128,1.3094421803546697e-14,,,
a,cell_simple_coverage,Cycle-span 2-cells,4,82,10,0.27978192827584947,0.015354198673656509,0.2999619004328956,9.427764605368538e-15,,,
a,cell_simple_coverage,Cycle-span 2-cells,4,83,10,0.28044388808014087,0.015139447479249864,0.3006248530428459,1.3732246620554694e-14,,,
a,cell_simple_coverage,Cycle-span 2-cells,4,84,10,0.28071655411236895,0.015054367280540217,0.3012798635572635,8.99848527144571e-15,,,
a,cell_simple_coverage,Cycle-span 2-cells,4,85,10,0.28075474263228883,0.015063406924502091,0.30192727429621485,1.1222933813411497e-14,,,
a,cell_simple_coverage,Cycle-span 2-cells,4,86,10,0.28160023646331533,0.014666108004533085,0.302567411354829,1.1068330566950259e-14,,,
a,cell_simple_coverage,Cycle-span 2-cells,4,87,10,0.28170716431909104,0.014710850815408093,0.30320058534753336,7.0528271482831945e-15,,,
a,cell_simple_coverage,Cycle-span 2-cells,4,88,10,0.2817851452767675,0.014682279659498237,0.30382709214511755,1.0845262043331453e-14,,,
a,cell_simple_coverage,Cycle-span 2-cells,4,89,10,0.28188756688719263,0.01477332690549463,0.30444721359926846,6.158722554472408e-15,,,
a,cell_simple_coverage,Cycle-span 2-cells,4,90,10,0.2819120839169812,0.014773231053089546,0.30506121817478016,4.962805926606514e-15,,,
a,cell_simple_coverage,Cycle-span 2-cells,4,91,10,0.281960812468399,0.014745461248387916,0.3056693616208727,2.669984428721709e-15,,,
a,cell_simple_coverage,Cycle-span 2-cells,4,92,10,0.2819963277919245,0.014763736039957186,0.30627188756247153,1.1671620526693994e-14,,,
a,cell_simple_coverage,Cycle-span 2-cells,4,93,10,0.28201641495340235,0.014753455704807012,0.3068690280787273,1.352711702638981e-14,,,
a,cell_simple_coverage,Cycle-span 2-cells,4,94,10,0.30268320178661173,0.07390410647171529,0.30746100424255396,8.724929373853767e-15,,,
a,cell_simple_coverage,Cycle-span 2-cells,4,95,10,0.3031696471533513,0.07372449943283009,0.3080480266636716,1.0386617850070534e-14,,,
a,cell_simple_coverage,Cycle-span 2-cells,4,96,10,0.30322983226074507,0.07388071077687197,0.30863029596469943,9.421456058361096e-15,,,
a,cell_simple_coverage,Cycle-span 2-cells,4,97,10,0.30327413094385214,0.07386378580981537,0.30920800328475095,1.313988674316834e-14,,,
a,cell_simple_coverage,Cycle-span 2-cells,4,98,10,0.30337235181708616,0.07382442500293084,0.3097813307093477,9.944753842359622e-15,,,
a,cell_simple_coverage,Cycle-span 2-cells,4,99,10,0.30338716896281503,0.07382371379769839,0.31035045169906034,1.2291594605746475e-14,,,
a,cell_simple_coverage,Cycle-span 2-cells,4,100,10,0.30339747986319343,0.07381980875139861,0.3109155315264123,1.0393010955980146e-14,,,
a,cell_simple_coverage,Cycle-span 2-cells,4,101,10,0.32419968318803877,0.08964548289633735,0.3114767276226925,1.5971313797323932e-14,,,
a,cell_simple_coverage,Cycle-span 2-cells,4,102,10,0.32475922138190505,0.08941206676045436,0.3120341899974373,1.29625953927937e-14,,,
a,cell_simple_coverage,Cycle-span 2-cells,4,103,10,0.32542729134938375,0.08908192199287027,0.3125880615677141,1.1420857832788068e-14,,,
a,cell_simple_coverage,Cycle-span 2-cells,4,104,10,0.3254442470522282,0.08907371784454603,0.3131384784767562,1.3314564314864232e-14,,,
a,cell_simple_coverage,Cycle-span 2-cells,4,105,10,0.3254867890634189,0.08904695331327199,0.31368557046430384,1.3167451014006589e-14,,,
a,cell_simple_coverage,Cycle-span 2-cells,4,106,10,0.32672570102666015,0.08940418663722802,0.3142294611395791,9.228790802922028e-15,,,
a,cell_simple_coverage,Cycle-span 2-cells,4,107,10,0.32674311499174363,0.08941552206759823,0.314770268275071,1.3494800317545151e-14,,,
a,cell_simple_coverage,Cycle-span 2-cells,4,108,10,0.3267974954441096,0.08942327345132035,0.31530810409023685,1.065692666078608e-14,,,
a,cell_simple_coverage,Cycle-span 2-cells,4,109,10,0.32682674785036825,0.08941164117135199,0.3158430755039229,1.3168097161977614e-14,,,
a,cell_simple_coverage,Cycle-span 2-cells,4,110,10,0.32685798605966265,0.08947141000846127,0.31637528441493223,1.161243514886443e-14,,,
a,cell_simple_coverage,Cycle-span 2-cells,4,111,10,0.3277544997533021,0.08925400705461858,0.31690482790445323,8.473320590037604e-15,,,
a,cell_simple_coverage,Cycle-span 2-cells,4,112,10,0.32779054971610655,0.08927694084927972,0.317431798492004,1.0053369364290243e-14,,,
a,cell_simple_coverage,Cycle-span 2-cells,4,113,10,0.328556916933859,0.08883690152697696,0.3179562843519048,9.940123790682696e-15,,,
a,cell_simple_coverage,Cycle-span 2-cells,4,114,10,0.32858105207844834,0.08884564069605204,0.318478369511627,1.6432468665899253e-14,,,
a,cell_simple_coverage,Cycle-span 2-cells,4,115,10,0.3288369915389515,0.08869319942294987,0.31899813402722726,6.738577686016854e-15,,,
a,cell_simple_coverage,Cycle-span 2-cells,4,116,10,0.32886395263401497,0.08867770850877228,0.3195156542221615,3.1362626884126045e-15,,,
a,cell_simple_coverage,Cycle-span 2-cells,4,117,10,0.32935826483585806,0.08839273921949857,0.32003100282452734,7.194470305570286e-15,,,
a,cell_simple_coverage,Cycle-span 2-cells,4,118,10,0.3293899613073916,0.08840669095179303,0.3205442491475242,1.173535584177714e-14,,,
a,cell_simple_coverage,Cycle-span 2-cells,4,119,10,0.330464815389057,0.08781376909983062,0.32105545927127277,3.0243305265383958e-15,,,
a,cell_simple_coverage,Cycle-span 2-cells,4,120,10,0.3305198068577416,0.08779442254306662,0.3215646961715501,1.064983200580931e-14,,,
a,cell_simple_coverage,Cycle-span 2-cells,4,121,10,0.3315862594650246,0.08979889366650319,0.32207201988059825,4.040662760952234e-15,,,
a,cell_simple_coverage,Cycle-span 2-cells,4,122,10,0.3315922168741322,0.08979861221880746,0.32257748761810684,8.006701849129346e-15,,,
a,cell_simple_coverage,Cycle-span 2-cells,4,123,10,0.3318984124268499,0.08963681595356508,0.3230811539449901,1.2232803021321393e-14,,,
a,cell_simple_coverage,Cycle-span 2-cells,4,124,10,0.3322072047989222,0.08942603865380888,0.3235830708472103,5.447454710401281e-15,,,
a,cell_simple_coverage,Cycle-span 2-cells,4,125,10,0.3323256655877137,0.08935833835843962,0.3240832879276235,1.169392318957383e-14,,,
a,cell_simple_coverage,Cycle-span 2-cells,4,126,10,0.33240234813571284,0.08945151411467196,0.32458185245098575,1.2435070596712273e-14,,,
a,cell_simple_coverage,Cycle-span 2-cells,4,127,10,0.3324296911159755,0.08944119681803096,0.3250788094819364,1.4009409699272357e-14,,,
a,cell_simple_coverage,Cycle-span 2-cells,4,128,10,0.33247299689756465,0.08942194410365753,0.3255742020038154,1.3035824686799376e-14,,,
a,cell_simple_coverage,Cycle-span 2-cells,4,129,10,0.332555789608751,0.0895320060839265,0.32606807099740964,1.0945884745864254e-14,,,
a,cell_simple_coverage,Cycle-span 2-cells,4,130,10,0.33272259706376106,0.08944036160247373,0.32656045554576835,2.4581476043391475e-15,,,
a,cell_simple_coverage,Cycle-span 2-cells,4,131,10,0.3329659343126906,0.08982806651518734,0.32705139292920105,1.3085999571671565e-14,,,
a,cell_simple_coverage,Cycle-span 2-cells,4,132,10,0.33296639257492966,0.08982901964344342,0.32754091868521884,4.91128180937028e-15,,,
a,cell_simple_coverage,Cycle-span 2-cells,4,133,10,0.33309554614929876,0.09000578457500265,0.3280290667415022,1.3946476319079563e-14,,,
a,cell_simple_coverage,Cycle-span 2-cells,4,134,10,0.3335232575724016,0.08976751153032742,0.32851586941470917,7.98266739377212e-15,,,
a,cell_simple_coverage,Cycle-span 2-cells,4,135,10,0.33433896435789057,0.08933587134875948,0.3290013575780584,9.15128261961564e-15,,,
a,cell_simple_coverage,Cycle-span 2-cells,4,136,10,0.3344274853470649,0.08939415040360574,0.32948556066275303,1.1243008327639456e-14,,,
a,cell_simple_coverage,Cycle-span 2-cells,4,137,10,0.33447300606280944,0.08938839312595034,0.32996850675873907,8.914308535610283e-15,,,
a,cell_simple_coverage,Cycle-span 2-cells,4,138,10,0.33452540071213954,0.08936551084882344,0.33045022266367413,6.201633337271944e-15,,,
a,cell_simple_coverage,Cycle-span 2-cells,4,139,10,0.3346843413320461,0.08931805232685235,0.330930733950136,9.941716744208242e-15,,,
a,cell_simple_coverage,Cycle-span 2-cells,4,140,10,0.3351864439919529,0.08897587779208808,0.3314100650267041,9.037613976573572e-15,,,
a,cell_simple_coverage,Cycle-span 2-cells,4,141,10,0.33568289475091156,0.08873646147480665,0.3318882391912642,6.5410050991249415e-16,,,
a,cell_simple_coverage,Cycle-span 2-cells,4,142,10,0.335741323186389,0.0887110613873574,0.3323652786752816,9.778901990256974e-15,,,
a,cell_simple_coverage,Cycle-span 2-cells,4,143,10,0.3358027303264202,0.08868774480488344,0.33284120471344725,1.5293665257113432e-14,,,
a,cell_simple_coverage,Cycle-span 2-cells,4,144,10,0.3363851052551986,0.08897937590529545,0.3333160375632371,1.559853033138339e-14,,,
a,cell_simple_coverage,Cycle-span 2-cells,4,145,10,0.33650769040414147,0.08899292043256275,0.33378979658047486,1.0978802829874444e-15,,,
a,cell_simple_coverage,Cycle-span 2-cells,4,146,10,0.3366040782284193,0.08914838213979596,0.33426250025493887,1.3841573190702605e-14,,,
a,cell_simple_coverage,Cycle-span 2-cells,4,147,10,0.33669786923334255,0.08923539433724618,0.33473416622953617,1.317447633398372e-14,,,
a,cell_simple_coverage,Cycle-span 2-cells,4,148,10,0.35691441341669633,0.0975145931457897,0.3352048113747349,1.1696429212006161e-14,,,
a,cell_simple_coverage,Cycle-span 2-cells,4,149,10,0.3569646695089109,0.0974824873774217,0.33567445178172756,1.5758594805607218e-14,,,
a,cell_simple_coverage,Cycle-span 2-cells,4,150,10,0.3569701686557794,0.0974812149111023,0.33614310286934374,1.476282281166005e-14,,,
a,cell_simple_coverage,Cycle-span 2-cells,4,151,10,0.35710199542654286,0.09740900558109467,0.3366107793137127,1.79824335813298e-15,,,
a,cell_simple_coverage,Cycle-span 2-cells,4,152,10,0.3571572924033869,0.09742150297119599,0.33707749519285846,1.230618358138019e-14,,,
a,cell_simple_coverage,Cycle-span 2-cells,4,153,10,0.35735587270697033,0.09726899699203412,0.33754326393624673,9.415590570890477e-15,,,
a,cell_simple_coverage,Cycle-span 2-cells,4,154,10,0.35741346099500954,0.09733545196602482,0.338008098399632,2.4993309781220694e-15,,,
a,cell_simple_coverage,Cycle-span 2-cells,4,155,10,0.3582401660742354,0.09794066774153194,0.3384720108587924,2.8170412809353984e-15,,,
a,cell_simple_coverage,Cycle-span 2-cells,4,156,10,0.3583263957522146,0.09791238303748456,0.33893501306764423,2.47845530887489e-15,,,
a,cell_simple_coverage,Cycle-span 2-cells,4,157,10,0.3583460246514534,0.09790780438320337,0.3393971162606114,2.8405767187324412e-15,,,
a,cell_simple_coverage,Cycle-span 2-cells,4,158,10,0.35884705803280237,0.0975106451798301,0.33985833120097175,1.0707747906922266e-14,,,
a,cell_simple_coverage,Cycle-span 2-cells,4,159,10,0.35885400834342784,0.09750717750853063,0.340318668162623,5.129582813413657e-15,,,
a,cell_simple_coverage,Cycle-span 2-cells,4,160,10,0.35893771757909226,0.09746773194134502,0.34077813701667753,1.560193769478707e-14,,,
a,cell_simple_coverage,Cycle-span 2-cells,4,161,10,0.3589715526077413,0.09747223153927548,0.3412367471921468,1.4689196517355395e-14,,,
a,cell_simple_coverage,Cycle-span 2-cells,4,162,10,0.3589801832132432,0.09747024071443827,0.34169450769494203,1.5534180715179993e-14,,,
a,cell_simple_coverage,Cycle-span 2-cells,4,163,10,0.3590680168090589,0.09748956099723369,0.3421514271889224,1.5133743264559262e-14,,,
a,cell_simple_coverage,Cycle-span 2-cells,4,164,10,0.3591331664240423,0.09751986199932713,0.3426075139708898,1.4676823657114032e-14,,,
a,cell_simple_coverage,Cycle-span 2-cells,4,165,10,0.3592098489720414,0.09746843382342876,0.3430627759580971,9.210519547732368e-15,,,
a,cell_simple_coverage,Cycle-span 2-cells,4,166,10,0.35921809769234414,0.09746261936326894,0.34351722078332203,1.1126142137627013e-14,,,
a,cell_simple_coverage,Cycle-span 2-cells,4,167,10,0.35923490064110886,0.09746316112257623,0.34397085572112174,1.637776635995778e-14,,,
a,cell_simple_coverage,Cycle-span 2-cells,4,168,10,0.35926109796577393,0.09745152877783422,0.3444236877901238,1.0674301868111078e-14,,,
a,cell_simple_coverage,Cycle-span 2-cells,4,169,10,0.35926843016159854,0.09744806593070382,0.344875723686427,1.5868726704651166e-14,,,
a,cell_simple_coverage,Cycle-span 2-cells,4,170,10,0.35926965219423596,0.0974476832139701,0.3453269698699461,3.893456453071046e-15,,,
a,cell_simple_coverage,Cycle-span 2-cells,4,171,10,0.3593263239577971,0.09741989849153221,0.3457774325047447,9.633270402515094e-15,,,
a,cell_simple_coverage,Cycle-span 2-cells,4,172,10,0.35969919666629496,0.09784934359525246,0.3462271175455961,1.4700869588097368e-14,,,
a,cell_simple_coverage,Cycle-span 2-cells,4,173,10,0.35974555752947773,0.09781569006631517,0.34667603067643366,9.544474838923028e-15,,,
a,cell_simple_coverage,Cycle-span 2-cells,4,174,10,0.3597543408890593,0.09781621587782768,0.34712417739722,5.691678405003649e-15,,,
a,cell_simple_coverage,Cycle-span 2-cells,4,175,10,0.3605207844838516,0.09755312014607956,0.34757156296058145,6.14959560859356e-15,,,
a,cell_simple_coverage,Cycle-span 2-cells,4,176,10,0.3612624819177358,0.09862847907512143,0.3480181924277753,8.851556280146561e-15,,,
a,cell_simple_coverage,Cycle-span 2-cells,4,177,10,0.3615618799139078,0.09845287757801287,0.34846407068006774,8.648442187772371e-15,,,
a,cell_simple_coverage,Cycle-span 2-cells,4,178,10,0.36163978449454437,0.09842128094654073,0.3489092024078235,1.4073382742359613e-14,,,
a,cell_simple_coverage,Cycle-span 2-cells,4,179,10,0.36168034070269933,0.09842302576812344,0.349353592094102,1.256733586942995e-14,,,
a,cell_simple_coverage,Cycle-span 2-cells,4,180,10,0.36213371481118833,0.09803730664479772,0.34979724411675406,1.6857688539806957e-15,,,
a,cell_simple_coverage,Cycle-span 2-cells,4,181,10,0.36217427101934324,0.09804774631150937,0.35024016264326835,1.173215190952214e-14,,,
a,cell_simple_coverage,Cycle-span 2-cells,4,182,10,0.36221856970245037,0.09801546941561234,0.35068235170374856,8.959638528206655e-15,,,
a,cell_simple_coverage,Cycle-span 2-cells,4,183,10,0.36222452711155784,0.09801155339356064,0.3511238151843421,1.3214918951446562e-14,,,
a,cell_simple_coverage,Cycle-span 2-cells,4,184,10,0.3622624865003582,0.09798696124653598,0.3515645568503866,1.0848203990847453e-14,,,
a,cell_simple_coverage,Cycle-span 2-cells,4,185,10,0.362463281738097,0.0982513667519382,0.35200458030876464,4.131051706287096e-15,,,
a,cell_simple_coverage,Cycle-span 2-cells,4,186,10,0.3626521621576208,0.09825380109162724,0.3524438890591351,1.288042137525089e-14,,,
a,cell_simple_coverage,Cycle-span 2-cells,4,187,10,0.3627273171648232,0.09824146898961116,0.3528824864677391,7.896305979486847e-15,,,
a,cell_simple_coverage,Cycle-span 2-cells,4,188,10,0.36275733334148025,0.09826349644176319,0.35332037581364617,1.2126421962766065e-14,,,
a,cell_simple_coverage,Cycle-span 2-cells,4,189,10,0.363087816792867,0.09800057358514491,0.35375756022793353,1.7551920265641466e-14,,,
a,cell_simple_coverage,Cycle-span 2-cells,4,190,10,0.36310935511810183,0.09798829788693936,0.35419404277670596,1.3874882420104272e-14,,,
a,cell_simple_coverage,Cycle-span 2-cells,4,191,10,0.3633084700609642,0.09789892465277586,0.35462982639286456,1.0400926036864523e-14,,,
a,cell_simple_coverage,Cycle-span 2-cells,4,192,10,0.3643617094403549,0.09724738663454915,0.35506491395520323,1.1101360537484014e-14,,,
a,cell_simple_coverage,Cycle-span 2-cells,4,193,10,0.36437324237337065,0.09724174138332912,0.35549930822486436,1.464910194085583e-14,,,
a,cell_simple_coverage,Cycle-span 2-cells,4,194,10,0.3644031821729879,0.09728994922854417,0.3559330118802695,1.7338186302689457e-14,,,
a,cell_simple_coverage,Cycle-span 2-cells,4,195,10,0.36447619862307473,0.09726047833744322,0.3563660275162258,1.2243281923933236e-14,,,
a,cell_simple_coverage,Cycle-span 2-cells,4,196,10,0.3647911011583342,0.0976859380102367,0.35679835768046814,7.723357082584434e-15,,,
a,cell_simple_coverage,Cycle-span 2-cells,4,197,10,0.36520926545145704,0.09743334194034618,0.35723000480129974,1.0511798651210731e-14,,,
a,cell_simple_coverage,Cycle-span 2-cells,4,198,10,0.3654114354759129,0.09737971346622325,0.3576609712730119,1.2510977382544486e-14,,,
a,cell_simple_coverage,Cycle-span 2-cells,4,199,10,0.3657075492593719,0.0978180997565316,0.3580912593962644,9.893674686635143e-15,,,
a,cell_simple_coverage,Cycle-span 2-cells,4,200,10,0.36571197912768255,0.09782051324651893,0.35852087142387157,1.1936445128389676e-14,,,
b,cell_simple_coverage,Cycle-span 2-cells,4,,10,,,,,0.8707501905607146,0.0,
a,cell_simple_coverage,Cycle-span 2-cells,8,1,10,0.11004732321388473,0.024466452068104667,0.10912037192650119,3.1814116827690326e-15,,,
a,cell_simple_coverage,Cycle-span 2-cells,8,2,10,0.1278075817959908,0.02828474765416231,0.13036419622843523,5.827017792993113e-15,,,
a,cell_simple_coverage,Cycle-span 2-cells,8,3,10,0.14671624554912802,0.02830893149389109,0.14967065097817675,2.3093146720970755e-15,,,
a,cell_simple_coverage,Cycle-span 2-cells,8,4,10,0.15983560605944885,0.02344510086629865,0.16725068548539052,3.878023310233292e-15,,,
a,cell_simple_coverage,Cycle-span 2-cells,8,5,10,0.17273668098990752,0.03261584364474949,0.1832918564178656,4.279266121373392e-15,,,
a,cell_simple_coverage,Cycle-span 2-cells,8,6,10,0.18558284082872142,0.03522544465050283,0.19796092651259345,3.5136860809111245e-15,,,
a,cell_simple_coverage,Cycle-span 2-cells,8,7,10,0.21323575911903667,0.019861869800587607,0.21140617450417576,7.044756589275083e-15,,,
a,cell_simple_coverage,Cycle-span 2-cells,8,8,10,0.22673639381223776,0.018774460568636978,0.22375944843570408,5.92707664698465e-15,,,
a,cell_simple_coverage,Cycle-span 2-cells,8,9,10,0.2380308777096664,0.015421461974348006,0.23513799078479564,6.263845770842596e-15,,,
a,cell_simple_coverage,Cycle-span 2-cells,8,10,10,0.2694471218840077,0.07175992376707531,0.24564606085218538,1.0284819711969828e-14,,,
a,cell_simple_coverage,Cycle-span 2-cells,8,11,10,0.2730993191750669,0.07175036769198043,0.2553763768501074,9.37990815915516e-15,,,
a,cell_simple_coverage,Cycle-span 2-cells,8,12,10,0.2832754140781215,0.0734117169456068,0.2644113977986581,7.232458967881167e-15,,,
a,cell_simple_coverage,Cycle-span 2-cells,8,13,10,0.2859080542643593,0.07248311871433791,0.27282446295491736,3.960210469392846e-15,,,
a,cell_simple_coverage,Cycle-span 2-cells,8,14,10,0.2894139895241252,0.07295248577637059,0.2806808046750235,7.534919440285907e-15,,,
a,cell_simple_coverage,Cycle-span 2-cells,8,15,10,0.2924219464841357,0.07183428099320242,0.28803844874094425,7.109254765103831e-15,,,
a,cell_simple_coverage,Cycle-span 2-cells,8,16,10,0.2934896211240562,0.07149045231970742,0.294949014620062,4.987803847094346e-15,,,
a,cell_simple_coverage,Cycle-span 2-cells,8,17,10,0.2969826486640892,0.07234018332539359,0.3014584268532685,4.341119517175744e-15,,,
a,cell_simple_coverage,Cycle-span 2-cells,8,18,10,0.30196479934987863,0.07006974354240202,0.30760754739256463,9.285446578867884e-15,,,
a,cell_simple_coverage,Cycle-span 2-cells,8,19,10,0.3027206265361332,0.06993337542353663,0.31343273767081165,7.926712502724796e-15,,,
a,cell_simple_coverage,Cycle-span 2-cells,8,20,10,0.3059273929308467,0.06851861943709564,0.3189663582405001,1.0310745360311915e-14,,,
a,cell_simple_coverage,Cycle-span 2-cells,8,21,10,0.310154938463019,0.06696140229574549,0.32423721287408347,8.598747207132452e-15,,,
a,cell_simple_coverage,Cycle-span 2-cells,8,22,10,0.3151762705702462,0.06439291774941722,0.3292709433792561,8.860633937368597e-15,,,
a,cell_simple_coverage,Cycle-span 2-cells,8,23,10,0.31852074476779085,0.06616455171670967,0.33409038048030093,9.345194183040459e-15,,,
a,cell_simple_coverage,Cycle-span 2-cells,8,24,10,0.3202280771163696,0.06577645746537718,0.3387158557600374,8.569121123725413e-15,,,
a,cell_simple_coverage,Cycle-span 2-cells,8,25,10,0.32098291140110624,0.06559800503027667,0.34316547897823085,8.340783176840196e-15,,,
a,cell_simple_coverage,Cycle-span 2-cells,8,26,10,0.3250635075086268,0.06474148146560925,0.34745538447443375,7.269180013719805e-15,,,
a,cell_simple_coverage,Cycle-span 2-cells,8,27,10,0.32623948479104004,0.06437232469941688,0.35159995029335167,9.038538316663077e-15,,,
a,cell_simple_coverage,Cycle-span 2-cells,8,28,10,0.3268386626685832,0.06415745558172173,0.3556119929775833,7.789128659384548e-15,,,
a,cell_simple_coverage,Cycle-span 2-cells,8,29,10,0.35256428273558116,0.09049393645268301,0.3595029406051889,3.1219450395590763e-15,,,
a,cell_simple_coverage,Cycle-span 2-cells,8,30,10,0.3535792572180122,0.09083410331627799,0.3632829867440931,4.643216447213681e-15,,,
a,cell_simple_coverage,Cycle-span 2-cells,8,31,10,0.35562791855763487,0.09228378260144945,0.3669612271890448,4.130500507887649e-15,,,
a,cell_simple_coverage,Cycle-span 2-cells,8,32,10,0.3574309513371329,0.09494783041226303,0.3705457816121522,4.5217118132563795e-15,,,
a,cell_simple_coverage,Cycle-span 2-cells,8,33,10,0.3579838447285331,0.09473827875074736,0.37404390162679413,8.005247788029163e-15,,,
a,cell_simple_coverage,Cycle-span 2-cells,8,34,10,0.35861448994649026,0.09461450785292347,0.37746206685605294,6.125174761017037e-15,,,
a,cell_simple_coverage,Cycle-span 2-cells,8,35,10,0.35990801149321694,0.09416925805898833,0.3808060703720153,7.484539698316145e-15,,,
a,cell_simple_coverage,Cycle-span 2-cells,8,36,10,0.36048167943945364,0.09382272695237237,0.3840810946000583,9.336266777745694e-15,,,
a,cell_simple_coverage,Cycle-span 2-cells,8,37,10,0.36294972710483664,0.0926933352857967,0.3872917788271325,5.394599965399395e-15,,,
a,cell_simple_coverage,Cycle-span 2-cells,8,38,10,0.36466087830540733,0.0931479476583403,0.39044227922248714,3.99726973758005e-15,,,
a,cell_simple_coverage,Cycle-span 2-cells,8,39,10,0.36599862215820134,0.0935116624280015,0.393536322098117,8.784198027760075e-15,,,
a,cell_simple_coverage,Cycle-span 2-cells,8,40,10,0.3676676132327804,0.09314229165209473,0.39657725139662847,7.891777847997502e-15,,,
a,cell_simple_coverage,Cycle-span 2-cells,8,41,10,0.3678307545898782,0.09314431624540134,0.3995680708153031,6.183401285990918e-15,,,
a,cell_simple_coverage,Cycle-span 2-cells,8,42,10,0.3691674291641144,0.09269020598324303,0.402511481270227,6.5849033179982666e-15,,,
a,cell_simple_coverage,Cycle-span 2-cells,8,43,10,0.3702138709869594,0.09370974496009163,0.40540991419124905,8.08578349755593e-15,,,
a,cell_simple_coverage,Cycle-span 2-cells,8,44,10,0.37083412892749834,0.0935376702325422,0.4082655611512792,7.021425563203751e-15,,,
a,cell_simple_coverage,Cycle-span 2-cells,8,45,10,0.37213857239092213,0.0928424521358978,0.4110804002339588,6.467479269232533e-15,,,
a,cell_simple_coverage,Cycle-span 2-cells,8,46,10,0.3730316491177688,0.09243365904062158,0.41385621932933664,4.841981180998802e-15,,,
a,cell_simple_coverage,Cycle-span 2-cells,8,47,10,0.3743013410280655,0.09285244385201442,0.41659463705651884,5.508842792872653e-15,,,
a,cell_simple_coverage,Cycle-span 2-cells,8,48,10,0.37447135631874884,0.09282628935971457,0.4192971211793493,1.1532411051392785e-14,,,
a,cell_simple_coverage,Cycle-span 2-cells,8,49,10,0.37729959810401636,0.09196655571021606,0.42196500510633594,6.868484069466041e-15,,,
a,cell_simple_coverage,Cycle-span 2-cells,8,50,10,0.3781733514397836,0.09153483037513231,0.424599502454308,8.403631736542729e-15,,,
a,cell_simple_coverage,Cycle-span 2-cells,8,51,10,0.3788134674106809,0.09123529342296202,0.4272017201473715,1.0502941921850762e-14,,,
a,cell_simple_coverage,Cycle-span 2-cells,8,52,10,0.38043984009702936,0.09059442269719659,0.4297726698531362,1.0051358097575976e-14,,,
a,cell_simple_coverage,Cycle-span 2-cells,8,53,10,0.3819514944695385,0.08995721753948031,0.4323132783511606,9.403968770389894e-15,,,
a,cell_simple_coverage,Cycle-span 2-cells,8,54,10,0.38294439598745583,0.09078628729030676,0.43482439665484335,7.981279737322068e-15,,,
a,cell_simple_coverage,Cycle-span 2-cells,8,55,10,0.4038645254618138,0.10707573827629945,0.4373068080976843,1.5120600865733067e-14,,,
a,cell_simple_coverage,Cycle-span 2-cells,8,56,10,0.40448394325491444,0.10743531617237413,0.43976123562740066,9.520834048848678e-15,,,
a,cell_simple_coverage,Cycle-span 2-cells,8,57,10,0.42814784150847707,0.11428654180572984,0.4421883481690004,8.55492499532592e-15,,,
a,cell_simple_coverage,Cycle-span 2-cells,8,58,10,0.42933084547855566,0.11485509117223452,0.44458876637225275,1.2308086486325925e-14,,,
a,cell_simple_coverage,Cycle-span 2-cells,8,59,10,0.42950307570339435,0.11492096069449863,0.4469630677093807,1.0517015349101096e-14,,,
a,cell_simple_coverage,Cycle-span 2-cells,8,60,10,0.42954462481306716,0.11493499044636787,0.4493117909754412,6.525705143420323e-15,,,
a,cell_simple_coverage,Cycle-span 2-cells,8,61,10,0.4325521235108386,0.1188069196240188,0.4516354403098159,1.0714537389341561e-14,,,
a,cell_simple_coverage,Cycle-span 2-cells,8,62,10,0.4333965480633074,0.1179947989167076,0.45393448879877835,1.3356510554786718e-14,,,
a,cell_simple_coverage,Cycle-span 2-cells,8,63,10,0.43422760663380416,0.11735120826377039,0.4562093816099371,1.056129701038068e-14,,,
a,cell_simple_coverage,Cycle-span 2-cells,8,64,10,0.43486787535878113,0.11702250621481476,0.4584605388986628,6.680831048482813e-15,,,
a,cell_simple_coverage,Cycle-span 2-cells,8,65,10,0.4354355095188705,0.11701584465435452,0.46068835825364873,1.4128482851635678e-14,,,
a,cell_simple_coverage,Cycle-span 2-cells,8,66,10,0.43577691488695436,0.11701381888561546,0.46289321701713304,8.017404593911723e-15,,,
a,cell_simple_coverage,Cycle-span 2-cells,8,67,10,0.4373407347776741,0.11806447095856748,0.46507547420336576,1.539175623992817e-14,,,
a,cell_simple_coverage,Cycle-span 2-cells,8,68,10,0.437937163081783,0.11762968932278314,0.4672354723235904,1.676016908973788e-14,,,
a,cell_simple_coverage,Cycle-span 2-cells,8,69,10,0.43808304322787706,0.1175524175855723,0.4693735389850497,8.611996495446546e-15,,,
a,cell_simple_coverage,Cycle-span 2-cells,8,70,10,0.4387245339854914,0.1177261097107868,0.47148998824522614,9.451116529703937e-15,,,
a,cell_simple_coverage,Cycle-span 2-cells,8,71,10,0.4388390231682113,0.1177016538738238,0.47358512191906976,9.729373385844247e-15,,,
a,cell_simple_coverage,Cycle-span 2-cells,8,72,10,0.43946661330457487,0.11737654123365061,0.475659230676296,1.2612315989435826e-14,,,
a,cell_simple_coverage,Cycle-span 2-cells,8,73,10,0.43974157064799807,0.1175641826863926,0.47771259504241553,1.082896586920533e-14,,,
a,cell_simple_coverage,Cycle-span 2-cells,8,74,10,0.4407034630877404,0.11737704938117946,0.4797454862675748,1.480807171433689e-14,,,
a,cell_simple_coverage,Cycle-span 2-cells,8,75,10,0.44090082135868647,0.1172691294724399,0.481758167167639,8.387275917307549e-15,,,
a,cell_simple_coverage,Cycle-span 2-cells,8,76,10,0.44175448753297575,0.11689446520466631,0.4837508927970374,1.3120615099607106e-14,,,
a,cell_simple_coverage,Cycle-span 2-cells,8,77,10,0.44371317671966726,0.11852439286528967,0.4857239110648834,1.076131547559801e-14,,,
a,cell_simple_coverage,Cycle-span 2-cells,8,78,10,0.4450616133580388,0.11747516508770198,0.48767746333809575,1.1835032988241218e-14,,,
a,cell_simple_coverage,Cycle-span 2-cells,8,79,10,0.44580254702152455,0.11689743816536198,0.48961178492977864,9.975684919458519e-15,,,
a,cell_simple_coverage,Cycle-span 2-cells,8,80,10,0.44613188481731375,0.11722263928565686,0.4915271055233035,1.0569565502234739e-14,,,
a,cell_simple_coverage,Cycle-span 2-cells,8,81,10,0.4468230970278639,0.11673612504442184,0.4934236496225598,1.2615660066307723e-14,,,
a,cell_simple_coverage,Cycle-span 2-cells,8,82,10,0.4472286591094131,0.116970650030352,0.4953016368883694,1.0536629701762288e-14,,,
a,cell_simple_coverage,Cycle-span 2-cells,8,83,10,0.4480530728774439,0.11647549652458314,0.49716128242338903,1.1158961103211294e-14,,,
a,cell_simple_coverage,Cycle-span 2-cells,8,84,10,0.4496103243427374,0.11546003568511864,0.49900279713994217,1.268451197424366e-14,,,
a,cell_simple_coverage,Cycle-span 2-cells,8,85,10,0.44971030188788763,0.11547734222125994,0.5008263879377226,2.2997579088678164e-14,,,
a,cell_simple_coverage,Cycle-span 2-cells,8,86,10,0.4517560608999965,0.11609437990965567,0.5026322580067845,1.5448292283839397e-14,,,
a,cell_simple_coverage,Cycle-span 2-cells,8,87,10,0.45200359888611724,0.11623756473708607,0.5044206069851196,1.0274639409782504e-14,,,
a,cell_simple_coverage,Cycle-span 2-cells,8,88,10,0.4560185871164154,0.11377937294493772,0.5061916311728466,6.541476185281158e-15,,,
a,cell_simple_coverage,Cycle-span 2-cells,8,89,10,0.4583751243036323,0.1152862182314415,0.5079455236978039,1.4544646686559322e-14,,,
a,cell_simple_coverage,Cycle-span 2-cells,8,90,10,0.45856324095275774,0.1152650025978457,0.5096824746440511,1.592267809248611e-14,,,
a,cell_simple_coverage,Cycle-span 2-cells,8,91,10,0.4592675900141603,0.11588462555375328,0.5114026712560537,1.464533846942025e-14,,,
a,cell_simple_coverage,Cycle-span 2-cells,8,92,10,0.45965642552398467,0.11608232302709841,0.5131062979394421,9.377832777899326e-15,,,
a,cell_simple_coverage,Cycle-span 2-cells,8,93,10,0.4628347796598778,0.11935380437027941,0.5147935365341791,1.5166046567065406e-14,,,
a,cell_simple_coverage,Cycle-span 2-cells,8,94,10,0.48398564417159173,0.12414724897877041,0.5164645663046328,1.3949343477358183e-14,,,
a,cell_simple_coverage,Cycle-span 2-cells,8,95,10,0.4857268879258593,0.12386085351463219,0.5181195640383826,1.1870846220510076e-14,,,
a,cell_simple_coverage,Cycle-span 2-cells,8,96,10,0.4862891756931599,0.12405963870866976,0.5197587041992902,8.18208341344401e-15,,,
a,cell_simple_coverage,Cycle-span 2-cells,8,97,10,0.48664738401000845,0.12416162810582755,0.5213821589129392,1.2530041740611471e-14,,,
a,cell_simple_coverage,Cycle-span 2-cells,8,98,10,0.4868809449978385,0.1240384869202402,0.5229900981247487,3.030804701425169e-14,,,
a,cell_simple_coverage,Cycle-span 2-cells,8,99,10,0.4900138547950269,0.12049514956929752,0.5245826896135665,1.9603756922596307e-14,,,
a,cell_simple_coverage,Cycle-span 2-cells,8,100,10,0.49161196797663476,0.12231914545881573,0.526160099060104,1.2087423413122438e-14,,,
a,cell_simple_coverage,Cycle-span 2-cells,8,101,10,0.5131523553915316,0.12150350308836484,0.5277224901100498,9.524796228832495e-15,,,
a,cell_simple_coverage,Cycle-span 2-cells,8,102,10,0.5134776452042094,0.12158044447668012,0.529270024421979,1.0959206621599818e-14,,,
a,cell_simple_coverage,Cycle-span 2-cells,8,103,10,0.5155882483231421,0.12071014956375217,0.5308028616953688,1.4139692619094658e-14,,,
a,cell_simple_coverage,Cycle-span 2-cells,8,104,10,0.5165315811422033,0.12137174597661601,0.5323211597600367,1.1003530617250218e-14,,,
a,cell_simple_coverage,Cycle-span 2-cells,8,105,10,0.5165583894831871,0.12134745305966803,0.5338250745671859,1.5258107207415532e-14,,,
a,cell_simple_coverage,Cycle-span 2-cells,8,106,10,0.5174102226085203,0.12101504190964531,0.5353147602531168,4.299254146989339e-15,,,
a,cell_simple_coverage,Cycle-span 2-cells,8,107,10,0.518309944137833,0.120699941264502,0.536790369181956,1.2061789588843409e-14,,,
a,cell_simple_coverage,Cycle-span 2-cells,8,108,10,0.5194528501619957,0.11939953606635005,0.5382520519320042,2.054715933195158e-14,,,
a,cell_simple_coverage,Cycle-span 2-cells,8,109,10,0.5194974543532622,0.11942511998426472,0.5396999574265873,1.840107352353607e-14,,,
a,cell_simple_coverage,Cycle-span 2-cells,8,110,10,0.5224903650364242,0.11601487704762455,0.5411342328219271,1.6122763433331408e-14,,,
a,cell_simple_coverage,Cycle-span 2-cells,8,111,10,0.5229738316986101,0.11638080718889358,0.5425550236848069,1.5689161932758452e-14,,,
a,cell_simple_coverage,Cycle-span 2-cells,8,112,10,0.5231124560259193,0.11629203851802174,0.5439624738894608,1.3605681374566463e-14,,,
a,cell_simple_coverage,Cycle-span 2-cells,8,113,10,0.5442587379152429,0.10183770265760278,0.5453567257508107,1.656098597721728e-14,,,
a,cell_simple_coverage,Cycle-span 2-cells,8,114,10,0.5446560512764894,0.10131149561097882,0.5467379199354533,1.8064287321134305e-14,,,
a,cell_simple_coverage,Cycle-span 2-cells,8,115,10,0.5462882286178659,0.10238602348798438,0.5481061956270661,1.1561989536868227e-14,,,
a,cell_simple_coverage,Cycle-span 2-cells,8,116,10,0.5468960371009108,0.1027135589378207,0.549461690422936,2.5207023666650287e-14,,,
a,cell_simple_coverage,Cycle-span 2-cells,8,117,10,0.5471598433965175,0.10282480127184808,0.5508045404139464,1.7077862304215434e-14,,,
a,cell_simple_coverage,Cycle-span 2-cells,8,118,10,0.5477598614214989,0.10317192207399778,0.5521348801659112,1.4219145238832657e-14,,,
a,cell_simple_coverage,Cycle-span 2-cells,8,119,10,0.5480446714030615,0.10318388519914565,0.5534528428189943,1.6870523931339016e-14,,,
a,cell_simple_coverage,Cycle-span 2-cells,8,120,10,0.5482938896840588,0.10330264579433197,0.5547585600179359,1.9712290404324005e-14,,,
a,cell_simple_coverage,Cycle-span 2-cells,8,121,10,0.549778353830385,0.10380426373501339,0.5560521619802605,2.2437189517604644e-14,,,
a,cell_simple_coverage,Cycle-span 2-cells,8,122,10,0.5499178183051324,0.10365669648344741,0.5573337775131769,2.4564563592011222e-14,,,
a,cell_simple_coverage,Cycle-span 2-cells,8,123,10,0.5502722077699891,0.10342627321083513,0.5586035339938835,1.5295652022257652e-14,,,
a,cell_simple_coverage,Cycle-span 2-cells,8,124,10,0.5504943122018431,0.10314299901394369,0.5598615574499661,1.8984737974728813e-14,,,
a,cell_simple_coverage,Cycle-span 2-cells,8,125,10,0.5510193279737019,0.10318397644322612,0.5611079725040783,1.5359913143268582e-14,,,
a,cell_simple_coverage,Cycle-span 2-cells,8,126,10,0.5511772756920905,0.1031345781414415,0.5623429024507076,1.48845353958741e-14,,,
a,cell_simple_coverage,Cycle-span 2-cells,8,127,10,0.5520607289119174,0.10365241923577553,0.5635664692547427,5.863594086049571e-15,,,
a,cell_simple_coverage,Cycle-span 2-cells,8,128,10,0.5549158554152085,0.104783136656179,0.5647787935037965,5.080151631334728e-15,,,
a,cell_simple_coverage,Cycle-span 2-cells,8,129,10,0.5552387011626113,0.1049936099400865,0.5659799945819987,1.314352772060475e-14,,,
a,cell_simple_coverage,Cycle-span 2-cells,8,130,10,0.555621655640368,0.10485104711149591,0.5671701904827982,6.8535130323876586e-15,,,
a,cell_simple_coverage,Cycle-span 2-cells,8,131,10,0.5559877307923202,0.10505106024499179,0.5683494979794845,1.8449592260591094e-14,,,
a,cell_simple_coverage,Cycle-span 2-cells,8,132,10,0.5562645975617394,0.10518143841669064,0.5695180325600422,1.7089827138133116e-14,,,
a,cell_simple_coverage,Cycle-span 2-cells,8,133,10,0.5564468331787971,0.10515966086283234,0.5706759084942112,2.1032936802234115e-14,,,
a,cell_simple_coverage,Cycle-span 2-cells,8,134,10,0.5569724599669745,0.10507953295307246,0.5718232387935934,2.2445440512903797e-14,,,
a,cell_simple_coverage,Cycle-span 2-cells,8,135,10,0.5574818184456661,0.10542946173505645,0.5729601352463892,2.100304426111057e-14,,,
a,cell_simple_coverage,Cycle-span 2-cells,8,136,10,0.5576353362957441,0.10552418809342182,0.5740867084738847,1.6262499973736592e-14,,,
a,cell_simple_coverage,Cycle-span 2-cells,8,137,10,0.5578276536820608,0.1054274584248885,0.5752030678567503,1.2293872968047428e-14,,,
a,cell_simple_coverage,Cycle-span 2-cells,8,138,10,0.5579613898788203,0.10549523076096526,0.5763093216482199,1.797342535213405e-14,,,
a,cell_simple_coverage,Cycle-span 2-cells,8,139,10,0.5599787366321085,0.10432939876429323,0.5774055768922667,2.0159223575978438e-14,,,
a,cell_simple_coverage,Cycle-span 2-cells,8,140,10,0.560174490985218,0.10420748191049482,0.5784919394860489,9.339117656855462e-15,,,
a,cell_simple_coverage,Cycle-span 2-cells,8,141,10,0.5601929742288593,0.10421733438578536,0.5795685142181604,1.4626230361555094e-14,,,
a,cell_simple_coverage,Cycle-span 2-cells,8,142,10,0.561658114984106,0.10240716651048183,0.580635404732056,9.822640304388967e-15,,,
a,cell_simple_coverage,Cycle-span 2-cells,8,143,10,0.5620488599199264,0.10260917787206184,0.5816927135494303,1.671777813522366e-14,,,
a,cell_simple_coverage,Cycle-span 2-cells,8,144,10,0.5632256773497778,0.10202853610918283,0.5827405420842501,7.934975554677886e-15,,,
a,cell_simple_coverage,Cycle-span 2-cells,8,145,10,0.5633150384863904,0.10207497351419328,0.5837789906766104,1.638163240017635e-14,,,
a,cell_simple_coverage,Cycle-span 2-cells,8,146,10,0.5634564123871338,0.1021218803712879,0.584808158605768,1.5243038230998436e-14,,,
a,cell_simple_coverage,Cycle-span 2-cells,8,147,10,0.5637083802415653,0.10221258112213095,0.5858281440144366,6.054036188253678e-15,,,
a,cell_simple_coverage,Cycle-span 2-cells,8,148,10,0.5650308486863913,0.10212665891298099,0.5868390440753577,1.6593367558328437e-14,,,
a,cell_simple_coverage,Cycle-span 2-cells,8,149,10,0.5656971619819536,0.10156009797646069,0.5878409548651427,8.51537762825918e-15,,,
a,cell_simple_coverage,Cycle-span 2-cells,8,150,10,0.566943635272139,0.10206995409679304,0.5888339714230806,1.539386935708644e-14,,,
a,cell_simple_coverage,Cycle-span 2-cells,8,151,10,0.5670753092888228,0.10211210936585259,0.5898181877918031,1.0435072771391017e-14,,,
a,cell_simple_coverage,Cycle-span 2-cells,8,152,10,0.5671901803567418,0.10208131965106809,0.5907936970204537,8.91734039170399e-15,,,
a,cell_simple_coverage,Cycle-span 2-cells,8,153,10,0.5678163193293485,0.1022946374751243,0.5917605910977842,1.8597846612838384e-14,,,
a,cell_simple_coverage,Cycle-span 2-cells,8,154,10,0.5679127071536263,0.10217015361700434,0.5927189610866604,1.0998027905429885e-14,,,
a,cell_simple_coverage,Cycle-span 2-cells,8,155,10,0.5685576348780336,0.10260900952779656,0.5936688970407704,1.664094326087573e-14,,,
a,cell_simple_coverage,Cycle-span 2-cells,8,156,10,0.5885777373149194,0.08824331282856328,0.5946104880446133,1.6432817665833838e-14,,,
a,cell_simple_coverage,Cycle-span 2-cells,8,157,10,0.5887302622634795,0.08816952479502642,0.5955438222365956,1.4220223952072957e-14,,,
a,cell_simple_coverage,Cycle-span 2-cells,8,158,10,0.5889174623881267,0.08810745423812912,0.5964689868083866,1.1916859254727836e-14,,,
a,cell_simple_coverage,Cycle-span 2-cells,8,159,10,0.5901260526665516,0.08862232641386227,0.5973860679898009,4.471073952240417e-15,,,
a,cell_simple_coverage,Cycle-span 2-cells,8,160,10,0.5903874912739232,0.08870944235367487,0.5982951511314588,9.275431848192604e-15,,,
a,cell_simple_coverage,Cycle-span 2-cells,8,161,10,0.5905151936845353,0.08875931155436771,0.5991963206348835,1.8336561843144435e-14,,,
a,cell_simple_coverage,Cycle-span 2-cells,8,162,10,0.5906875766634537,0.0885252686753941,0.6000896599858067,1.5177384474285563e-14,,,
a,cell_simple_coverage,Cycle-span 2-cells,8,163,10,0.5907654048670505,0.0884080128880305,0.6009752518120796,1.6021372667704094e-14,,,
a,cell_simple_coverage,Cycle-span 2-cells,8,164,10,0.590873860263623,0.08845918768586683,0.6018531778256411,1.4887520873465955e-14,,,
a,cell_simple_coverage,Cycle-span 2-cells,8,165,10,0.5909742960710124,0.08847204063250307,0.6027235188716105,1.5970995444945925e-14,,,
a,cell_simple_coverage,Cycle-span 2-cells,8,166,10,0.5910114153123744,0.08848797902589775,0.6035863549037846,1.0480130305722593e-14,,,
a,cell_simple_coverage,Cycle-span 2-cells,8,167,10,0.5911769243577073,0.08859052967214837,0.6044417650741922,1.675897090687546e-14,,,
a,cell_simple_coverage,Cycle-span 2-cells,8,168,10,0.5913810038081592,0.08868667094547866,0.6052898276021418,8.817474545768742e-15,,,
a,cell_simple_coverage,Cycle-span 2-cells,8,169,10,0.5914412652925928,0.08868425268734242,0.6061306199469296,9.307527871299702e-15,,,
a,cell_simple_coverage,Cycle-span 2-cells,8,170,10,0.59253910886325,0.08794717638252127,0.6069642186759117,2.5022578724230715e-14,,,
a,cell_simple_coverage,Cycle-span 2-cells,8,171,10,0.5944153872239543,0.08820887783588491,0.6077906995871312,1.5061325543828432e-14,,,
a,cell_simple_coverage,Cycle-span 2-cells,8,172,10,0.5947157017446043,0.08843492338299178,0.6086101376217825,1.0121489265143238e-14,,,
a,cell_simple_coverage,Cycle-span 2-cells,8,173,10,0.5951217220883926,0.08860514927942048,0.6094226069501874,1.4290184818019596e-14,,,
a,cell_simple_coverage,Cycle-span 2-cells,8,174,10,0.5951478430360179,0.0886072607777458,0.6102281809127588,1.8925201644052865e-14,,,
a,cell_simple_coverage,Cycle-span 2-cells,8,175,10,0.5953375636029798,0.08863099554590143,0.6110269320728082,1.1411835043082583e-14,,,
a,cell_simple_coverage,Cycle-span 2-cells,8,176,10,0.5958285152150701,0.08790278416028484,0.6118189322363652,1.279721139795808e-14,,,
a,cell_simple_coverage,Cycle-span 2-cells,8,177,10,0.5958977891902049,0.08792828748410318,0.6126042524299035,1.4225226378201837e-14,,,
a,cell_simple_coverage,Cycle-span 2-cells,8,178,10,0.596533628046871,0.08790402206766319,0.6133829628951603,2.263870310067438e-14,,,
a,cell_simple_coverage,Cycle-span 2-cells,8,179,10,0.5966667532273118,0.08785236070065396,0.6141551331436804,1.7659135598606753e-14,,,
a,cell_simple_coverage,Cycle-span 2-cells,8,180,10,0.5972352275348394,0.08836149199844581,0.6149208319358747,9.939021489622272e-15,,,
a,cell_simple_coverage,Cycle-span 2-cells,8,181,10,0.5980429147311452,0.0887870098463428,0.6156801272962196,1.0271073170135759e-14,,,
a,cell_simple_coverage,Cycle-span 2-cells,8,182,10,0.5980601759421489,0.08879589709842388,0.6164330864860215,8.379622334027382e-15,,,
a,cell_simple_coverage,Cycle-span 2-cells,8,183,10,0.5980927125611207,0.08880957479080465,0.6171797760932198,1.2359685216699607e-14,,,
a,cell_simple_coverage,Cycle-span 2-cells,8,184,10,0.5981619101592155,0.08881726530099647,0.6179202619962268,7.761236288735992e-15,,,
a,cell_simple_coverage,Cycle-span 2-cells,8,185,10,0.5982214078732507,0.0888334904917685,0.6186546092978273,6.720706955347175e-15,,,
a,cell_simple_coverage,Cycle-span 2-cells,8,186,10,0.5985660210770078,0.08905119925383358,0.6193828824695465,1.0374920475707798e-14,,,
a,cell_simple_coverage,Cycle-span 2-cells,8,187,10,0.5987206082056437,0.08909894330991336,0.620105145258343,1.9686942804589985e-14,,,
a,cell_simple_coverage,Cycle-span 2-cells,8,188,10,0.598775217789129,0.08903767595253996,0.6208214607390321,1.6273999708298188e-14,,,
a,cell_simple_coverage,Cycle-span 2-cells,8,189,10,0.5991709272325391,0.08936865210220499,0.621531891320718,8.121298078039722e-15,,,
a,cell_simple_coverage,Cycle-span 2-cells,8,190,10,0.5992702937613706,0.08933646902427794,0.6222364986966747,1.4665075413411373e-14,,,
a,cell_simple_coverage,Cycle-span 2-cells,8,191,10,0.600489118563134,0.08976904188751444,0.6229353439655378,7.195486288356936e-15,,,
a,cell_simple_coverage,Cycle-span 2-cells,8,192,10,0.6017846259128966,0.0901836299106734,0.6236284875126911,1.971857012203045e-14,,,
a,cell_simple_coverage,Cycle-span 2-cells,8,193,10,0.6018285427108044,0.090206663096257,0.62431598910616,1.534850037876692e-14,,,
a,cell_simple_coverage,Cycle-span 2-cells,8,194,10,0.6032154733772552,0.09092487937116708,0.6249979078422148,1.719850178789694e-14,,,
a,cell_simple_coverage,Cycle-span 2-cells,8,195,10,0.603373879357883,0.09097014595174312,0.6256743022383949,2.1367350268061993e-14,,,
a,cell_simple_coverage,Cycle-span 2-cells,8,196,10,0.6034129080252411,0.09098016759530894,0.6263452301313539,1.558900112609679e-14,,,
a,cell_simple_coverage,Cycle-span 2-cells,8,197,10,0.6034443753656551,0.09099064887130459,0.6270107487593258,7.839193153112644e-15,,,
a,cell_simple_coverage,Cycle-span 2-cells,8,198,10,0.6035464914679209,0.09105344477404168,0.6276709147607915,8.870860286141043e-15,,,
a,cell_simple_coverage,Cycle-span 2-cells,8,199,10,0.603725672003385,0.0911634108245238,0.6283257841102314,6.713315841773567e-15,,,
a,cell_simple_coverage,Cycle-span 2-cells,8,200,10,0.6037581322453169,0.09110327402501503,0.6289754122773468,1.894121319065734e-14,,,
b,cell_simple_coverage,Cycle-span 2-cells,8,,10,,,,,1.0,0.0,
a,cell_simple_coverage,Cycle-span 2-cells,16,1,10,0.12858716224163558,0.022459436546423864,0.14987088613907493,7.988319011927323e-15,,,
a,cell_simple_coverage,Cycle-span 2-cells,16,2,10,0.1953212189164542,0.10441560067451204,0.20314075866186734,6.300090418132285e-15,,,
a,cell_simple_coverage,Cycle-span 2-cells,16,3,10,0.22424306534666774,0.09902834207661385,0.24790004951689232,7.128975756821911e-15,,,
a,cell_simple_coverage,Cycle-span 2-cells,16,4,10,0.2792917404341576,0.10776856064821536,0.28597937929541895,9.470367984818757e-15,,,
a,cell_simple_coverage,Cycle-span 2-cells,16,5,10,0.3518501574130791,0.15007869645189453,0.31878372590616005,8.806564172231532e-15,,,
a,cell_simple_coverage,Cycle-span 2-cells,16,6,10,0.37931274412011357,0.13617337244520097,0.34739322206138057,4.678535971817551e-15,,,
a,cell_simple_coverage,Cycle-span 2-cells,16,7,10,0.42342674754486004,0.14432524808237504,0.3726399826492331,6.0112422800795935e-15,,,
a,cell_simple_coverage,Cycle-span 2-cells,16,8,10,0.47753575591120095,0.14367564259328178,0.39516666767829045,8.947057144730607e-15,,,
a,cell_simple_coverage,Cycle-span 2-cells,16,9,10,0.507921902949223,0.1289021960307922,0.41547112784047135,3.859682002060927e-15,,,
a,cell_simple_coverage,Cycle-span 2-cells,16,10,10,0.5165240198152592,0.12937873383149534,0.43394044504594237,1.2320531574804783e-14,,,
a,cell_simple_coverage,Cycle-span 2-cells,16,11,10,0.5216935233797757,0.1281737074316224,0.45087689160274025,1.2200666883411228e-14,,,
a,cell_simple_coverage,Cycle-span 2-cells,16,12,10,0.5651916987322939,0.1270770433820499,0.46651773085332093,9.09894770216213e-15,,,
a,cell_simple_coverage,Cycle-span 2-cells,16,13,10,0.5712251029944382,0.12629834718993135,0.48105032440473233,1.7025105074764206e-14,,,
a,cell_simple_coverage,Cycle-span 2-cells,16,14,10,0.5742497101491338,0.12366445132007102,0.49462366232498,1.8714152120313755e-14,,,
a,cell_simple_coverage,Cycle-span 2-cells,16,15,10,0.5829123176307232,0.1247460418185964,0.5073571669410349,1.91060497823453e-14,,,
a,cell_simple_coverage,Cycle-span 2-cells,16,16,10,0.5855245651473237,0.12383408843187538,0.5193474182402434,2.357783099968609e-14,,,
a,cell_simple_coverage,Cycle-span 2-cells,16,17,10,0.5931620400001834,0.12400863855189087,0.5306732949580664,2.16920046804732e-14,,,
a,cell_simple_coverage,Cycle-span 2-cells,16,18,10,0.5991194491076871,0.12431204277792067,0.5413999074614855,9.658876508107157e-15,,,
a,cell_simple_coverage,Cycle-span 2-cells,16,19,10,0.6040382832274493,0.12508757183751298,0.5515816094286994,6.4338145369812805e-15,,,
a,cell_simple_coverage,Cycle-span 2-cells,16,20,10,0.61295767031698,0.12706386810151907,0.5612643067204818,1.6326449396876215e-14,,,
a,cell_simple_coverage,Cycle-span 2-cells,16,21,10,0.6440178447315882,0.10672909120721018,0.5704872300036319,1.3853262280705112e-14,,,
a,cell_simple_coverage,Cycle-span 2-cells,16,22,10,0.6484267093563402,0.10521197851078663,0.5792842982760987,1.3192831063517035e-14,,,
a,cell_simple_coverage,Cycle-span 2-cells,16,23,10,0.6525246430519043,0.10315649914051321,0.5876851695911294,1.479464464578914e-14,,,
a,cell_simple_coverage,Cycle-span 2-cells,16,24,10,0.6539780217430157,0.10247204344735611,0.595716053392999,1.8017247094911698e-14,,,
a,cell_simple_coverage,Cycle-span 2-cells,16,25,10,0.656670923413687,0.10229059140151607,0.6034003399954894,5.144379448480228e-15,,,
a,cell_simple_coverage,Cycle-span 2-cells,16,26,10,0.6603987339741877,0.10289185288534938,0.6107590906810072,5.210943726129293e-15,,,
a,cell_simple_coverage,Cycle-span 2-cells,16,27,10,0.6625915951650279,0.10380668107868049,0.6178114206137535,1.1167424796677041e-14,,,
a,cell_simple_coverage,Cycle-span 2-cells,16,28,10,0.6655121767914617,0.09881091573286951,0.6245747999606256,9.382680093788376e-15,,,
a,cell_simple_coverage,Cycle-span 2-cells,16,29,10,0.6711844704092436,0.09783466971903956,0.6310652918796957,1.9981601961186118e-14,,,
a,cell_simple_coverage,Cycle-span 2-cells,16,30,10,0.6737596750615217,0.09821515522737724,0.6372977421811111,9.966645502350202e-15,,,
a,cell_simple_coverage,Cycle-span 2-cells,16,31,10,0.6780587858800239,0.09851142199076282,0.6432859314755396,8.214183289880847e-15,,,
a,cell_simple_coverage,Cycle-span 2-cells,16,32,10,0.6800209120335081,0.09863974209212999,0.6490426986207001,7.564884408449335e-15,,,
a,cell_simple_coverage,Cycle-span 2-cells,16,33,10,0.6808321125736466,0.09881874589803824,0.6545800416570958,1.4343119023431572e-14,,,
a,cell_simple_coverage,Cycle-span 2-cells,16,34,10,0.6835989472188828,0.09915687382705789,0.6599092013624144,7.213516936667315e-15,,,
a,cell_simple_coverage,Cycle-span 2-cells,16,35,10,0.6846961033961814,0.0992206126577769,0.6650407310760496,9.581145369911825e-15,,,
a,cell_simple_coverage,Cycle-span 2-cells,16,36,10,0.6867035211342907,0.09958277870093309,0.6699845558633015,8.035335813276294e-15,,,
a,cell_simple_coverage,Cycle-span 2-cells,16,37,10,0.689612417073629,0.09866140480927019,0.6747500232782897,9.104738898617187e-15,,,
a,cell_simple_coverage,Cycle-span 2-cells,16,38,10,0.6904328592355881,0.0986387712392096,0.6793459470702705,1.579115931638964e-14,,,
a,cell_simple_coverage,Cycle-span 2-cells,16,39,10,0.6922583468647989,0.0986940082861466,0.6837806458221564,8.717242317146655e-15,,,
a,cell_simple_coverage,Cycle-span 2-cells,16,40,10,0.6934548695709291,0.09917032545581002,0.6880619767925145,5.938557486794566e-15,,,
a,cell_simple_coverage,Cycle-span 2-cells,16,41,10,0.6950997255009188,0.09946844078956402,0.6921973665148331,8.863601102208e-15,,,
a,cell_simple_coverage,Cycle-span 2-cells,16,42,10,0.6986026820561311,0.10074900978259302,0.6961938380649608,7.740385964955561e-15,,,
a,cell_simple_coverage,Cycle-span 2-cells,16,43,10,0.7005121080521258,0.10028654300167922,0.7000580360642155,9.186859803673465e-15,,,
a,cell_simple_coverage,Cycle-span 2-cells,16,44,10,0.7019397476808111,0.10073397140518887,0.7037962493616325,8.186760460631979e-15,,,
a,cell_simple_coverage,Cycle-span 2-cells,16,45,10,0.7037593542779543,0.10111417372647535,0.7074144320541975,1.7038393091548748e-14,,,
a,cell_simple_coverage,Cycle-span 2-cells,16,46,10,0.705656941832774,0.10178622342526512,0.7109182228199546,1.3342275818781314e-14,,,
a,cell_simple_coverage,Cycle-span 2-cells,16,47,10,0.7095321600801653,0.1029445872407875,0.7143129628674376,9.322414332511324e-15,,,
a,cell_simple_coverage,Cycle-span 2-cells,16,48,10,0.7106399326660017,0.10277628306555751,0.7176037127459102,1.1470609283290703e-14,,,
a,cell_simple_coverage,Cycle-span 2-cells,16,49,10,0.7147177028230481,0.09313218397688397,0.7207952678647436,1.2756720754214891e-14,,,
a,cell_simple_coverage,Cycle-span 2-cells,16,50,10,0.7190873096493224,0.09549276690837188,0.7238921732718938,8.274493187343761e-15,,,
a,cell_simple_coverage,Cycle-span 2-cells,16,51,10,0.7205570330269595,0.09514501645044185,0.7268987372835832,1.1548104452370073e-14,,,
a,cell_simple_coverage,Cycle-span 2-cells,16,52,10,0.7210055190048988,0.09516461425235406,0.7298190444840686,1.2750529999374711e-14,,,
a,cell_simple_coverage,Cycle-span 2-cells,16,53,10,0.7236569479429372,0.09610006573824943,0.732656967784736,1.978183575595955e-14,,,
a,cell_simple_coverage,Cycle-span 2-cells,16,54,10,0.7259105288804502,0.09616452640572039,0.7354161799381269,1.7582761248335496e-14,,,
a,cell_simple_coverage,Cycle-span 2-cells,16,55,10,0.7471924563925291,0.042590680652613865,0.7381001643408706,1.1255103992263588e-14,,,
a,cell_simple_coverage,Cycle-span 2-cells,16,56,10,0.7507575838581709,0.040191999838769504,0.7407122250968498,1.722625104312341e-14,,,
a,cell_simple_coverage,Cycle-span 2-cells,16,57,10,0.7519478436470342,0.03990785746118748,0.7432554968301603,1.6690315878112915e-14,,,
a,cell_simple_coverage,Cycle-span 2-cells,16,58,10,0.7536234031470396,0.04019976641176046,0.7457329535547335,1.3990870822221106e-14,,,
a,cell_simple_coverage,Cycle-span 2-cells,16,59,10,0.7542973541465858,0.04014038075683551,0.7481474174155596,8.84203562015744e-15,,,
a,cell_simple_coverage,Cycle-span 2-cells,16,60,10,0.7544685914699067,0.0400495753537071,0.7505015667074153,6.917084455308723e-15,,,
a,cell_simple_coverage,Cycle-span 2-cells,16,61,10,0.7575466625524901,0.04155727255795629,0.7527979435775654,9.974591697190067e-15,,,
a,cell_simple_coverage,Cycle-span 2-cells,16,62,10,0.7588274291335636,0.04178994597147445,0.7550389612340089,9.185160167802534e-15,,,
a,cell_simple_coverage,Cycle-span 2-cells,16,63,10,0.7598785299558388,0.04151282005084279,0.7572269108297817,7.53411737970921e-15,,,
a,cell_simple_coverage,Cycle-span 2-cells,16,64,10,0.7602049654241141,0.04153535414172304,0.7593639680234415,2.395980583700043e-14,,,
a,cell_simple_coverage,Cycle-span 2-cells,16,65,10,0.7607529706849646,0.04136648669812836,0.7614521989635047,1.2867527961490486e-14,,,
a,cell_simple_coverage,Cycle-span 2-cells,16,66,10,0.7618370663884505,0.04111822531206614,0.7634935661666485,1.1044750768848808e-14,,,
a,cell_simple_coverage,Cycle-span 2-cells,16,67,10,0.7632662335579328,0.040810921963790714,0.7654899340879924,1.5680954266815967e-14,,,
a,cell_simple_coverage,Cycle-span 2-cells,16,68,10,0.7641582410062217,0.04087991739951999,0.7674430741331812,1.1092659699434133e-14,,,
a,cell_simple_coverage,Cycle-span 2-cells,16,69,10,0.7645067494390106,0.04091744754036941,0.769354669790783,1.433974323767373e-14,,,
a,cell_simple_coverage,Cycle-span 2-cells,16,70,10,0.7671914023893793,0.04412520732583983,0.7712263210450085,2.031753298461667e-14,,,
a,cell_simple_coverage,Cycle-span 2-cells,16,71,10,0.7677520098618034,0.04399498636850475,0.7730595490590604,6.9353550908105625e-15,,,
a,cell_simple_coverage,Cycle-span 2-cells,16,72,10,0.7683856337843143,0.04398864063623476,0.774855800053528,9.06089068611629e-15,,,
a,cell_simple_coverage,Cycle-span 2-cells,16,73,10,0.76994181597105,0.04479123790443307,0.7766164494655519,1.569141392423713e-14,,,
a,cell_simple_coverage,Cycle-span 2-cells,16,74,10,0.770515331163207,0.04489097073015103,0.7783428055967522,8.328267963477424e-15,,,
a,cell_simple_coverage,Cycle-span 2-cells,16,75,10,0.7711552943800246,0.04587877455173834,0.7800361131591437,1.5019712323150982e-14,,,
a,cell_simple_coverage,Cycle-span 2-cells,16,76,10,0.7718639205556583,0.045522952421648555,0.7816975565370028,1.4824440911309043e-14,,,
a,cell_simple_coverage,Cycle-span 2-cells,16,77,10,0.7724609598760859,0.045968905428883294,0.7833282631297985,1.7650117554070518e-14,,,
a,cell_simple_coverage,Cycle-span 2-cells,16,78,10,0.7737861015173062,0.04801908516464153,0.7849293061387402,1.0589488299831024e-14,,,
a,cell_simple_coverage,Cycle-span 2-cells,16,79,10,0.7742479534772175,0.04801636396408715,0.7865017075696942,9.719965770349652e-15,,,
a,cell_simple_coverage,Cycle-span 2-cells,16,80,10,0.774584776222911,0.04800835845800485,0.7880464408391521,1.0708547269143542e-14,,,
a,cell_simple_coverage,Cycle-span 2-cells,16,81,10,0.7749435191790385,0.047991593951516594,0.7895644333030789,1.2202333712876112e-14,,,
a,cell_simple_coverage,Cycle-span 2-cells,16,82,10,0.7750933709312042,0.04778442056632641,0.7910565687008615,1.3317581659281258e-14,,,
a,cell_simple_coverage,Cycle-span 2-cells,16,83,10,0.7785080356283616,0.04853750880409012,0.7925236894111378,7.249906532555323e-15,,,
a,cell_simple_coverage,Cycle-span 2-cells,16,84,10,0.7794014942404075,0.04830858252803737,0.7939665985609601,1.5086969152725773e-14,,,
a,cell_simple_coverage,Cycle-span 2-cells,16,85,10,0.7797774984075387,0.04833669999328351,0.79538606219582,1.6570741395022093e-14,,,
a,cell_simple_coverage,Cycle-span 2-cells,16,86,10,0.7802721161175412,0.04836032946918577,0.7967828110377567,1.072848005415848e-14,,,
a,cell_simple_coverage,Cycle-span 2-cells,16,87,10,0.7809550796077886,0.04764817624978885,0.7981575424738651,1.3773906486018418e-14,,,
a,cell_simple_coverage,Cycle-span 2-cells,16,88,10,0.7896968900796918,0.05206635553071798,0.7995109221205818,1.7744858221321154e-14,,,
a,cell_simple_coverage,Cycle-span 2-cells,16,89,10,0.8030984637522207,0.05524562305949401,0.8008435856051624,1.5299859754362657e-14,,,
a,cell_simple_coverage,Cycle-span 2-cells,16,90,10,0.8080150065607878,0.05249944933096516,0.8021561400668695,5.104128857594008e-15,,,
a,cell_simple_coverage,Cycle-span 2-cells,16,91,10,0.8131027866926755,0.050086984222140765,0.8034491655917787,1.5369878437697585e-14,,,
a,cell_simple_coverage,Cycle-span 2-cells,16,92,10,0.813631315808367,0.05021064542587656,0.8047232166215876,9.596706288315162e-15,,,
a,cell_simple_coverage,Cycle-span 2-cells,16,93,10,0.814079419901107,0.04976949645514854,0.8059788233154197,1.170942351989579e-14,,,
a,cell_simple_coverage,Cycle-span 2-cells,16,94,10,0.8156435452999862,0.051097551560117214,0.8072164927215816,5.254065216770514e-15,,,
a,cell_simple_coverage,Cycle-span 2-cells,16,95,10,0.8163269670524725,0.051452120720711834,0.8084367099852932,9.132636985277408e-15,,,
a,cell_simple_coverage,Cycle-span 2-cells,16,96,10,0.8170062644448077,0.051518938502622014,0.8096399394993536,1.7030964337593385e-14,,,
a,cell_simple_coverage,Cycle-span 2-cells,16,97,10,0.8176289664506214,0.051072602176675336,0.8108266258729249,7.239849763037329e-15,,,
a,cell_simple_coverage,Cycle-span 2-cells,16,98,10,0.8181856023169738,0.05154244638665353,0.811997195080186,1.1072516689890243e-14,,,
a,cell_simple_coverage,Cycle-span 2-cells,16,99,10,0.8184891246732973,0.05155690480896751,0.8131520552402032,2.038307188506637e-14,,,
a,cell_simple_coverage,Cycle-span 2-cells,16,100,10,0.8189690779916505,0.051470892683635944,0.8142915976333297,9.709787409124392e-15,,,
a,cell_simple_coverage,Cycle-span 2-cells,16,101,10,0.8198965243864251,0.05166098511155731,0.8154161974783598,1.2920185170726546e-14,,,
a,cell_simple_coverage,Cycle-span 2-cells,16,102,10,0.8212861282492702,0.05173641681967935,0.8165262147924341,1.6944378196794094e-14,,,
a,cell_simple_coverage,Cycle-span 2-cells,16,103,10,0.8221619437651132,0.05220914944729615,0.817621995164157,1.3224786660022201e-14,,,
a,cell_simple_coverage,Cycle-span 2-cells,16,104,10,0.8223596075442184,0.05194242012650774,0.8187038703430837,1.3285596701809382e-14,,,
a,cell_simple_coverage,Cycle-span 2-cells,16,105,10,0.8228092391777553,0.051146882252160165,0.8197721591485477,1.3967235173825098e-14,,,
a,cell_simple_coverage,Cycle-span 2-cells,16,106,10,0.8334261059777253,0.031559417163103946,0.820827167861462,1.6888941751951693e-14,,,
a,cell_simple_coverage,Cycle-span 2-cells,16,107,10,0.8337639216249368,0.0315301716601236,0.821869191068996,1.4302403797430635e-14,,,
a,cell_simple_coverage,Cycle-span 2-cells,16,108,10,0.8341869740486094,0.03134301458823929,0.8228985121044776,1.2815562772922709e-14,,,
a,cell_simple_coverage,Cycle-span 2-cells,16,109,10,0.8342884027575167,0.031313153225669035,0.8239154036234542,1.4284025865794418e-14,,,
a,cell_simple_coverage,Cycle-span 2-cells,16,110,10,0.8349029324200676,0.03211406052674823,0.8249201281706237,1.2182367296648538e-14,,,
a,cell_simple_coverage,Cycle-span 2-cells,16,111,10,0.8353003985353938,0.032436361222749885,0.825912938613088,1.1639441088185408e-14,,,
a,cell_simple_coverage,Cycle-span 2-cells,16,112,10,0.83563118749494,0.032399099815761924,0.8268940786447189,1.8492107903956082e-14,,,
a,cell_simple_coverage,Cycle-span 2-cells,16,113,10,0.8363566166193384,0.03223622428204437,0.8278637832153498,7.287636762281022e-15,,,
a,cell_simple_coverage,Cycle-span 2-cells,16,114,10,0.8367598110126526,0.03199058394772478,0.8288222790068511,1.3382862465448693e-14,,,
a,cell_simple_coverage,Cycle-span 2-cells,16,115,10,0.8370133064078809,0.03183583436128641,0.8297697847143105,1.954558767181202e-14,,,
a,cell_simple_coverage,Cycle-span 2-cells,16,116,10,0.8375448142281261,0.03183964274657585,0.8307065115181137,1.87477630607345e-14,,,
a,cell_simple_coverage,Cycle-span 2-cells,16,117,10,0.8376885558171046,0.031847253179066094,0.8316326634219481,7.659922054511807e-15,,,
a,cell_simple_coverage,Cycle-span 2-cells,16,118,10,0.8380599009848055,0.03158061660448999,0.8325484375880855,7.915128007579858e-15,,,
a,cell_simple_coverage,Cycle-span 2-cells,16,119,10,0.8411443877387356,0.03162168453931378,0.8334540246292377,1.16186900879989e-14,,,
a,cell_simple_coverage,Cycle-span 2-cells,16,120,10,0.8413939115278921,0.03173585087975595,0.8343496089455507,1.0305490695049123e-14,,,
a,cell_simple_coverage,Cycle-span 2-cells,16,121,10,0.842160966139003,0.032086600764851946,0.8352353690173151,1.4594021368483107e-14,,,
a,cell_simple_coverage,Cycle-span 2-cells,16,122,10,0.8427163799727181,0.03155891703560511,0.8361114776917162,1.5499551105226392e-14,,,
a,cell_simple_coverage,Cycle-span 2-cells,16,123,10,0.8428928873117879,0.031417250267326974,0.8369781023645594,1.825786808634428e-14,,,
a,cell_simple_coverage,Cycle-span 2-cells,16,124,10,0.8430979596637578,0.03147264650545684,0.8378354053044637,1.121251359705006e-14,,,
a,cell_simple_coverage,Cycle-span 2-cells,16,125,10,0.8437929907262998,0.03094815657659221,0.8386835438849181,1.8901711380442287e-14,,,
a,cell_simple_coverage,Cycle-span 2-cells,16,126,10,0.8439032791718285,0.031036210149620422,0.8395226707298831,2.0619763891259172e-14,,,
a,cell_simple_coverage,Cycle-span 2-cells,16,127,10,0.8439824057851025,0.031048123186167228,0.8403529340306877,9.346564337078586e-15,,,
a,cell_simple_coverage,Cycle-span 2-cells,16,128,10,0.8482242338237249,0.029777972017766458,0.8411744776403373,1.7124971727616375e-14,,,
a,cell_simple_coverage,Cycle-span 2-cells,16,129,10,0.8504130470314536,0.031089603218511546,0.8419874413455716,1.1019922843328631e-14,,,
a,cell_simple_coverage,Cycle-span 2-cells,16,130,10,0.8515504539087477,0.030707720139984934,0.8427919610070118,1.6985984952433368e-14,,,
a,cell_simple_coverage,Cycle-span 2-cells,16,131,10,0.8529442585087841,0.030633392309682775,0.8435881687485051,1.478512531829268e-14,,,
a,cell_simple_coverage,Cycle-span 2-cells,16,132,10,0.8534628586092963,0.03099553621465449,0.8443761930468728,1.6121183376550646e-14,,,
a,cell_simple_coverage,Cycle-span 2-cells,16,133,10,0.8536629664536765,0.030879298496031337,0.8451561590184596,1.4017153761989838e-14,,,
a,cell_simple_coverage,Cycle-span 2-cells,16,134,10,0.8542924660160361,0.0310518291910124,0.8459281884271593,1.5668809519781335e-14,,,
a,cell_simple_coverage,Cycle-span 2-cells,16,135,10,0.854605688256419,0.031227317101220817,0.8466923999133356,1.0160849164606827e-14,,,
a,cell_simple_coverage,Cycle-span 2-cells,16,136,10,0.8549096688749815,0.031383904707026504,0.847448909121406,9.331921867207687e-15,,,
a,cell_simple_coverage,Cycle-span 2-cells,16,137,10,0.8553251599717099,0.03154895915953122,0.8481978287348759,1.814688882479464e-14,,,
a,cell_simple_coverage,Cycle-span 2-cells,16,138,10,0.8556110392318302,0.03131839880101189,0.8489392686942449,1.6905893538710997e-14,,,
a,cell_simple_coverage,Cycle-span 2-cells,16,139,10,0.8567076607698499,0.030527134572064504,0.8496733362977915,2.0118079914973188e-14,,,
a,cell_simple_coverage,Cycle-span 2-cells,16,140,10,0.8576309064274333,0.029765195034585322,0.8504001362439857,1.4358808147628002e-14,,,
a,cell_simple_coverage,Cycle-span 2-cells,16,141,10,0.8584262205432852,0.030823316472969133,0.8511197707643106,1.549341766358118e-14,,,
a,cell_simple_coverage,Cycle-span 2-cells,16,142,10,0.8591317152602853,0.030964238579903054,0.8518323397871969,1.1495464577217136e-14,,,
a,cell_simple_coverage,Cycle-span 2-cells,16,143,10,0.8593600062323665,0.0308569980385163,0.8525379408874411,1.619033583911735e-14,,,
a,cell_simple_coverage,Cycle-span 2-cells,16,144,10,0.8601070500590394,0.03140619240441726,0.8532366695338169,2.329893829256942e-14,,,
a,cell_simple_coverage,Cycle-span 2-cells,16,145,10,0.8602584293520019,0.03139242015918895,0.853928619039864,1.1212855597262254e-14,,,
a,cell_simple_coverage,Cycle-span 2-cells,16,146,10,0.86034992904573,0.03139320865080982,0.8546138807060555,1.0214722229082178e-14,,,
a,cell_simple_coverage,Cycle-span 2-cells,16,147,10,0.8620922420785553,0.03302533746358787,0.8552925439070462,1.814580202069326e-14,,,
a,cell_simple_coverage,Cycle-span 2-cells,16,148,10,0.8626960789555287,0.03293480872770542,0.8559646961471759,6.036512631927912e-15,,,
a,cell_simple_coverage,Cycle-span 2-cells,16,149,10,0.8629353682213468,0.032999373078090095,0.8566304230556288,1.1109265597537325e-14,,,
a,cell_simple_coverage,Cycle-span 2-cells,16,150,10,0.8639259020510289,0.033656314075247565,0.8572898085910529,2.177476669272267e-14,,,
a,cell_simple_coverage,Cycle-span 2-cells,16,151,10,0.8645835847410895,0.03331575276091501,0.8579429349911145,1.8248984562848732e-14,,,
a,cell_simple_coverage,Cycle-span 2-cells,16,152,10,0.864681041843925,0.033360321543683444,0.8585898828749849,1.4983048273415148e-14,,,
a,cell_simple_coverage,Cycle-span 2-cells,16,153,10,0.8647521488680159,0.033335116901782,0.8592307312873381,1.911247136500647e-14,,,
a,cell_simple_coverage,Cycle-span 2-cells,16,154,10,0.8649401127630616,0.03316441396466813,0.8598655578061916,1.160379885812566e-14,,,
a,cell_simple_coverage,Cycle-span 2-cells,16,155,10,0.8651148634302149,0.03331952970928637,0.8604944384427323,1.500723323401864e-14,,,
a,cell_simple_coverage,Cycle-span 2-cells,16,156,10,0.8653877585935627,0.03328367247840099,0.8611174478780438,1.0125006743400664e-14,,,
a,cell_simple_coverage,Cycle-span 2-cells,16,157,10,0.8654571089457372,0.03326504501349168,0.8617346594098356,1.9500456333543624e-14,,,
a,cell_simple_coverage,Cycle-span 2-cells,16,158,10,0.8695661173120781,0.03282774540655543,0.8623461449613936,1.7825617094590315e-14,,,
a,cell_simple_coverage,Cycle-span 2-cells,16,159,10,0.8717269001461856,0.032133969090256606,0.8629519752404446,9.454838142383927e-15,,,
a,cell_simple_coverage,Cycle-span 2-cells,16,160,10,0.8719418251362949,0.032157415691762274,0.8635522196125738,1.2710014558109813e-14,,,
a,cell_simple_coverage,Cycle-span 2-cells,16,161,10,0.8733067592152718,0.03301707667082295,0.8641469463345022,2.920222135215733e-14,,,
a,cell_simple_coverage,Cycle-span 2-cells,16,162,10,0.8735481106611654,0.033166581798025466,0.8647362224480266,2.0959179201215252e-14,,,
a,cell_simple_coverage,Cycle-span 2-cells,16,163,10,0.8736444221084035,0.03318403376046995,0.8653201138576367,1.7689073506437062e-14,,,
a,cell_simple_coverage,Cycle-span 2-cells,16,164,10,0.8737996966303978,0.03305907911494552,0.8658986853469344,1.8729476684361213e-14,,,
a,cell_simple_coverage,Cycle-span 2-cells,16,165,10,0.8740548723205025,0.03305526111332527,0.8664720006639565,1.3309846013540133e-14,,,
a,cell_simple_coverage,Cycle-span 2-cells,16,166,10,0.8746516825098107,0.03321220248105146,0.8670401225001599,1.676481698345195e-14,,,
a,cell_simple_coverage,Cycle-span 2-cells,16,167,10,0.8747014803397862,0.03319245287886516,0.8676031125396244,1.846163247430576e-14,,,
a,cell_simple_coverage,Cycle-span 2-cells,16,168,10,0.8748419377160517,0.03323182418427371,0.8681610314546664,1.1915382371426347e-14,,,
a,cell_simple_coverage,Cycle-span 2-cells,16,169,10,0.8749571906691699,0.03330883911549243,0.8687139389938393,1.7741488989480037e-14,,,
a,cell_simple_coverage,Cycle-span 2-cells,16,170,10,0.8754722774258493,0.03313713446347309,0.8692618939592822,1.1650284713217272e-14,,,
a,cell_simple_coverage,Cycle-span 2-cells,16,171,10,0.8756007436068598,0.03309580168010942,0.8698049542292077,9.393832549354055e-15,,,
a,cell_simple_coverage,Cycle-span 2-cells,16,172,10,0.8758349156110088,0.03262641504830361,0.8703431768533049,2.09768798677893e-14,,,
a,cell_simple_coverage,Cycle-span 2-cells,16,173,10,0.8760133323760744,0.032708001060843615,0.8708766179575557,1.2099478583889147e-14,,,
a,cell_simple_coverage,Cycle-span 2-cells,16,174,10,0.8762137457286141,0.03278318571154613,0.8714053328353344,2.764150634846137e-14,,,
a,cell_simple_coverage,Cycle-span 2-cells,16,175,10,0.8765227672318059,0.03236021534108926,0.871929375986141,1.0685706766999693e-14,,,
a,cell_simple_coverage,Cycle-span 2-cells,16,176,10,0.8769733153898208,0.03239501450977221,0.8724488010902736,1.0079625375310718e-14,,,
a,cell_simple_coverage,Cycle-span 2-cells,16,177,10,0.8770064630251113,0.03238143579904396,0.872963661056888,2.3377596448109756e-14,,,
a,cell_simple_coverage,Cycle-span 2-cells,16,178,10,0.8771030799805086,0.0323892517429756,0.8734740080346647,2.1173634551461747e-14,,,
a,cell_simple_coverage,Cycle-span 2-cells,16,179,10,0.8774773274757235,0.03212460563398625,0.8739798934038573,2.401974633869725e-14,,,
a,cell_simple_coverage,Cycle-span 2-cells,16,180,10,0.8775539336466828,0.03212474027264466,0.8744813678446104,1.76401089191761e-14,,,
a,cell_simple_coverage,Cycle-span 2-cells,16,181,10,0.8778827368031932,0.03183034291270508,0.8749784813017241,2.4865605925973048e-14,,,
a,cell_simple_coverage,Cycle-span 2-cells,16,182,10,0.878265156641671,0.031722093130680015,0.8754712830343294,1.4771803715189965e-14,,,
a,cell_simple_coverage,Cycle-span 2-cells,16,183,10,0.8783230504378695,0.03175670980950734,0.8759598216153869,1.4698899097331027e-14,,,
a,cell_simple_coverage,Cycle-span 2-cells,16,184,10,0.8786580401346068,0.031487385373470594,0.8764441449765595,1.6440733285752463e-14,,,
a,cell_simple_coverage,Cycle-span 2-cells,16,185,10,0.8788088084112508,0.031530545626266136,0.876924300326355,1.837179641243553e-14,,,
a,cell_simple_coverage,Cycle-span 2-cells,16,186,10,0.8790063194362764,0.031425812550126817,0.8774003343221912,2.028174863632829e-14,,,
a,cell_simple_coverage,Cycle-span 2-cells,16,187,10,0.879319694430739,0.031574594528151714,0.8778722929240196,9.364482409181418e-15,,,
a,cell_simple_coverage,Cycle-span 2-cells,16,188,10,0.8793875936191565,0.03157479145503505,0.8783402215250394,1.6603883439344862e-14,,,
a,cell_simple_coverage,Cycle-span 2-cells,16,189,10,0.8795972485935168,0.03160618037776115,0.8788041648725787,1.506518509503577e-14,,,
a,cell_simple_coverage,Cycle-span 2-cells,16,190,10,0.8797577931312601,0.03158432980497209,0.8792641671785175,1.3785857851599721e-14,,,
a,cell_simple_coverage,Cycle-span 2-cells,16,191,10,0.880031452065006,0.031534346720639296,0.8797202720142675,1.8668099280962334e-14,,,
a,cell_simple_coverage,Cycle-span 2-cells,16,192,10,0.8804360976220773,0.03137166419672156,0.8801725224330431,1.1239816360857412e-14,,,
a,cell_simple_coverage,Cycle-span 2-cells,16,193,10,0.8806437667934016,0.031064723280487323,0.880620960875645,1.2929848831257934e-14,,,
a,cell_simple_coverage,Cycle-span 2-cells,16,194,10,0.8810461974163175,0.03106666019564216,0.8810656293024326,1.3829713298946349e-14,,,
a,cell_simple_coverage,Cycle-span 2-cells,16,195,10,0.8811202067679222,0.03109048310550546,0.8815065690862477,2.6669142376969797e-14,,,
a,cell_simple_coverage,Cycle-span 2-cells,16,196,10,0.8812058254295827,0.031118472043705717,0.8819438210946169,2.048564225673474e-14,,,
a,cell_simple_coverage,Cycle-span 2-cells,16,197,10,0.8812855630591754,0.03113556882908368,0.8823774256674621,2.0407648816203732e-14,,,
a,cell_simple_coverage,Cycle-span 2-cells,16,198,10,0.8815601385173994,0.031072165799228925,0.8828074226161015,1.0853113877189843e-14,,,
a,cell_simple_coverage,Cycle-span 2-cells,16,199,10,0.8816359809179604,0.030999449776593514,0.8832338513032113,1.3806902838144696e-14,,,
a,cell_simple_coverage,Cycle-span 2-cells,16,200,10,0.8820651435048201,0.030463435266314353,0.8836567505372676,1.642847078563576e-14,,,
b,cell_simple_coverage,Cycle-span 2-cells,16,,10,,,,,1.0,0.0,
a,cell_simple_coverage,Cycle-span 2-cells,32,1,10,0.30431690666878486,0.16102775303020478,0.29237504688593313,6.484976053497097e-15,,,
a,cell_simple_coverage,Cycle-span 2-cells,32,2,10,0.4297384697401806,0.1659970095249971,0.4327146872537928,9.278172261873428e-15,,,
a,cell_simple_coverage,Cycle-span 2-cells,32,3,10,0.5222442782140604,0.151086181794827,0.5326964375393846,6.91656964838233e-15,,,
a,cell_simple_coverage,Cycle-span 2-cells,32,4,10,0.6186449338345704,0.12882027399836163,0.606933652564783,8.526178727683845e-15,,,
a,cell_simple_coverage,Cycle-span 2-cells,32,5,10,0.7057546280667291,0.12760985497873367,0.6639479516712118,1.3951066434532065e-14,,,
a,cell_simple_coverage,Cycle-span 2-cells,32,6,10,0.7403277644287685,0.1366357569991204,0.7089206871461695,1.472338337711839e-14,,,
a,cell_simple_coverage,Cycle-span 2-cells,32,7,10,0.7784263885727728,0.13549982473920438,0.7451474002214614,2.591546086676497e-14,,,
a,cell_simple_coverage,Cycle-span 2-cells,32,8,10,0.8218798069799449,0.07738339571792682,0.7748201222809509,2.8403587839636782e-14,,,
a,cell_simple_coverage,Cycle-span 2-cells,32,9,10,0.8337760655742713,0.07501368869113101,0.799458067212423,2.2086974891189994e-14,,,
a,cell_simple_coverage,Cycle-span 2-cells,32,10,10,0.8447071475161423,0.07100958314520606,0.8201519413448424,1.8697879299195673e-14,,,
a,cell_simple_coverage,Cycle-span 2-cells,32,11,10,0.8538589499379053,0.06937990111538166,0.8377076329287221,9.802353508790776e-15,,,
a,cell_simple_coverage,Cycle-span 2-cells,32,12,10,0.8685910880214834,0.05873681513522869,0.8527342442226727,2.5226491485282444e-14,,,
a,cell_simple_coverage,Cycle-span 2-cells,32,13,10,0.877465183526389,0.059451384330191044,0.865700375383011,1.3746361477113479e-14,,,
a,cell_simple_coverage,Cycle-span 2-cells,32,14,10,0.9000155809161272,0.035788076787223115,0.8769716195396449,1.6271138162195895e-14,,,
a,cell_simple_coverage,Cycle-span 2-cells,32,15,10,0.9062567307266359,0.03200111488944483,0.8868364766014674,2.5831613190102795e-14,,,
a,cell_simple_coverage,Cycle-span 2-cells,32,16,10,0.9173498083700071,0.023679183561389087,0.8955248216972873,2.1963495949837853e-14,,,
a,cell_simple_coverage,Cycle-span 2-cells,32,17,10,0.9217140688034926,0.023035747274973473,0.9032213938197572,3.093852703553709e-14,,,
a,cell_simple_coverage,Cycle-span 2-cells,32,18,10,0.9253805486010018,0.020859207191846654,0.9100758342371087,2.3327840940402313e-14,,,
a,cell_simple_coverage,Cycle-span 2-cells,32,19,10,0.9293137370216314,0.019962276881974928,0.9162102651307282,2.0857584906263595e-14,,,
a,cell_simple_coverage,Cycle-span 2-cells,32,20,10,0.9316579011283943,0.0191575484363284,0.9217250738162178,1.250665128495049e-14,,,
a,cell_simple_coverage,Cycle-span 2-cells,32,21,10,0.9395581893753426,0.00640557022395614,0.9267033651528089,1.6381887386703093e-14,,,
a,cell_simple_coverage,Cycle-span 2-cells,32,22,10,0.9443798719004288,0.0046168718715370455,0.9312144133528142,1.895452714844739e-14,,,
a,cell_simple_coverage,Cycle-span 2-cells,32,23,10,0.9466631635064393,0.004601273687269144,0.9353163536044814,2.2305277333776152e-14,,,
a,cell_simple_coverage,Cycle-span 2-cells,32,24,10,0.9481764217967852,0.005642535292779145,0.9390582928909643,3.282996209991063e-14,,,
a,cell_simple_coverage,Cycle-span 2-cells,32,25,10,0.9502786998183754,0.0054285507577703845,0.942481974133386,2.7319067364540173e-14,,,
a,cell_simple_coverage,Cycle-span 2-cells,32,26,10,0.9529482301148559,0.006325696390379227,0.9456230947693889,2.35717427639848e-14,,,
a,cell_simple_coverage,Cycle-span 2-cells,32,27,10,0.9544785968621257,0.006281731083985991,0.9485123572471004,1.4505219488827794e-14,,,
a,cell_simple_coverage,Cycle-span 2-cells,32,28,10,0.9561044349091953,0.006019773442899131,0.9511763106844213,1.7643024000978834e-14,,,
a,cell_simple_coverage,Cycle-span 2-cells,32,29,10,0.9579666598945691,0.00797485775174694,0.9536380286971667,2.3293059385242264e-14,,,
a,cell_simple_coverage,Cycle-span 2-cells,32,30,10,0.9586164757495261,0.007788874466895953,0.9559176587732902,3.080478234539566e-14,,,
a,cell_simple_coverage,Cycle-span 2-cells,32,31,10,0.9597918420156206,0.00733266202842136,0.9580328700395689,2.789191169401701e-14,,,
a,cell_simple_coverage,Cycle-span 2-cells,32,32,10,0.9609827128208026,0.007159641549364957,0.9599992205400631,1.5523906251305008e-14,,,
a,cell_simple_coverage,Cycle-span 2-cells,32,33,10,0.9613364912693406,0.007189586065823773,0.9618304602417955,1.4917329015657796e-14,,,
a,cell_simple_coverage,Cycle-span 2-cells,32,34,10,0.9628827444408972,0.007087348708995585,0.9635387827055093,2.181531271912569e-14,,,
a,cell_simple_coverage,Cycle-span 2-cells,32,35,10,0.9634702366313448,0.007335718097630281,0.9651350352087237,1.1939042201432167e-14,,,
a,cell_simple_coverage,Cycle-span 2-cells,32,36,10,0.9638805340893641,0.00747367008495026,0.9666288953238661,1.4478285423866483e-14,,,
a,cell_simple_coverage,Cycle-span 2-cells,32,37,10,0.9648719844435245,0.007392484831403322,0.9680290203297014,2.013257479417542e-14,,,
a,cell_simple_coverage,Cycle-span 2-cells,32,38,10,0.965661264773229,0.007424550276329884,0.969343173894805,1.430956460176502e-14,,,
a,cell_simple_coverage,Cycle-span 2-cells,32,39,10,0.9670070282152061,0.007622886350442672,0.9705783344152816,2.295982791243423e-14,,,
a,cell_simple_coverage,Cycle-span 2-cells,32,40,10,0.9676617322007127,0.008175989298921804,0.9717407881335465,1.5522053478571524e-14,,,
a,cell_simple_coverage,Cycle-span 2-cells,32,41,10,0.9687772952446128,0.008281672678307303,0.9728362091882137,1.8596892947074058e-14,,,
a,cell_simple_coverage,Cycle-span 2-cells,32,42,10,0.969338360979276,0.008270886210578258,0.97386972920185,1.6220764090200938e-14,,,
a,cell_simple_coverage,Cycle-span 2-cells,32,43,10,0.970514796523928,0.008030185690135841,0.9748459976215328,1.20523617086116e-14,,,
a,cell_simple_coverage,Cycle-span 2-cells,32,44,10,0.9721080979520261,0.007911291927249155,0.9757692343526292,1.9214878494196148e-14,,,
a,cell_simple_coverage,Cycle-span 2-cells,32,45,10,0.974502823659163,0.006589587681831423,0.9766432759658832,1.617450966227685e-14,,,
a,cell_simple_coverage,Cycle-span 2-cells,32,46,10,0.9751992295084222,0.006450857578093635,0.9774716161300174,2.5904624999446134e-14,,,
a,cell_simple_coverage,Cycle-span 2-cells,32,47,10,0.9756666569922416,0.006593383322694153,0.9782574413115344,1.506243941453888e-14,,,
a,cell_simple_coverage,Cycle-span 2-cells,32,48,10,0.9762724796722508,0.006817893753546208,0.9790036622761409,1.0256662284916314e-14,,,
a,cell_simple_coverage,Cycle-span 2-cells,32,49,10,0.9764605199443365,0.006644713226743882,0.9797129418936036,2.2331268277829913e-14,,,
a,cell_simple_coverage,Cycle-span 2-cells,32,50,10,0.9768210195723803,0.006444724616963859,0.9803877198002791,1.554574788856497e-14,,,
a,cell_simple_coverage,Cycle-span 2-cells,32,51,10,0.9770982682269986,0.006475084491991475,0.9810302343883783,2.220017029963334e-14,,,
a,cell_simple_coverage,Cycle-span 2-cells,32,52,10,0.9780240343268968,0.005443944915962199,0.9816425422815183,1.755401520610727e-14,,,
a,cell_simple_coverage,Cycle-span 2-cells,32,53,10,0.9786313845477028,0.005004005293312038,0.9822265356919397,2.5515408788268668e-14,,,
a,cell_simple_coverage,Cycle-span 2-cells,32,54,10,0.9790078469770732,0.005060131294671892,0.9827839580305333,2.277397928294246e-14,,,
a,cell_simple_coverage,Cycle-span 2-cells,32,55,10,0.979335428100946,0.0050379188362834285,0.9833164176920128,2.1934777942696187e-14,,,
a,cell_simple_coverage,Cycle-span 2-cells,32,56,10,0.9802937308198159,0.0046529594759106485,0.9838254004842735,1.7719602350936636e-14,,,
a,cell_simple_coverage,Cycle-span 2-cells,32,57,10,0.9804292236884917,0.004714354640361702,0.9843122808376294,1.0429427713375078e-14,,,
a,cell_simple_coverage,Cycle-span 2-cells,32,58,10,0.9809899839149955,0.0044306063565002825,0.9847783316641193,8.7749066847114e-15,,,
a,cell_simple_coverage,Cycle-span 2-cells,32,59,10,0.98119757670928,0.004424832881536127,0.9852247334533166,3.06650508628558e-14,,,
a,cell_simple_coverage,Cycle-span 2-cells,32,60,10,0.9814167788136201,0.004500840432177363,0.9856525822505203,1.0400399320356164e-14,,,
a,cell_simple_coverage,Cycle-span 2-cells,32,61,10,0.982313598015419,0.003957758175972814,0.9860628969789713,1.6159820630555752e-14,,,
a,cell_simple_coverage,Cycle-span 2-cells,32,62,10,0.9827031209186019,0.003752438177668112,0.9864566259656741,1.4062513333581376e-14,,,
a,cell_simple_coverage,Cycle-span 2-cells,32,63,10,0.9835160017536169,0.003002666380892889,0.9868346529075426,1.2619784654363748e-14,,,
a,cell_simple_coverage,Cycle-span 2-cells,32,64,10,0.9839958023178903,0.002734540345509376,0.9871978021546722,1.241402229458504e-14,,,
a,cell_simple_coverage,Cycle-span 2-cells,32,65,10,0.9844647573425067,0.0024969022977414297,0.9875468435259002,1.578106084118151e-14,,,
a,cell_simple_coverage,Cycle-span 2-cells,32,66,10,0.985021469585899,0.00263058810020809,0.9878824967712283,1.9002097631105583e-14,,,
a,cell_simple_coverage,Cycle-span 2-cells,32,67,10,0.9852254726593112,0.002601382736854492,0.9882054355108896,1.461765073449937e-14,,,
a,cell_simple_coverage,Cycle-span 2-cells,32,68,10,0.9859066794776421,0.0027671905732132482,0.9885162908084368,9.959194913732509e-15,,,
a,cell_simple_coverage,Cycle-span 2-cells,32,69,10,0.9860932685859707,0.00277963866800877,0.9888156544455953,1.5437042450080488e-14,,,
a,cell_simple_coverage,Cycle-span 2-cells,32,70,10,0.9863561583570993,0.0027505698279116316,0.9891040819355718,2.3834178206745303e-14,,,
a,cell_simple_coverage,Cycle-span 2-cells,32,71,10,0.9866241653898971,0.002799058502776968,0.9893820952272158,2.377135019612786e-14,,,
a,cell_simple_coverage,Cycle-span 2-cells,32,72,10,0.9868307652826639,0.0027842690026907767,0.9896501851746045,1.2645115876213984e-14,,,
a,cell_simple_coverage,Cycle-span 2-cells,32,73,10,0.986990393295929,0.0028068767128729454,0.9899088137581356,1.7716015726408886e-14,,,
a,cell_simple_coverage,Cycle-span 2-cells,32,74,10,0.9872972762420054,0.002784698428104596,0.9901584162318262,2.0728709255333082e-14,,,
a,cell_simple_coverage,Cycle-span 2-cells,32,75,10,0.9875080768719631,0.0027420327706309745,0.99039940293822,1.6335485544455857e-14,,,
a,cell_simple_coverage,Cycle-span 2-cells,32,76,10,0.987620121989408,0.0027655379653332827,0.9906321610427595,1.3036858178442081e-14,,,
a,cell_simple_coverage,Cycle-span 2-cells,32,77,10,0.9879806979944916,0.002651297628786102,0.9908570562161589,1.9852013634434043e-14,,,
a,cell_simple_coverage,Cycle-span 2-cells,32,78,10,0.9883069043316475,0.00243395399898141,0.9910744339093274,1.0996682932806087e-14,,,
a,cell_simple_coverage,Cycle-span 2-cells,32,79,10,0.9884958611282111,0.0024155403140105262,0.9912846209036509,1.8614720986182437e-14,,,
a,cell_simple_coverage,Cycle-span 2-cells,32,80,10,0.9885676555456605,0.0023875027216120415,0.9914879263808916,1.5630093210392543e-14,,,
a,cell_simple_coverage,Cycle-span 2-cells,32,81,10,0.9890281327188546,0.0024643685267866427,0.9916846431750951,1.2398849147611926e-14,,,
a,cell_simple_coverage,Cycle-span 2-cells,32,82,10,0.9892115139915099,0.002614417622719752,0.9918750486884106,1.7798263675088562e-14,,,
a,cell_simple_coverage,Cycle-span 2-cells,32,83,10,0.9893061451438715,0.0025864620959017617,0.9920594060509128,2.3933529118872116e-14,,,
a,cell_simple_coverage,Cycle-span 2-cells,32,84,10,0.9894737927463197,0.002683263969071554,0.9922379647961664,1.5389260163637487e-14,,,
a,cell_simple_coverage,Cycle-span 2-cells,32,85,10,0.989538025836825,0.0026865274579037633,0.9924109618842039,2.6066395819586127e-14,,,
a,cell_simple_coverage,Cycle-span 2-cells,32,86,10,0.9895988219605375,0.002661026191501045,0.9925786223469544,1.547257764084875e-14,,,
a,cell_simple_coverage,Cycle-span 2-cells,32,87,10,0.9897254550925918,0.002676298683245649,0.992741160032977,1.1817928782523423e-14,,,
a,cell_simple_coverage,Cycle-span 2-cells,32,88,10,0.9900599865270902,0.002824558514068829,0.9928987782882889,1.0841277146720266e-14,,,
a,cell_simple_coverage,Cycle-span 2-cells,32,89,10,0.9901747048409295,0.002832326951100587,0.9930516705627752,2.04568747738704e-14,,,
a,cell_simple_coverage,Cycle-span 2-cells,32,90,10,0.9903796244388197,0.002667646738418245,0.9932000209788712,1.3207273535493875e-14,,,
a,cell_simple_coverage,Cycle-span 2-cells,32,91,10,0.9912646815764832,0.002460933370299448,0.9933440048592083,8.778363081946732e-15,,,
a,cell_simple_coverage,Cycle-span 2-cells,32,92,10,0.9913418223867214,0.0024699559893540937,0.9934837892530762,1.691857498311971e-14,,,
a,cell_simple_coverage,Cycle-span 2-cells,32,93,10,0.9916286181713199,0.002229649574914722,0.9936195333487927,1.6525255242201315e-14,,,
a,cell_simple_coverage,Cycle-span 2-cells,32,94,10,0.9918256709341066,0.0022656791455544015,0.993751388948448,7.619587147542343e-15,,,
a,cell_simple_coverage,Cycle-span 2-cells,32,95,10,0.9919988176834232,0.002171939189273367,0.9938795008819727,1.750989060545145e-14,,,
a,cell_simple_coverage,Cycle-span 2-cells,32,96,10,0.992081839525729,0.0021312960560558323,0.9940040073312819,1.3362712665182646e-14,,,
a,cell_simple_coverage,Cycle-span 2-cells,32,97,10,0.9926228180989144,0.0021417884372299132,0.9941250402451258,1.6188897735089834e-14,,,
a,cell_simple_coverage,Cycle-span 2-cells,32,98,10,0.9926540563082089,0.0021476159766480756,0.994242725667889,6.738493848894095e-15,,,
a,cell_simple_coverage,Cycle-span 2-cells,32,99,10,0.9931366064459166,0.0014886456891010332,0.9943571839748051,1.1636004774606723e-14,,,
a,cell_simple_coverage,Cycle-span 2-cells,32,100,10,0.9931947293732348,0.0014702510933706089,0.9944685302839247,1.4353904753118896e-14,,,
a,cell_simple_coverage,Cycle-span 2-cells,32,101,10,0.9934618198815544,0.0015112821626990368,0.9945768746313519,1.812677240112335e-14,,,
a,cell_simple_coverage,Cycle-span 2-cells,32,102,10,0.9935358292331593,0.0014970839879126221,0.9946823222761545,1.2057275349182689e-14,,,
a,cell_simple_coverage,Cycle-span 2-cells,32,103,10,0.9936122826500389,0.0014591075234831718,0.9947849739724679,1.8779644800182622e-14,,,
a,cell_simple_coverage,Cycle-span 2-cells,32,104,10,0.9936674268728032,0.0014615191251121182,0.9948849261136399,1.2696926529007318e-14,,,
a,cell_simple_coverage,Cycle-span 2-cells,32,105,10,0.9938217084932794,0.001491844165886085,0.9949822710451481,1.5009920580935566e-14,,,
a,cell_simple_coverage,Cycle-span 2-cells,32,106,10,0.9939830931784611,0.001553461862080699,0.9950770971913616,1.362866783859397e-14,,,
a,cell_simple_coverage,Cycle-span 2-cells,32,107,10,0.9940312107135603,0.001535758225624943,0.9951694892775638,4.948614943739307e-15,,,
a,cell_simple_coverage,Cycle-span 2-cells,32,108,10,0.9940921595913522,0.0015331199415457518,0.9952595285415289,1.620402104347991e-14,,,
a,cell_simple_coverage,Cycle-span 2-cells,32,109,10,0.9942316240660997,0.001513984620089941,0.9953472928430729,1.341285427551904e-14,,,
a,cell_simple_coverage,Cycle-span 2-cells,32,110,10,0.9942536206535737,0.0015096943738848914,0.9954328568882553,1.602904717599472e-14,,,
a,cell_simple_coverage,Cycle-span 2-cells,32,111,10,0.9943388574300348,0.001482299771856804,0.9955162923144332,1.3293943991634753e-14,,,
a,cell_simple_coverage,Cycle-span 2-cells,32,112,10,0.9943982787670302,0.0014762280171695017,0.9955976679000342,1.457909265851791e-14,,,
a,cell_simple_coverage,Cycle-span 2-cells,32,113,10,0.9944200462233844,0.0014865511444704948,0.9956770496781158,1.1720792493633656e-14,,,
a,cell_simple_coverage,Cycle-span 2-cells,32,114,10,0.9945351464224231,0.0015222561426718937,0.9957545010394743,1.6857623546183684e-14,,,
a,cell_simple_coverage,Cycle-span 2-cells,32,115,10,0.9947151671053256,0.0015454139543689817,0.9958300828736423,1.5487423281275634e-14,,,
a,cell_simple_coverage,Cycle-span 2-cells,32,116,10,0.9947338031030464,0.00155435897703806,0.9959038537214268,1.0677943462258126e-14,,,
a,cell_simple_coverage,Cycle-span 2-cells,32,117,10,0.9947729845244841,0.0014906645156497554,0.9959758698162255,2.0190138223713715e-14,,,
a,cell_simple_coverage,Cycle-span 2-cells,32,118,10,0.9948583740550252,0.001529715377202823,0.9960461852218989,1.4257307929373286e-14,,,
a,cell_simple_coverage,Cycle-span 2-cells,32,119,10,0.9948891540020804,0.0015183897755286372,0.996114851977295,1.556293512825067e-14,,,
a,cell_simple_coverage,Cycle-span 2-cells,32,120,10,0.9949038183937298,0.0015188336170958805,0.9961819200707923,1.9476197261537546e-14,,,
a,cell_simple_coverage,Cycle-span 2-cells,32,121,10,0.9951323384969305,0.001510490994706541,0.9962474376683362,1.4597000587118623e-14,,,
a,cell_simple_coverage,Cycle-span 2-cells,32,122,10,0.9951730474591651,0.0015359662382489624,0.9963114511072778,9.813461659647248e-15,,,
a,cell_simple_coverage,Cycle-span 2-cells,32,123,10,0.9951996266690293,0.0015231628052457045,0.9963740049924603,1.4298189884341405e-14,,,
a,cell_simple_coverage,Cycle-span 2-cells,32,124,10,0.9952147493229175,0.0015255339043808362,0.9964351422892571,8.142678383907409e-15,,,
a,cell_simple_coverage,Cycle-span 2-cells,32,125,10,0.9953638373046848,0.001431242754684298,0.9964949043887084,1.1232771333232092e-14,,,
a,cell_simple_coverage,Cycle-span 2-cells,32,126,10,0.9954189815274491,0.0014227130097863353,0.9965533311779871,1.3210570677793409e-14,,,
a,cell_simple_coverage,Cycle-span 2-cells,32,127,10,0.995465724275831,0.0014538520189182255,0.9966104610931048,6.021235774810301e-15,,,
a,cell_simple_coverage,Cycle-span 2-cells,32,128,10,0.9955519539538102,0.001499733135504257,0.9966663312024171,1.4831723648878482e-14,,,
a,cell_simple_coverage,Cycle-span 2-cells,32,129,10,0.9957573318139394,0.001510256111491248,0.9967209772573129,1.598393880298756e-14,,,
a,cell_simple_coverage,Cycle-span 2-cells,32,130,10,0.9959632443133476,0.0013230088293459837,0.9967744337182664,1.6843123704339047e-14,,,
a,cell_simple_coverage,Cycle-span 2-cells,32,131,10,0.9963402413819967,0.0010963996739124903,0.9968267338462322,9.228002395611267e-15,,,
a,cell_simple_coverage,Cycle-span 2-cells,32,132,10,0.9963676607392993,0.001100351147910222,0.9968779097781132,1.738679993046259e-14,,,
a,cell_simple_coverage,Cycle-span 2-cells,32,133,10,0.9964642776946965,0.0010745412027504844,0.9969279924747083,1.771236265228623e-14,,,
a,cell_simple_coverage,Cycle-span 2-cells,32,134,10,0.9965072779681263,0.0010903243847737844,0.9969770118825819,1.7536901154455484e-14,,,
a,cell_simple_coverage,Cycle-span 2-cells,32,135,10,0.9965840368931653,0.0011402745739990346,0.997024996909232,8.813901409527828e-15,,,
a,cell_simple_coverage,Cycle-span 2-cells,32,136,10,0.9966043531857627,0.0011408901947302262,0.9970719754792071,8.666094947394677e-15,,,
a,cell_simple_coverage,Cycle-span 2-cells,32,137,10,0.996615656987659,0.0011352714677240869,0.997117974579553,4.954976202748409e-15,,,
a,cell_simple_coverage,Cycle-span 2-cells,32,138,10,0.9966474298362323,0.0011424989846004765,0.9971630203030308,1.587217744995212e-14,,,
a,cell_simple_coverage,Cycle-span 2-cells,32,139,10,0.9966558313106149,0.001142746252185648,0.9972071378616958,1.456421917278211e-14,,,
a,cell_simple_coverage,Cycle-span 2-cells,32,140,10,0.9966737799149771,0.0011420048989464432,0.9972503516564941,1.0617819178974458e-14,,,
a,cell_simple_coverage,Cycle-span 2-cells,32,141,10,0.9966937143223753,0.0011485992031393664,0.997292685267906,1.5473905304013364e-14,,,
a,cell_simple_coverage,Cycle-span 2-cells,32,142,10,0.9967031850753154,0.00114946840200003,0.9973341615144525,1.586985186597286e-14,,,
a,cell_simple_coverage,Cycle-span 2-cells,32,143,10,0.9967633701827092,0.0011550339381187378,0.9973748025096132,1.3298934403380708e-14,,,
a,cell_simple_coverage,Cycle-span 2-cells,32,144,10,0.996868846874728,0.0011962530793289167,0.9974146296225882,6.067142819307575e-15,,,
a,cell_simple_coverage,Cycle-span 2-cells,32,145,10,0.9969182628195042,0.001202677344428626,0.9974536635573248,5.296602958212037e-15,,,
a,cell_simple_coverage,Cycle-span 2-cells,32,146,10,0.9969630961418903,0.0011934577608796275,0.9974919243500322,1.4861035479999078e-14,,,
a,cell_simple_coverage,Cycle-span 2-cells,32,147,10,0.9970814041766021,0.0011745580851927962,0.9975294314419253,1.3122259006085509e-14,,,
a,cell_simple_coverage,Cycle-span 2-cells,32,148,10,0.99708713245459,0.0011753186390124279,0.9975662036206158,1.3948788747853738e-14,,,
a,cell_simple_coverage,Cycle-span 2-cells,32,149,10,0.9971204328439601,0.001185840271806186,0.9976022591390835,1.3702768985313369e-14,,,
a,cell_simple_coverage,Cycle-span 2-cells,32,150,10,0.9973659086500053,0.0008470106815720026,0.9976376156573915,1.3517539675079434e-14,,,
a,cell_simple_coverage,Cycle-span 2-cells,32,151,10,0.9973885926308377,0.0008431060014324683,0.9976722902970661,5.467402222460308e-15,,,
a,cell_simple_coverage,Cycle-span 2-cells,32,152,10,0.9974091380545547,0.000847783750766984,0.9977062996986312,1.858836301191219e-14,,,
a,cell_simple_coverage,Cycle-span 2-cells,32,153,10,0.9974438896076817,0.0008408756400313899,0.9977396599401587,1.7612677346059832e-14,,,
a,cell_simple_coverage,Cycle-span 2-cells,32,154,10,0.9974490068693509,0.0008413131923093843,0.9977723866856529,1.739569861095606e-14,,,
a,cell_simple_coverage,Cycle-span 2-cells,32,155,10,0.9974787175378486,0.0008313580228115129,0.9978044950816807,1.2239808135855978e-14,,,
a,cell_simple_coverage,Cycle-span 2-cells,32,156,10,0.9975061368951511,0.0008346178120623405,0.99783599983823,1.88828923275725e-14,,,
a,cell_simple_coverage,Cycle-span 2-cells,32,157,10,0.9975357711866091,0.0007898129629027419,0.9978669152471851,1.6682190299088977e-14,,,
a,cell_simple_coverage,Cycle-span 2-cells,32,158,10,0.997546234841067,0.0007876116030565736,0.9978972551806834,1.2068764883076563e-14,,,
a,cell_simple_coverage,Cycle-span 2-cells,32,159,10,0.9975918319338513,0.0007970285566289193,0.9979270331068395,1.5411723626395825e-14,,,
a,cell_simple_coverage,Cycle-span 2-cells,32,160,10,0.9976023719653492,0.0007957838262971971,0.9979562621174136,2.0040354229501837e-14,,,
a,cell_simple_coverage,Cycle-span 2-cells,32,161,10,0.9976216189793888,0.0008016125201033013,0.997984954902372,6.464384192934691e-15,,,
a,cell_simple_coverage,Cycle-span 2-cells,32,162,10,0.9976368943873568,0.0007959243304428203,0.998013123806785,1.0952706357604913e-14,,,
a,cell_simple_coverage,Cycle-span 2-cells,32,163,10,0.9976540028442809,0.0008046999441538565,0.9980407808322884,1.3544437780485338e-14,,,
a,cell_simple_coverage,Cycle-span 2-cells,32,164,10,0.9976563705325161,0.0008061523490245096,0.9980679376266284,7.058007546366096e-15,,,
a,cell_simple_coverage,Cycle-span 2-cells,32,165,10,0.9978085899729168,0.0005722538121617153,0.9980946055514721,1.8223525524750624e-14,,,
a,cell_simple_coverage,Cycle-span 2-cells,32,166,10,0.9979094076655052,0.0005157539667870615,0.998120795608742,1.519915189438148e-14,,,
a,cell_simple_coverage,Cycle-span 2-cells,32,167,10,0.9979247594505131,0.0005200796557716246,0.9981465185194429,1.2678646482812654e-14,,,
a,cell_simple_coverage,Cycle-span 2-cells,32,168,10,0.9979855555742254,0.00046802437033876426,0.998171784707987,2.0512406545241723e-14,,,
a,cell_simple_coverage,Cycle-span 2-cells,32,169,10,0.9979970121302015,0.00047466911867016993,0.9981966043118364,1.61993210967999e-14,,,
a,cell_simple_coverage,Cycle-span 2-cells,32,170,10,0.9980108363744125,0.0004713191861466615,0.998220987202334,1.7632339484278398e-14,,,
a,cell_simple_coverage,Cycle-span 2-cells,32,171,10,0.9980405470429101,0.0004796254114147934,0.9982449429827899,1.3912944747214523e-14,,,
a,cell_simple_coverage,Cycle-span 2-cells,32,172,10,0.9980517744677666,0.0004735581506498446,0.9982684809789859,1.4856394644542663e-14,,,
a,cell_simple_coverage,Cycle-span 2-cells,32,173,10,0.9980608633355075,0.0004771507390368806,0.9982916103089622,6.259619056008302e-15,,,
a,cell_simple_coverage,Cycle-span 2-cells,32,174,10,0.9980844638408181,0.0004962914513664874,0.9983143398022027,1.4020597450720297e-14,,,
a,cell_simple_coverage,Cycle-span 2-cells,32,175,10,0.9981587787005821,0.0004641738869655478,0.9983366781098617,1.700929068435749e-14,,,
a,cell_simple_coverage,Cycle-span 2-cells,32,176,10,0.9981816154354943,0.0004597805885605906,0.998358633590651,1.4372655487016152e-14,,,
a,cell_simple_coverage,Cycle-span 2-cells,32,177,10,0.9982306494950715,0.00042516097876496404,0.9983802144567514,1.518757774701315e-14,,,
a,cell_simple_coverage,Cycle-span 2-cells,32,178,10,0.998241342280649,0.0004131887578529366,0.9984014286758727,1.5371165967156833e-14,,,
a,cell_simple_coverage,Cycle-span 2-cells,32,179,10,0.9982553192789396,0.0004149320965871383,0.9984222839697073,5.893647389612458e-15,,,
a,cell_simple_coverage,Cycle-span 2-cells,32,180,10,0.9982903763402261,0.0004368157162969097,0.9984427879443449,1.4819044667979e-14,,,
a,cell_simple_coverage,Cycle-span 2-cells,32,181,10,0.9983012218798833,0.0004302099891526129,0.9984629479400553,1.652207249003201e-14,,,
a,cell_simple_coverage,Cycle-span 2-cells,32,182,10,0.9983141295996163,0.0004224301767310647,0.9984827711597701,1.3282158360972206e-14,,,
a,cell_simple_coverage,Cycle-span 2-cells,32,183,10,0.9983266554341501,0.00041611080023727377,0.9985022646026547,1.5555105490759002e-14,,,
a,cell_simple_coverage,Cycle-span 2-cells,32,184,10,0.9983308561713413,0.0004151690214585193,0.9985214350794616,7.869533198060683e-15,,,
a,cell_simple_coverage,Cycle-span 2-cells,32,185,10,0.998377217034524,0.0003791241252691645,0.9985402892577723,8.83826322386003e-15,,,
a,cell_simple_coverage,Cycle-span 2-cells,32,186,10,0.9983817232798746,0.00037725907752531794,0.99855883363193,1.3852866830246568e-14,,,
a,cell_simple_coverage,Cycle-span 2-cells,32,187,10,0.9983836327058706,0.0003780342091942711,0.9985770745319714,1.7483030250059824e-14,,,
a,cell_simple_coverage,Cycle-span 2-cells,32,188,10,0.9983902011312967,0.00037319961946963374,0.9985950181419512,1.4334068981301425e-14,,,
a,cell_simple_coverage,Cycle-span 2-cells,32,189,10,0.9983951656388863,0.00037692699827264844,0.9986126704684148,1.527151577619548e-14,,,
a,cell_simple_coverage,Cycle-span 2-cells,32,190,10,0.998420064553874,0.00034954162725236683,0.9986300373949393,1.7058335815894656e-14,,,
a,cell_simple_coverage,Cycle-span 2-cells,32,191,10,0.9984542814677223,0.0003410707436645525,0.9986471246720608,1.4536358086009378e-14,,,
a,cell_simple_coverage,Cycle-span 2-cells,32,192,10,0.9984575656804354,0.00034079383254238794,0.9986639378740149,1.386976721268381e-14,,,
a,cell_simple_coverage,Cycle-span 2-cells,32,193,10,0.9984677238267341,0.00033536291478247364,0.9986804824730198,1.6737329624100973e-14,,,
a,cell_simple_coverage,Cycle-span 2-cells,32,194,10,0.9984758961699969,0.0003315528482176057,0.9986967638080415,1.527642496946162e-14,,,
a,cell_simple_coverage,Cycle-span 2-cells,32,195,10,0.9984878109882119,0.00034463068945763813,0.9987127870744563,1.2856256922839833e-14,,,
a,cell_simple_coverage,Cycle-span 2-cells,32,196,10,0.9984936156432397,0.00034140015663531827,0.9987285573568585,1.2991538692259431e-14,,,
a,cell_simple_coverage,Cycle-span 2-cells,32,197,10,0.998499725806427,0.00034651897202311394,0.9987440796314374,1.7580537301247013e-14,,,
a,cell_simple_coverage,Cycle-span 2-cells,32,198,10,0.9985193547056659,0.0003592065946910407,0.9987593587216205,1.0064797504757175e-14,,,
a,cell_simple_coverage,Cycle-span 2-cells,32,199,10,0.9985238609510164,0.00035648074586411093,0.9987743993674109,1.6324113022262028e-14,,,
a,cell_simple_coverage,Cycle-span 2-cells,32,200,10,0.9985349356217931,0.000354455264444815,0.9987892061939407,1.4689685994002866e-14,,,
b,cell_simple_coverage,Cycle-span 2-cells,32,,10,,,,,1.0,0.0,
c,cell_simple_coverage,Cycle-span 2-cells,,,,,,,,,,1309294
